dd,dt,mp,sp,n,pf,avg_ret,win_rate,avg_cost,sum_ret
15,-0.2,20,0.08,10853,1.6517496167666725,0.022899717497466138,0.5673085782732885,0.0036334096563162277,248.5306339999987
10,-0.2,20,0.08,7142,1.6472279772403964,0.024456003920470457,0.5390646877625315,0.003633003920470456,174.6647799999996
5,-0.15,20,0.08,8043,1.635812633980769,0.023175605371130174,0.5376103443988561,0.0036295275394753225,186.40139399999995
10,-0.2,20,0.05,7583,1.6317739205018098,0.020802485032309113,0.4388764341289727,0.0036282334168534873,157.74524399999962
10,-0.2,20,0.03,8022,1.6103493053712217,0.016837495761655448,0.3381949638494141,0.003622942907005735,135.07039099999912
5,-0.2,20,0.08,3059,1.6010724039260327,0.024577818568159528,0.497548218372017,0.0036376090225563908,75.18354700000026
5,-0.15,20,0.05,8150,1.5900565173752437,0.019094237300613496,0.44171779141104295,0.0036237906748466248,155.6180339999992
15,-0.2,20,0.05,11897,1.5602323768053743,0.017655732537614526,0.45448432377910397,0.0036263486593258766,210.0502499999992
5,-0.15,20,0.03,8257,1.540896573856271,0.01510703391062129,0.3486738524887974,0.00361798401356425,124.73877899999974
15,-0.2,20,0.03,12916,1.5407832357260736,0.014234349411582534,0.3523536698668318,0.003622039873025706,183.85085699999837
5,-0.2,20,0.05,3119,1.5160119343366156,0.01854516864379609,0.393395319012504,0.0036286716896441126,57.84238099999996
20,-0.2,20,0.08,14071,1.5134050777766794,0.017201351147750694,0.5731646649136521,0.0036223416956861626,242.0402119999985
5,-0.2,20,0.03,3197,1.4540681699919233,0.013877989990616202,0.29871754770096964,0.0036223109164842063,44.36793400000012
10,-0.15,20,0.08,17470,1.4506424320743776,0.016213461648540355,0.550429307384087,0.0036213680595306233,283.2491749999989
15,-0.2,10,0.08,11754,1.430182147582376,0.01079227071635188,0.6123021949974476,0.0036153557086949124,126.85234999999992
20,-0.2,20,0.05,15952,1.4243198845637972,0.012785574974924774,0.46552156469408223,0.003616313440320963,203.9554919999985
10,-0.15,20,0.05,18704,1.4214429178939236,0.013377303517964071,0.44733746792130025,0.003617301165526089,250.2090849999987
10,-0.15,20,0.03,19836,1.407113889195974,0.010807139645089735,0.3448275862068966,0.0036138042952208113,214.37042199999948
15,-0.15,20,0.08,24218,1.3868689957041211,0.01338036055826245,0.561400611115699,0.003616446114460317,324.04557200000215
20,-0.2,20,0.03,17747,1.3728064234819113,0.00948563548768806,0.35893390432185723,0.003612193610187638,168.34157299999836
10,-0.2,10,0.08,7144,1.3695721808607328,0.010569088185890257,0.5982642777155656,0.0036121034434490485,75.50556599999999
15,-0.15,20,0.05,27091,1.3409518052819989,0.01046233811967074,0.45926691521169394,0.0036129340740467288,283.43520200000165
20,-0.2,10,0.08,16603,1.3331197273908721,0.007823046919231464,0.6078419562729627,0.003608955309281455,129.88604799999985
10,-0.2,10,0.05,7587,1.3286290758118573,0.008653856201397126,0.5297218927112165,0.00360999077369184,65.65680699999983
15,-0.15,20,0.03,29794,1.3198457726236013,0.008182847183996778,0.3533261730549775,0.003609673222796537,243.79974899999846
15,-0.2,10,0.05,12709,1.3144562635517794,0.007626494374065622,0.5397749626249114,0.0036112555669210794,96.92511699999957
20,-0.15,20,0.08,29121,1.3019642176232218,0.009845461522612547,0.5687991483808935,0.00360916455478864,286.70968500000043
5,-0.15,10,0.08,8046,1.2890183469628869,0.009368211782252051,0.5651255282127765,0.00360877268207805,75.37663199999996
10,-0.2,10,0.03,8023,1.2866229383592238,0.006760494079521376,0.43736756824130624,0.003607784494578088,54.239444000000034
5,-0.1,20,0.08,24340,1.2843481087972841,0.010182905382087099,0.5312243221035333,0.0036119853738701725,247.85191699999947
15,-0.2,10,0.03,13615,1.28273769116155,0.006141747410943812,0.4567756151303709,0.0036097195739992647,83.61989099999953
15,-0.15,10,0.08,26865,1.2686683647995711,0.006453980011166946,0.6092313418946584,0.0036053984738507357,173.38617299999913
10,-0.15,10,0.08,17501,1.259778425096636,0.006981759442317582,0.6001942746128792,0.0036076380778241246,122.18777200000007
5,-0.1,20,0.05,24805,1.2505647534323143,0.00796912279782302,0.4343075992743399,0.0036087406974400302,197.67409100000015
5,-0.15,10,0.05,8153,1.2461051076829257,0.007351916717772599,0.4839936219796394,0.003606145222617441,59.94017700000006
5,-0.2,10,0.08,3059,1.2386348096171487,0.008589219679633867,0.5246812683883623,0.003613570447858778,26.274423000000073
20,-0.2,10,0.05,18216,1.2386286539474987,0.005403406016688626,0.5439723320158103,0.0036058983860342547,98.42844399999973
20,-0.15,20,0.05,33719,1.2356314997510058,0.00691000008897061,0.47020967407099856,0.003605540526112873,232.99829299999757
10,-0.15,10,0.05,18731,1.2313354621240922,0.005768061662484651,0.5362233730179916,0.003606037050878222,108.04156299999957
5,-0.1,20,0.03,25081,1.2276438607849252,0.006146902954427654,0.337107770822535,0.0036060600853235533,154.17047299999908
15,-0.15,10,0.05,29439,1.206235330057257,0.004721440062502123,0.5478786643568055,0.0036036405108869187,138.9944739999996
5,-0.15,10,0.03,8259,1.204362471437502,0.005452066836178714,0.3864874682164911,0.0036034751180530336,45.02862000000006
20,-0.2,10,0.03,19678,1.1980122451432285,0.004052890131110885,0.4618355523935359,0.0036045925907104382,79.75277200000016
20,-0.15,20,0.03,38437,1.1904852487083502,0.004683038062283737,0.3623071519629524,0.0036021892447381442,180.00193399999787
10,-0.15,10,0.03,19855,1.1878106216398254,0.004208696499622262,0.44492571140770587,0.0036040070007554766,83.5636690000004
10,-0.1,20,0.08,42863,1.1829356927318864,0.006370986585166694,0.5486316870027763,0.003605614655997013,273.07959799999713
20,-0.15,10,0.08,35835,1.1792819881172407,0.004036527863820288,0.6002790567880564,0.0036004829635830887,144.64897599999972
15,-0.15,10,0.03,31788,1.1789011308239588,0.003676304863470492,0.464672203347175,0.0036023937964011583,116.86237899999888
10,-0.1,20,0.05,47043,1.1710051050661925,0.005236206491932912,0.45190570329273216,0.0036040831154475683,246.32686199999904
5,-0.2,10,0.05,3119,1.16736743941115,0.005535177941647964,0.4389227316447579,0.003609127605001602,17.264220000000044
10,-0.1,20,0.03,50741,1.1566392366949099,0.003987779409156304,0.3456376500266057,0.0036022111704538742,202.34391500000024
5,-0.08,20,0.08,39856,1.1557914621931653,0.005464090124448013,0.5328181453231634,0.0036056336310718575,217.77677599999802
20,-0.1,20,0.08,57501,1.1448330299313891,0.004466867463174554,0.5668249247839168,0.0035991326759534613,256.84934599999644
15,-0.1,20,0.08,51796,1.1433120470104243,0.004824538458568229,0.5551200864931655,0.0036008898177465444,249.89179399999585
5,-0.08,20,0.05,40905,1.1425836654506794,0.0044093401540154014,0.43965285417430633,0.003604099132135435,180.36405900000062
5,-0.1,10,0.08,24404,1.135579222363079,0.004114097074250123,0.5681855433535486,0.0036028207261104735,100.40042499999943
5,-0.2,10,0.03,3197,1.1319804953536077,0.0038229424460431657,0.34282139505786674,0.003607212073819206,12.221947000000004
15,-0.1,20,0.05,59709,1.124272899149904,0.0036931228792979284,0.46338072987321843,0.003599880503776649,220.5126739999978
20,-0.15,10,0.05,39735,1.1203294100121135,0.002597228211903863,0.5458411979363281,0.0035989407575185597,103.200862999999
5,-0.08,20,0.03,41477,1.119127363264821,0.0031234445596354608,0.34014031873086287,0.003602271258769921,129.55110999999718
10,-0.1,10,0.08,43236,1.1088799794942392,0.002766382297159774,0.5947589971320196,0.0036002082292533994,119.60730499999944
15,-0.1,20,0.03,67781,1.105435945877523,0.002599658709667901,0.35669287853528275,0.003598298210412948,176.20746699999683
5,-0.1,10,0.05,24840,1.10385352761903,0.0029297047906602256,0.49041867954911433,0.0036011647745571645,72.77386699999924
20,-0.1,20,0.05,68127,1.1030947204844432,0.002862755794325304,0.48086661675987497,0.0035970642916905177,195.03096399999797
10,-0.08,20,0.08,61758,1.0961955640392402,0.0032528369280093268,0.5492891609184235,0.0035994840182648393,200.88870299999397
10,-0.08,20,0.05,68728,1.0921964183473132,0.0027475611395646605,0.4579210802002095,0.0035990863694564065,188.83438199999594
10,-0.1,10,0.05,47305,1.088182836979587,0.0020867019976746645,0.5381249339393299,0.0035993556706479224,98.7114379999999
20,-0.15,10,0.03,43475,1.0857603693744304,0.001671351282346176,0.46516388729154684,0.0035976747556066713,72.66199699999852
20,-0.08,20,0.08,73887,1.0848660506459005,0.0025492591795579734,0.563820428492157,0.003595138062176025,188.35711299999846
15,-0.08,20,0.08,68435,1.077412304558224,0.002536408913567619,0.5562066194198875,0.003596002849419156,173.5791439999972
10,-0.08,20,0.03,75083,1.0760454650721307,0.0018869267077767271,0.35073185674520196,0.003597845490989972,141.67611799999617
15,-0.1,10,0.08,60595,1.0734098717593041,0.001705307088043568,0.5913194157933823,0.0035956545424539977,103.33308299999844
5,-0.1,10,0.03,25096,1.0712434792518093,0.0017917983742429073,0.3895839974497928,0.0035995134284348106,44.96697199999999
20,-0.1,20,0.03,79670,1.068413459628806,0.001591585352077319,0.37714321576503074,0.003595249491653069,126.8016049999962
15,-0.08,20,0.05,80138,1.0647264731912318,0.0018719443085677206,0.47016396715665476,0.0035957055204771764,150.01387299999791
10,-0.1,10,0.03,50939,1.0640671755213995,0.0013482464712695577,0.4511474508726123,0.0035982476687803065,68.67832699999877
5,-0.08,10,0.08,40086,1.055468211457486,0.0016335351743750936,0.5686274509803921,0.0035999027091752726,65.4818909999998
20,-0.08,20,0.05,88147,1.0542499847127917,0.0014662059741114275,0.48470169149262027,0.003593716836647871,129.24165799999815
20,-0.1,10,0.08,75198,1.0537289797669498,0.0011440133248224688,0.5842309635894571,0.0035939888560865977,86.02751399999804
15,-0.1,10,0.05,67509,1.0490385599270395,0.0010724193514938748,0.5429202032321616,0.003595178420655023,72.39795799999882
5,-0.08,10,0.05,41015,1.045813538319339,0.0012436803852249178,0.498695599171035,0.0035993171034987195,51.00955099999963
15,-0.08,20,0.03,92464,1.0457683840987195,0.0010985679724000693,0.36479062121474304,0.003594657953365635,101.5779889999963
15,-0.1,10,0.03,74237,1.032489517796963,0.0006350649271926398,0.4644314829532443,0.0035946203375675206,47.1453149999989
10,-0.08,10,0.08,62874,1.032316522766327,0.0008031902376180933,0.5873333969526354,0.0035957994401501414,50.499782999999624
20,-0.08,20,0.03,104374,1.0247385773671571,0.000560081859466917,0.3851150669707015,0.003592126257497078,58.45798399999696
10,-0.08,10,0.05,69425,1.0204631176694305,0.00047332296723082465,0.5356139719121354,0.003595672596326971,32.86044700000043
5,-0.08,10,0.03,41534,1.01961739103485,0.0004741236818028604,0.39832426445803437,0.0035982700919728414,19.692253000000015
20,-0.1,10,0.05,84098,1.0174643056785166,0.00035685163737544294,0.5407262955123784,0.003592989678708173,30.01050900000011
15,-0.08,10,0.08,82766,1.00336818704242,7.655566295338665e-05,0.5805765652562647,0.0035919527100500203,6.336206000000449
10,-0.08,10,0.03,75603,1.0020667620402504,4.237620200256608e-05,0.4513577503538219,0.003595073158472548,3.203768000000247
20,-0.08,10,0.08,99055,0.9973198697770577,-5.5932249760234215e-05,0.5743980616829034,0.0035907291504719595,-5.540369000000087
15,-0.08,10,0.05,92768,0.9909084613090944,-0.00019382953173508106,0.5376315108658158,0.0035920499633494297,-17.981177999999677
20,-0.1,10,0.03,93042,0.9902332614813358,-0.00018051174738290232,0.466359278605361,0.0035922368607725547,-16.795174000000127
15,-0.08,10,0.03,102815,0.9743995642667006,-0.0004881508826533093,0.46346350240723627,0.0035916224772649906,-50.189233
20,-0.08,10,0.05,110994,0.970604298496131,-0.0005876652882137773,0.535037929978197,0.003590016820729048,-65.22732099999983
20,-0.08,10,0.03,123653,0.94999625215065,-0.0009031327828681876,0.4659733285888737,0.003589437579355131,-111.6750780000011
