ma_s,win,ma_f,tp,sl,td,n,pf,avg_ret,win_rate,avg_cost,sum_ret
50,6,5,4.0,2.0,10,1088,0.9501902802115688,-0.0014990597288053614,0.4430147058823529,0.003598704906065884,-1.6309769849402345
50,5,5,4.0,2.0,10,941,0.9378870554972509,-0.0018909744677769321,0.44208289054197664,0.0035993431795409763,-1.7794069741780938
50,3,5,4.0,2.0,10,663,0.9228548015929988,-0.0023423860692310394,0.4343891402714932,0.003597889763518947,-1.5530019639001795
50,4,5,4.0,2.0,10,801,0.921672296039566,-0.0023992284189756066,0.4369538077403246,0.0035993157579313866,-1.9217819635994622
50,7,5,4.0,2.0,10,1212,0.9076616015078506,-0.002853134459294262,0.4405940594059406,0.003593722680669458,-3.4579989646646467
50,8,5,4.0,2.0,10,1315,0.9064249493434025,-0.002891949036151018,0.44258555133079847,0.0035948143858655908,-3.80291298253859
50,10,5,4.0,2.0,10,1553,0.9017434170866855,-0.0030369246494039966,0.43979394719896975,0.0035934120441744456,-4.716343980524405
50,9,5,4.0,2.0,10,1447,0.8923221891511699,-0.0033317705420286173,0.4395300621976503,0.0035939653689163525,-4.821071974315409
70,4,5,4.0,2.0,10,644,0.8874088822285439,-0.0033958603568169446,0.4363354037267081,0.0035874969996324666,-2.1869340697901127
40,10,5,4.0,2.0,10,1778,0.8673175973497399,-0.004089605146787993,0.44263217097862767,0.003600497729530418,-7.271317950989061
70,5,5,4.0,2.0,10,764,0.861586728767739,-0.004310706864505498,0.4306282722513089,0.0035874882408787837,-3.2933800444822015
30,10,5,4.0,2.0,10,2163,0.8573669278560961,-0.0044608645664396705,0.44521497919556174,0.0035947628324427714,-9.648850057209003
70,6,5,4.0,2.0,10,877,0.8544301447683457,-0.0045892976660895125,0.42873432155074115,0.0035895062962033293,-4.0248140531605054
30,9,5,4.0,2.0,10,2026,0.8531218393429892,-0.004605812469758095,0.44471865745310957,0.0035942393931710057,-9.331376063729898
40,7,5,4.0,2.0,10,1396,0.8529555969274499,-0.004503184812677956,0.43982808022922637,0.003596858140412504,-6.2864459984984284
40,8,5,4.0,2.0,10,1532,0.8524763781438441,-0.004544103778527334,0.4406005221932115,0.003597779352992868,-6.961566988703876
90,10,5,4.0,2.0,10,1094,0.8499672685624885,-0.004823963465607923,0.4369287020109689,0.0035826609334568575,-5.277416031375064
80,7,5,4.0,2.0,10,952,0.8488502987898829,-0.004930621857608052,0.4180672268907563,0.003588059883156241,-4.693952008442863
40,9,5,4.0,2.0,10,1672,0.8482268827515187,-0.004716641728254787,0.43720095693779903,0.0035996925715200386,-7.886224969642015
20,5,5,4.0,2.0,10,1828,0.8476322675653043,-0.004948255468959407,0.43982494529540483,0.0035940399135542954,-9.045410997257802
80,8,5,4.0,2.0,10,1030,0.8461709804607672,-0.004982329137048409,0.4203883495145631,0.0035884912832755537,-5.131799011159859
70,7,5,4.0,2.0,10,985,0.8458892800105193,-0.0048659097069551635,0.42538071065989846,0.003587745208939175,-4.792921061350835
40,6,5,4.0,2.0,10,1243,0.8447392616942693,-0.004736613040654994,0.4360418342719228,0.0035971576616185864,-5.887610009534158
80,5,5,4.0,2.0,10,751,0.8416602069515745,-0.005106404773715296,0.41011984021304926,0.003587628484554527,-3.834909985060185
20,6,5,4.0,2.0,10,2128,0.8413099283525635,-0.005144348671126599,0.43890977443609025,0.0035968829706140657,-10.947173972157382
80,6,5,4.0,2.0,10,865,0.8391888632123314,-0.005295202313881477,0.4115606936416185,0.0035869780319260957,-4.580350001507475
30,8,5,4.0,2.0,10,1853,0.8386361083687486,-0.005123767973505408,0.4452239611440907,0.003593875350059358,-9.494342054905516
20,4,5,4.0,2.0,10,1519,0.8343328536173458,-0.005450998031003373,0.4298880842659645,0.0035910697886719347,-8.280066009094122
20,7,5,4.0,2.0,10,2390,0.8341998343505799,-0.005386193266890617,0.43640167364016735,0.0035965530889085335,-12.873001907868556
40,5,5,4.0,2.0,10,1097,0.8319683407933584,-0.005106494988794747,0.4357338195077484,0.003594899672144408,-5.6018250027078365
30,5,5,4.0,2.0,10,1326,0.8307013838103335,-0.005425381631932925,0.4479638009049774,0.003592394431432729,-7.194056043943065
30,7,5,4.0,2.0,10,1692,0.8302849242178909,-0.005429423199751403,0.44148936170212766,0.003594015976504889,-9.186584053979372
20,3,5,4.0,2.0,10,1225,0.8283017252789409,-0.005711970601689098,0.42448979591836733,0.0035891672967078006,-6.997163987069143
30,4,5,4.0,2.0,10,1094,0.8240431527710653,-0.005620348317984216,0.45429616087751373,0.003588343746459977,-6.148661059874737
30,3,5,4.0,2.0,10,905,0.8237529272909907,-0.005629695104538217,0.4530386740331492,0.0035898685657885523,-5.094874069607086
40,4,5,4.0,2.0,10,946,0.8205703517105875,-0.005605700861462286,0.43023255813953487,0.003594341404514159,-5.302993014943319
80,4,5,4.0,2.0,10,628,0.8202824194502351,-0.0056908773855704154,0.40605095541401276,0.0035869203908670912,-3.5738709981382217
70,8,5,4.0,2.0,10,1078,0.8188460492614908,-0.005814171671633464,0.42207792207792205,0.0035859304512696785,-6.267677062020877
80,10,5,4.0,2.0,10,1181,0.8183521629332307,-0.006062625769055167,0.41490262489415747,0.003587673197870601,-7.159961033254143
20,8,5,4.0,2.0,10,2644,0.8173335131951465,-0.006026955337700345,0.4345688350983359,0.003595495417870165,-15.935269912879702
80,9,5,4.0,2.0,10,1114,0.8162292445425166,-0.0061013438249926735,0.41831238779174146,0.0035875386263646493,-6.79689702104183
30,6,5,4.0,2.0,10,1498,0.8153450130846496,-0.005914030076804801,0.4379172229639519,0.0035929486278270177,-8.859217055053593
70,9,5,4.0,2.0,10,1170,0.8098232960804004,-0.006162093204396943,0.4188034188034188,0.0035881273563576886,-7.209649049144424
20,9,5,4.0,2.0,10,2899,0.8083229372336073,-0.006354301447574491,0.42980338047602623,0.003595135519162608,-18.421119896518448
70,3,5,4.0,2.0,10,497,0.8056970329802546,-0.006025161038211587,0.42857142857142855,0.00357753930764479,-2.9945050359911605
20,10,5,4.0,2.0,10,3128,0.8037906665801482,-0.006552150876658126,0.42838874680306904,0.0035964916592946014,-20.495127942186613
90,9,5,4.0,2.0,10,1014,0.8035547913622291,-0.006428604548738404,0.4289940828402367,0.0035814526943896766,-6.518605012420741
70,10,5,4.0,2.0,10,1258,0.8028884307136163,-0.00644849683838347,0.41971383147853736,0.0035859117446766014,-8.112209022686407
60,10,5,4.0,2.0,10,1450,0.7991769899748795,-0.006389840683972432,0.40827586206896554,0.003596562745867235,-9.265268991760024
40,3,5,4.0,2.0,10,762,0.7990398818442629,-0.006360486903629151,0.4330708661417323,0.003592772925075112,-4.846691020565412
60,9,5,4.0,2.0,10,1334,0.7950808184604106,-0.006579146914673297,0.4062968515742129,0.0035955464621945793,-8.776581984174175
90,8,5,4.0,2.0,10,939,0.7936567223987749,-0.006749413234816268,0.42705005324813633,0.003579332297249622,-6.337699027492474
90,4,5,4.0,2.0,10,557,0.7933974867850012,-0.006669425486810353,0.4326750448833034,0.0035750663695753343,-3.714869996153362
90,6,5,4.0,2.0,10,788,0.7868571658946534,-0.0070371002762057355,0.4276649746192893,0.003578536809912173,-5.545235017650116
90,5,5,4.0,2.0,10,675,0.7827466101638373,-0.007124164464534115,0.42962962962962964,0.0035755155614445684,-4.808811013560525
90,7,5,4.0,2.0,10,861,0.7799839320245363,-0.007212135905361088,0.42392566782810687,0.0035782857245125676,-6.209649014515895
60,8,5,4.0,2.0,10,1231,0.7659764761324092,-0.00764914214030696,0.39967506092607635,0.0035945068826077897,-9.416093974717858
80,3,5,4.0,2.0,10,490,0.7616386565904686,-0.007654140765913849,0.38979591836734695,0.0035806080804710785,-3.750528975297785
90,3,5,4.0,2.0,10,431,0.7574497311687253,-0.007810111333830565,0.42691415313225056,0.0035750069031241323,-3.366157984880973
60,7,5,4.0,2.0,10,1099,0.7561088215944953,-0.008003811639579672,0.4012738853503185,0.0035904194638732272,-8.796188991898054
60,6,5,4.0,2.0,10,996,0.7346944953402509,-0.008969614446879349,0.39759036144578314,0.0035885070190921258,-8.93373598909183
60,5,5,4.0,2.0,10,872,0.7193407199215143,-0.009662930035106815,0.38646788990825687,0.003589067669472463,-8.426074990613138
60,4,5,4.0,2.0,10,713,0.7015987870313541,-0.010304509130420076,0.37868162692847124,0.003591047738734171,-7.347115009989507
60,3,5,4.0,2.0,10,565,0.613229096052711,-0.014082405287198117,0.3486725663716814,0.0035871522053421354,-7.9565589872669324
