date,nav,n_open
2016-08-29,1000000.0,0.0
2016-08-30,1000000.0,0.0
2016-08-31,1000000.0,0.0
2016-09-01,1000000.0,0.0
2016-09-02,1000000.0,0.0
2016-09-05,1000000.0,0.0
2016-09-06,1000000.0,0.0
2016-09-07,1000000.0,0.0
2016-09-08,1000000.0,0.0
2016-09-09,1000000.0,0.0
2016-09-12,1000000.0,0.0
2016-09-13,1000000.0,0.0
2016-09-14,1000000.0,0.0
2016-09-19,1000000.0,0.0
2016-09-20,1000000.0,0.0
2016-09-21,1000000.0,0.0
2016-09-22,1000000.0,0.0
2016-09-23,1000000.0,0.0
2016-09-26,1000000.0,0.0
2016-09-27,1000000.0,0.0
2016-09-28,1000000.0,0.0
2016-09-29,1000000.0,0.0
2016-09-30,1000000.0,0.0
2016-10-10,1000000.0,0.0
2016-10-11,1000000.0,0.0
2016-10-12,1000000.0,0.0
2016-10-13,1000000.0,0.0
2016-10-14,1000000.0,0.0
2016-10-17,1000000.0,0.0
2016-10-18,1000000.0,0.0
2016-10-19,1000000.0,0.0
2016-10-20,1000000.0,0.0
2016-10-21,1000000.0,0.0
2016-10-24,1000000.0,0.0
2016-10-25,1000000.0,0.0
2016-10-26,1000000.0,0.0
2016-10-27,1000000.0,0.0
2016-10-28,1000000.0,0.0
2016-10-31,1000000.0,0.0
2016-11-01,1000000.0,0.0
2016-11-02,1000000.0,0.0
2016-11-03,1000000.0,0.0
2016-11-04,1000000.0,0.0
2016-11-07,1000000.0,0.0
2016-11-08,1000000.0,0.0
2016-11-09,1000000.0,0.0
2016-11-10,1000000.0,0.0
2016-11-11,1000000.0,0.0
2016-11-14,1000000.0,0.0
2016-11-15,1000000.0,0.0
2016-11-16,1000000.0,0.0
2016-11-17,1000000.0,0.0
2016-11-18,1000000.0,0.0
2016-11-21,1000000.0,0.0
2016-11-22,1000000.0,0.0
2016-11-23,1000000.0,0.0
2016-11-24,1000000.0,0.0
2016-11-25,1000000.0,0.0
2016-11-28,1000000.0,0.0
2016-11-29,1000000.0,0.0
2016-11-30,1000000.0,0.0
2016-12-01,1000000.0,0.0
2016-12-02,1000000.0,0.0
2016-12-05,1000000.0,0.0
2016-12-06,1000000.0,0.0
2016-12-07,1000000.0,0.0
2016-12-08,1000000.0,0.0
2016-12-09,1000000.0,0.0
2016-12-12,1000000.0,0.0
2016-12-13,1000000.0,0.0
2016-12-14,994644.7526330003,56.0
2016-12-15,1010774.9168130001,56.0
2016-12-16,1028687.0319440003,56.0
2016-12-19,1019135.5874279999,56.0
2016-12-20,1022790.8019505001,55.0
2016-12-21,1044380.8568985001,55.0
2016-12-22,1046465.1784925,52.0
2016-12-23,1019318.2092665001,49.0
2016-12-26,1025398.9693655,47.0
2016-12-27,1026710.4178905,46.0
2016-12-28,1021390.3945055,42.0
2016-12-29,1015665.0126935,41.0
2016-12-30,1011420.8593005002,38.0
2017-01-03,1020825.7411275001,36.0
2017-01-04,1032754.2838175001,35.0
2017-01-05,1027811.6184545002,24.0
2017-01-06,1015589.3110235002,16.0
2017-01-09,1015030.7018595001,13.0
2017-01-10,1014656.1842885001,12.0
2017-01-11,1008658.5322885,7.0
2017-01-12,1007438.6593515001,2.0
2017-01-13,1006569.0571855,1.0
2017-01-16,1006430.0546975001,0.0
2017-01-17,1006430.0546975001,0.0
2017-01-18,995307.4026564999,50.0
2017-01-19,1001069.2705374998,49.0
2017-01-20,1027376.8740395,49.0
2017-01-23,1040067.1358155,47.0
2017-01-24,1027864.0567894999,47.0
2017-01-25,1038402.8947955001,46.0
2017-01-26,1044136.4604035,45.0
2017-02-03,1043434.5343874999,44.0
2017-02-06,1068052.9052555002,44.0
2017-02-07,1067322.3527155,37.0
2017-02-08,1077699.887666,35.0
2017-02-09,1085863.249263,23.0
2017-02-10,1082555.3120585,7.0
2017-02-13,1083893.2241725,5.0
2017-02-14,1083410.2713135001,2.0
2017-02-15,1082762.7644895,2.0
2017-02-16,1083070.6830615,2.0
2017-02-17,1082877.9423855,1.0
2017-02-20,1082910.4099935,1.0
2017-02-21,1083787.0354095001,1.0
2017-02-22,1083770.1208375,0.0
2017-02-23,1083770.1208375,0.0
2017-02-24,1083770.1208375,0.0
2017-02-27,1083770.1208375,0.0
2017-02-28,1083770.1208375,0.0
2017-03-01,1083770.1208375,0.0
2017-03-02,1083770.1208375,0.0
2017-03-03,1083770.1208375,0.0
2017-03-06,1083770.1208375,0.0
2017-03-07,1083770.1208375,0.0
2017-03-08,1083770.1208375,0.0
2017-03-09,1083770.1208375,0.0
2017-03-10,1083770.1208375,0.0
2017-03-13,1083770.1208375,0.0
2017-03-14,1083770.1208375,0.0
2017-03-15,1083770.1208375,0.0
2017-03-16,1083770.1208375,0.0
2017-03-17,1083770.1208375,0.0
2017-03-20,1083770.1208375,0.0
2017-03-21,1083770.1208375,0.0
2017-03-22,1083770.1208375,0.0
2017-03-23,1083770.1208375,0.0
2017-03-24,1083770.1208375,0.0
2017-03-27,1083770.1208375,0.0
2017-03-28,1083770.1208375,0.0
2017-03-29,1083770.1208375,0.0
2017-03-30,1083770.1208375,0.0
2017-03-31,1083770.1208375,0.0
2017-04-05,1083770.1208375,0.0
2017-04-06,1083770.1208375,0.0
2017-04-07,1083770.1208375,0.0
2017-04-10,1083770.1208375,0.0
2017-04-11,1083770.1208375,0.0
2017-04-12,1083770.1208375,0.0
2017-04-13,1083770.1208375,0.0
2017-04-14,1075239.7787555002,23.0
2017-04-17,1050638.2747625003,5.0
2017-04-18,1049964.9188505004,5.0
2017-04-19,1058846.8442205002,25.0
2017-04-20,1052610.9319855,58.0
2017-04-21,1042143.4275995002,58.0
2017-04-24,1012424.2680385001,41.0
2017-04-25,1019678.7092275,41.0
2017-04-26,1027835.8043165003,57.0
2017-04-27,1045848.8704005,57.0
2017-04-28,1057394.9167925,52.0
2017-05-02,1058417.9022225002,57.0
2017-05-03,1060581.9828415,54.0
2017-05-04,1053910.5188075001,52.0
2017-05-05,1043418.7715035002,52.0
2017-05-08,1011904.1580025002,48.0
2017-05-09,1018013.1630305004,39.0
2017-05-10,999535.4780845001,56.0
2017-05-11,988655.6709545001,31.0
2017-05-12,989119.0398995001,30.0
2017-05-15,987666.5554520001,28.0
2017-05-16,997435.348772,25.0
2017-05-17,998566.8336614999,19.0
2017-05-18,996196.8914374999,17.0
2017-05-19,995199.5984005,14.0
2017-05-22,988430.5829515001,11.0
2017-05-23,981368.6005855,7.0
2017-05-24,980101.0408385001,3.0
2017-05-25,994522.5185555001,54.0
2017-05-26,1001200.6011125003,54.0
2017-05-31,999453.3626525003,54.0
2017-06-01,958097.6082635,49.0
2017-06-02,975800.6274215,42.0
2017-06-05,991656.2512765,53.0
2017-06-06,997764.8732215003,52.0
2017-06-07,1023651.0984345002,48.0
2017-06-08,1021737.2597635,37.0
2017-06-09,1023542.7324645,33.0
2017-06-12,1006934.7639094999,26.0
2017-06-13,1018077.3134854999,26.0
2017-06-14,1023421.1660845,25.0
2017-06-15,1032105.0416794999,18.0
2017-06-16,1031701.9874435,9.0
2017-06-19,1031675.8668945,7.0
2017-06-20,1031519.527438,5.0
2017-06-21,1030678.8173099998,3.0
2017-06-22,1029920.2148839999,3.0
2017-06-23,1029469.7740479999,3.0
2017-06-26,1030034.1719579999,3.0
2017-06-27,1029908.8699959998,3.0
2017-06-28,1029140.3931839999,3.0
2017-06-29,1029450.3878749999,3.0
2017-06-30,1030384.0709619999,3.0
2017-07-03,1030634.848515,2.0
2017-07-04,1030406.758019,2.0
2017-07-05,1031150.7539969999,2.0
2017-07-06,1030868.134237,1.0
2017-07-07,1031204.5059809999,1.0
2017-07-10,1031214.859405,0.0
2017-07-11,1031214.859405,0.0
2017-07-12,1031214.859405,0.0
2017-07-13,1031214.859405,0.0
2017-07-14,1031214.859405,0.0
2017-07-17,1031214.859405,0.0
2017-07-18,1031214.859405,0.0
2017-07-19,1040316.7498860001,42.0
2017-07-20,1041997.4585439998,42.0
2017-07-21,1034468.894293,42.0
2017-07-24,1040901.8534339999,41.0
2017-07-25,1042965.8697609999,41.0
2017-07-26,1037459.6819119998,40.0
2017-07-27,1051415.283755,39.0
2017-07-28,1045583.7608689999,39.0
2017-07-31,1045215.3036540002,39.0
2017-08-01,1056878.2106680002,39.0
2017-08-02,1052092.92796,36.0
2017-08-03,1060501.561787,31.0
2017-08-04,1058299.6277275002,26.0
2017-08-07,1061366.7554705,25.0
2017-08-08,1063602.3163080001,22.0
2017-08-09,1064330.9828125,17.0
2017-08-10,1059060.9526185,13.0
2017-08-11,1054434.5587295,10.0
2017-08-14,1057757.5720334998,10.0
2017-08-15,1059161.0442355,7.0
2017-08-16,1061842.0868095001,5.0
2017-08-17,1061181.9135824998,2.0
2017-08-18,1060831.3821824999,2.0
2017-08-21,1061809.8097124998,2.0
2017-08-22,1062284.7320375,1.0
2017-08-23,1062291.3820375,0.0
2017-08-24,1062291.3820375,0.0
2017-08-25,1062291.3820375,0.0
2017-08-28,1062291.3820375,0.0
2017-08-29,1062291.3820375,0.0
2017-08-30,1062291.3820375,0.0
2017-08-31,1062291.3820375,0.0
2017-09-01,1062291.3820375,0.0
2017-09-04,1062291.3820375,0.0
2017-09-05,1062291.3820375,0.0
2017-09-06,1062291.3820375,0.0
2017-09-07,1062291.3820375,0.0
2017-09-08,1062291.3820375,0.0
2017-09-11,1062291.3820375,0.0
2017-09-12,1062291.3820375,0.0
2017-09-13,1062291.3820375,0.0
2017-09-14,1062291.3820375,0.0
2017-09-15,1062291.3820375,0.0
2017-09-18,1062291.3820375,0.0
2017-09-19,1062291.3820375,0.0
2017-09-20,1062291.3820375,0.0
2017-09-21,1062291.3820375,0.0
2017-09-22,1062291.3820375,0.0
2017-09-25,1062291.3820375,0.0
2017-09-26,1062291.3820375,0.0
2017-09-27,1062291.3820375,0.0
2017-09-28,1062291.3820375,0.0
2017-09-29,1062291.3820375,0.0
2017-10-09,1062291.3820375,0.0
2017-10-10,1062291.3820375,0.0
2017-10-11,1062291.3820375,0.0
2017-10-12,1062291.3820375,0.0
2017-10-13,1062291.3820375,0.0
2017-10-16,1062291.3820375,0.0
2017-10-17,1062291.3820375,0.0
2017-10-18,1062291.3820375,0.0
2017-10-19,1062291.3820375,0.0
2017-10-20,1062291.3820375,0.0
2017-10-23,1062291.3820375,0.0
2017-10-24,1062291.3820375,0.0
2017-10-25,1062291.3820375,0.0
2017-10-26,1062291.3820375,0.0
2017-10-27,1062291.3820375,0.0
2017-10-30,1062291.3820375,0.0
2017-10-31,1062291.3820375,0.0
2017-11-01,1062291.3820375,0.0
2017-11-02,1062291.3820375,0.0
2017-11-03,1062291.3820375,0.0
2017-11-06,1062291.3820375,0.0
2017-11-07,1062291.3820375,0.0
2017-11-08,1062291.3820375,0.0
2017-11-09,1062291.3820375,0.0
2017-11-10,1062291.3820375,0.0
2017-11-13,1062291.3820375,0.0
2017-11-14,1062291.3820375,0.0
2017-11-15,1062291.3820375,0.0
2017-11-16,1062291.3820375,0.0
2017-11-17,1062291.3820375,0.0
2017-11-20,1062291.3820375,0.0
2017-11-21,1062291.3820375,0.0
2017-11-22,1062291.3820375,0.0
2017-11-23,1062291.3820375,0.0
2017-11-24,1062291.3820375,0.0
2017-11-27,1062291.3820375,0.0
2017-11-28,1062291.3820375,0.0
2017-11-29,1063070.7006225,45.0
2017-11-30,1066821.7080904997,44.0
2017-12-01,1080970.0719104998,43.0
2017-12-04,1044650.8368224996,36.0
2017-12-05,1016808.7823934996,14.0
2017-12-06,1017175.1293134996,11.0
2017-12-07,1019040.9408614996,54.0
2017-12-08,1042285.5372704995,54.0
2017-12-11,1056227.6703804994,53.0
2017-12-12,1031390.6330214996,52.0
2017-12-13,1044470.9557384995,52.0
2017-12-14,1049206.5461625,52.0
2017-12-15,1049872.4502894995,50.0
2017-12-18,1047636.3460894995,46.0
2017-12-19,1053671.6765054995,41.0
2017-12-20,1040023.9876004995,34.0
2017-12-21,1038752.5833304997,28.0
2017-12-22,1039762.1011634995,28.0
2017-12-25,1034336.9449854998,22.0
2017-12-26,1044229.5231674998,20.0
2017-12-27,1043619.3958655,15.0
2017-12-28,1045172.0691994999,14.0
2017-12-29,1048098.0385714999,10.0
2018-01-02,1049173.1724834999,6.0
2018-01-03,1051284.6040844999,3.0
2018-01-04,1052325.5925575,1.0
2018-01-05,1051966.4748425,0.0
2018-01-08,1051966.4748425,0.0
2018-01-09,1051966.4748425,0.0
2018-01-10,1051966.4748425,0.0
2018-01-11,1051966.4748425,0.0
2018-01-12,1051966.4748425,0.0
2018-01-15,1051966.4748425,0.0
2018-01-16,1051966.4748425,0.0
2018-01-17,1051966.4748425,0.0
2018-01-18,1051966.4748425,0.0
2018-01-19,1051966.4748425,0.0
2018-01-22,1051966.4748425,0.0
2018-01-23,1051966.4748425,0.0
2018-01-24,1051966.4748425,0.0
2018-01-25,1051966.4748425,0.0
2018-01-26,1051966.4748425,0.0
2018-01-29,1051966.4748425,0.0
2018-01-30,1051966.4748425,0.0
2018-01-31,1051966.4748425,0.0
2018-02-01,1051966.4748425,0.0
2018-02-02,1051966.4748425,0.0
2018-02-05,1063428.7293194998,55.0
2018-02-06,998481.2388304997,55.0
2018-02-07,1012538.0400364997,41.0
2018-02-08,1036303.2038024999,54.0
2018-02-09,1003124.7605045,54.0
2018-02-12,1046434.0969554997,54.0
2018-02-13,1047022.4857714999,54.0
2018-02-14,1048150.5276724998,51.0
2018-02-22,1069752.0730605,51.0
2018-02-23,1072943.3169134995,54.0
2018-02-26,1105453.6356935003,53.0
2018-02-27,1111851.2983135,40.0
2018-02-28,1109142.5066464997,34.0
2018-03-01,1117217.0623904997,27.0
2018-03-02,1112821.9983939999,14.0
2018-03-05,1118119.4587649996,12.0
2018-03-06,1118679.8262359996,4.0
2018-03-07,1118684.2625419998,1.0
2018-03-08,1118528.7111119996,1.0
2018-03-09,1118404.2699679998,1.0
2018-03-12,1118279.8288239997,1.0
2018-03-13,1118030.9465359997,1.0
2018-03-14,1117968.7259639998,1.0
2018-03-15,1117999.8362499997,1.0
2018-03-16,1117844.2848199997,1.0
2018-03-19,1118155.3876799997,1.0
2018-03-20,1118715.3728279998,1.0
2018-03-21,1118688.5395499996,0.0
2018-03-22,1118688.5395499996,0.0
2018-03-23,1118688.5395499996,0.0
2018-03-26,1118688.5395499996,0.0
2018-03-27,1118688.5395499996,0.0
2018-03-28,1118688.5395499996,0.0
2018-03-29,1118688.5395499996,0.0
2018-03-30,1118688.5395499996,0.0
2018-04-02,1118688.5395499996,0.0
2018-04-03,1118688.5395499996,0.0
2018-04-04,1118688.5395499996,0.0
2018-04-09,1118688.5395499996,0.0
2018-04-10,1118688.5395499996,0.0
2018-04-11,1118688.5395499996,0.0
2018-04-12,1118688.5395499996,0.0
2018-04-13,1118688.5395499996,0.0
2018-04-16,1118688.5395499996,0.0
2018-04-17,1118688.5395499996,0.0
2018-04-18,1118688.5395499996,0.0
2018-04-19,1118688.5395499996,0.0
2018-04-20,1118688.5395499996,0.0
2018-04-23,1118688.5395499996,0.0
2018-04-24,1118688.5395499996,0.0
2018-04-25,1118688.5395499996,0.0
2018-04-26,1118688.5395499996,0.0
2018-04-27,1118688.5395499996,0.0
2018-05-02,1118688.5395499996,0.0
2018-05-03,1118688.5395499996,0.0
2018-05-04,1118348.336098,22.0
2018-05-07,1127120.7050599998,22.0
2018-05-08,1132783.218072,22.0
2018-05-09,1135385.213407,22.0
2018-05-10,1138365.7549439997,20.0
2018-05-11,1135354.5248574996,17.0
2018-05-14,1131421.8237444998,16.0
2018-05-15,1134466.8951944998,16.0
2018-05-16,1135805.3987034997,16.0
2018-05-17,1134836.2208534998,13.0
2018-05-18,1136568.2021844997,11.0
2018-05-21,1140535.8742079998,8.0
2018-05-22,1140897.5914429997,5.0
2018-05-23,1139796.6348849996,5.0
2018-05-24,1140852.1868399996,5.0
2018-05-25,1139617.9441449996,3.0
2018-05-28,1138653.9959239997,3.0
2018-05-29,1138903.4876689997,3.0
2018-05-30,1136290.5590339997,2.0
2018-05-31,1136926.0413239996,2.0
2018-06-01,1137359.2998599997,2.0
2018-06-04,1137249.7554869996,2.0
2018-06-05,1137837.2863199995,2.0
2018-06-06,1138418.1061049995,2.0
2018-06-07,1138065.7036079997,2.0
2018-06-08,1137813.8414699996,0.0
2018-06-11,1137813.8414699996,0.0
2018-06-12,1137813.8414699996,0.0
2018-06-13,1137813.8414699996,0.0
2018-06-14,1137813.8414699996,0.0
2018-06-15,1121046.8334259996,29.0
2018-06-19,1100576.5225439998,3.0
2018-06-20,1102385.3426929996,2.0
2018-06-21,1058120.0114439998,59.0
2018-06-22,1072045.9928779993,44.0
2018-06-25,1070609.3397159993,58.0
2018-06-26,1086283.8080159996,57.0
2018-06-27,1082855.5975879992,58.0
2018-06-28,1069314.014376999,57.0
2018-06-29,1100477.2149909995,55.0
2018-07-02,1083201.3973199993,58.0
2018-07-03,1102343.5045909996,55.0
2018-07-04,1086076.2350409995,58.0
2018-07-05,1053916.2561399995,55.0
2018-07-06,1054164.8761479994,45.0
2018-07-09,1077087.9984629997,57.0
2018-07-10,1091097.021797999,57.0
2018-07-11,1067059.7728929992,49.0
2018-07-12,1091683.5748099994,47.0
2018-07-13,1092410.8471124996,31.0
2018-07-16,1094436.8386054998,27.0
2018-07-17,1095171.5566354995,21.0
2018-07-18,1094466.8882374996,18.0
2018-07-19,1090453.6712114995,17.0
2018-07-20,1094232.3426634995,17.0
2018-07-23,1096240.2549544994,14.0
2018-07-24,1100711.1148964996,8.0
2018-07-25,1101947.3186864995,2.0
2018-07-26,1102594.0311644995,2.0
2018-07-27,1102564.3249724996,1.0
2018-07-30,1102103.0087324996,1.0
2018-07-31,1102201.8622124996,1.0
2018-08-01,1102463.3484374997,0.0
2018-08-02,1102463.3484374997,0.0
2018-08-03,1102463.3484374997,0.0
2018-08-06,1102463.3484374997,0.0
2018-08-07,1102463.3484374997,0.0
2018-08-08,1075028.2593755003,61.0
2018-08-09,1106263.3081044997,56.0
2018-08-10,1124512.5667825,61.0
2018-08-13,1129475.9096024996,60.0
2018-08-14,1134256.6309395,59.0
2018-08-15,1102911.2187519998,56.0
2018-08-16,1084098.869575,49.0
2018-08-17,1061844.8684880002,41.0
2018-08-20,1067071.4819229995,31.0
2018-08-21,1080192.091665,54.0
2018-08-22,1064203.3578199998,59.0
2018-08-23,1078231.5839765,56.0
2018-08-24,1074792.5091075,54.0
2018-08-27,1094111.8739695,50.0
2018-08-28,1098306.7584184997,43.0
2018-08-29,1085442.0156744998,40.0
2018-08-30,1077827.0716574998,39.0
2018-08-31,1064918.5258264998,32.0
2018-09-03,1058714.3719054996,21.0
2018-09-04,1066109.0650505,17.0
2018-09-05,1061597.9435430001,41.0
2018-09-06,1061401.9517090002,37.0
2018-09-07,1068650.7773499999,35.0
2018-09-10,1060291.399741,29.0
2018-09-11,1064028.545194,28.0
2018-09-12,1065501.499932,28.0
2018-09-13,1067008.366616,26.0
2018-09-14,1052986.242488,24.0
2018-09-17,1043159.1106520001,15.0
2018-09-18,1047102.973527,13.0
2018-09-19,1055413.6818130002,34.0
2018-09-20,1058467.0230800002,32.0
2018-09-21,1065208.2772430002,30.0
2018-09-25,1063810.0347910002,28.0
2018-09-26,1067263.9690650003,26.0
2018-09-27,1058271.3950520002,24.0
2018-09-28,1063952.9486010002,22.0
2018-10-08,1049429.5915210003,16.0
2018-10-09,1051824.8272800003,14.0
2018-10-10,1054367.0033000004,13.0
2018-10-11,1041630.0772610002,2.0
2018-10-12,1041560.4670620003,1.0
2018-10-15,1035377.1664660005,47.0
2018-10-16,1025766.1120680004,40.0
2018-10-17,1034681.9817780002,37.0
2018-10-18,994570.1568640006,55.0
2018-10-19,1021636.7325170005,54.0
2018-10-22,1076288.6439500006,54.0
2018-10-23,1071908.1804110005,55.0
2018-10-24,1070898.6081680006,51.0
2018-10-25,1059544.5191120005,47.0
2018-10-26,1069171.8711700009,57.0
2018-10-29,1057029.7261700006,54.0
2018-10-30,1065116.0397060006,46.0
2018-10-31,1083028.6361010007,57.0
2018-11-01,1091543.1608585005,58.0
2018-11-02,1128721.9053640007,48.0
2018-11-05,1136354.9572795006,29.0
2018-11-06,1133733.6067125006,21.0
2018-11-07,1134556.7837405005,20.0
2018-11-08,1130657.9707270006,17.0
2018-11-09,1130604.7638460007,16.0
2018-11-12,1137127.3680400006,15.0
2018-11-13,1143291.4916890005,12.0
2018-11-14,1142773.2959170004,5.0
2018-11-15,1143773.2624980004,4.0
2018-11-16,1143565.3200230005,3.0
2018-11-19,1143846.6503390004,3.0
2018-11-20,1142851.3131100002,2.0
2018-11-21,1142116.7227390003,2.0
2018-11-22,1142024.9205130003,2.0
2018-11-23,1140133.0283040004,2.0
2018-11-26,1139665.6590460003,2.0
2018-11-27,1139660.4645300002,2.0
2018-11-28,1141875.5848200002,2.0
2018-11-29,1141386.1478235004,1.0
2018-11-30,1141415.1114525003,1.0
2018-12-03,1142834.3292735005,1.0
2018-12-04,1142628.7054825004,0.0
2018-12-05,1142628.7054825004,0.0
2018-12-06,1142628.7054825004,0.0
2018-12-07,1142628.7054825004,0.0
2018-12-10,1142628.7054825004,0.0
2018-12-11,1142628.7054825004,0.0
2018-12-12,1142628.7054825004,0.0
2018-12-13,1142628.7054825004,0.0
2018-12-14,1142628.7054825004,0.0
2018-12-17,1142628.7054825004,0.0
2018-12-18,1142628.7054825004,0.0
2018-12-19,1142628.7054825004,0.0
2018-12-20,1142628.7054825004,0.0
2018-12-21,1142628.7054825004,0.0
2018-12-24,1142628.7054825004,0.0
2018-12-25,1142628.7054825004,0.0
2018-12-26,1142628.7054825004,0.0
2018-12-27,1142628.7054825004,0.0
2018-12-28,1142628.7054825004,0.0
2019-01-02,1142628.7054825004,0.0
2019-01-03,1142628.7054825004,0.0
2019-01-04,1142628.7054825004,0.0
2019-01-07,1142628.7054825004,0.0
2019-01-08,1142628.7054825004,0.0
2019-01-09,1142628.7054825004,0.0
2019-01-10,1142628.7054825004,0.0
2019-01-11,1142628.7054825004,0.0
2019-01-14,1142628.7054825004,0.0
2019-01-15,1142628.7054825004,0.0
2019-01-16,1142628.7054825004,0.0
2019-01-17,1142628.7054825004,0.0
2019-01-18,1142628.7054825004,0.0
2019-01-21,1142628.7054825004,0.0
2019-01-22,1142628.7054825004,0.0
2019-01-23,1142628.7054825004,0.0
2019-01-24,1142628.7054825004,0.0
2019-01-25,1142628.7054825004,0.0
2019-01-28,1142628.7054825004,0.0
2019-01-29,1142628.7054825004,0.0
2019-01-30,1142628.7054825004,0.0
2019-01-31,1142628.7054825004,0.0
2019-02-01,1142628.7054825004,0.0
2019-02-11,1164219.1955975003,35.0
2019-02-12,1185600.9108695006,35.0
2019-02-13,1198061.6154495003,35.0
2019-02-14,1207004.0572605003,33.0
2019-02-15,1215011.7976735004,31.0
2019-02-18,1238846.1633170005,26.0
2019-02-19,1245692.3798380005,15.0
2019-02-20,1246828.8814675005,9.0
2019-02-21,1245401.1584850005,7.0
2019-02-22,1247973.3737770007,7.0
2019-02-25,1255812.8248640005,6.0
2019-02-26,1256118.0754575005,0.0
2019-02-27,1256118.0754575005,0.0
2019-02-28,1256118.0754575005,0.0
2019-03-01,1256118.0754575005,0.0
2019-03-04,1256118.0754575005,0.0
2019-03-05,1256118.0754575005,0.0
2019-03-06,1256118.0754575005,0.0
2019-03-07,1256118.0754575005,0.0
2019-03-08,1256118.0754575005,0.0
2019-03-11,1256118.0754575005,0.0
2019-03-12,1256118.0754575005,0.0
2019-03-13,1256118.0754575005,0.0
2019-03-14,1256118.0754575005,0.0
2019-03-15,1256118.0754575005,0.0
2019-03-18,1256118.0754575005,0.0
2019-03-19,1256118.0754575005,0.0
2019-03-20,1256118.0754575005,0.0
2019-03-21,1256118.0754575005,0.0
2019-03-22,1256118.0754575005,0.0
2019-03-25,1256118.0754575005,0.0
2019-03-26,1256118.0754575005,0.0
2019-03-27,1256118.0754575005,0.0
2019-03-28,1256118.0754575005,0.0
2019-03-29,1256118.0754575005,0.0
2019-04-01,1256118.0754575005,0.0
2019-04-02,1256118.0754575005,0.0
2019-04-03,1256118.0754575005,0.0
2019-04-04,1256118.0754575005,0.0
2019-04-08,1256118.0754575005,0.0
2019-04-09,1256118.0754575005,0.0
2019-04-10,1256118.0754575005,0.0
2019-04-11,1256118.0754575005,0.0
2019-04-12,1256118.0754575005,0.0
2019-04-15,1256118.0754575005,0.0
2019-04-16,1256118.0754575005,0.0
2019-04-17,1256118.0754575005,0.0
2019-04-18,1256118.0754575005,0.0
2019-04-19,1256118.0754575005,0.0
2019-04-22,1256118.0754575005,0.0
2019-04-23,1256118.0754575005,0.0
2019-04-24,1256118.0754575005,0.0
2019-04-25,1256118.0754575005,0.0
2019-04-26,1256118.0754575005,0.0
2019-04-29,1256118.0754575005,0.0
2019-04-30,1256118.0754575005,0.0
2019-05-06,1197468.5717675004,68.0
2019-05-07,1225780.1697505002,55.0
2019-05-08,1236870.3087815002,66.0
2019-05-09,1221085.7025685,66.0
2019-05-10,1260965.0895405007,66.0
2019-05-13,1246759.9859575,66.0
2019-05-14,1236338.6842935,66.0
2019-05-15,1266921.6215995003,66.0
2019-05-16,1284943.8377550002,67.0
2019-05-17,1223911.8727880002,59.0
2019-05-20,1206385.0028350004,45.0
2019-05-21,1230308.8673690003,65.0
2019-05-22,1223787.9513525001,65.0
2019-05-23,1200117.6562555006,58.0
2019-05-24,1199202.2731065003,56.0
2019-05-27,1232846.8615655003,52.0
2019-05-28,1231850.9009895003,42.0
2019-05-29,1234804.6130315,38.0
2019-05-30,1227328.0743725,29.0
2019-05-31,1227911.5649975,27.0
2019-06-03,1221094.4875595002,21.0
2019-06-04,1215348.3919775002,15.0
2019-06-05,1215287.6741265,12.0
2019-06-06,1212261.4018225,9.0
2019-06-10,1215772.4774854998,9.0
2019-06-11,1220786.9425805,7.0
2019-06-12,1220152.8226014997,2.0
2019-06-13,1220354.8764624996,2.0
2019-06-14,1219274.7451524998,2.0
2019-06-17,1221093.2299014996,2.0
2019-06-18,1220058.5108404995,1.0
2019-06-19,1220330.4267064997,1.0
2019-06-20,1220511.7039504997,1.0
2019-06-21,1220919.5777494996,1.0
2019-06-24,1221202.3290524995,0.0
2019-06-25,1221202.3290524995,0.0
2019-06-26,1221202.3290524995,0.0
2019-06-27,1221202.3290524995,0.0
2019-06-28,1221202.3290524995,0.0
2019-07-01,1221202.3290524995,0.0
2019-07-02,1221202.3290524995,0.0
2019-07-03,1221202.3290524995,0.0
2019-07-04,1221202.3290524995,0.0
2019-07-05,1221202.3290524995,0.0
2019-07-08,1221202.3290524995,0.0
2019-07-09,1221202.3290524995,0.0
2019-07-10,1221202.3290524995,0.0
2019-07-11,1221202.3290524995,0.0
2019-07-12,1221202.3290524995,0.0
2019-07-15,1221202.3290524995,0.0
2019-07-16,1221202.3290524995,0.0
2019-07-17,1221202.3290524995,0.0
2019-07-18,1221202.3290524995,0.0
2019-07-19,1221202.3290524995,0.0
2019-07-22,1221202.3290524995,0.0
2019-07-23,1221202.3290524995,0.0
2019-07-24,1221202.3290524995,0.0
2019-07-25,1221202.3290524995,0.0
2019-07-26,1221202.3290524995,0.0
2019-07-29,1221202.3290524995,0.0
2019-07-30,1221202.3290524995,0.0
2019-07-31,1221202.3290524995,0.0
2019-08-01,1221202.3290524995,0.0
2019-08-02,1221202.3290524995,0.0
2019-08-05,1221202.3290524995,0.0
2019-08-06,1221202.3290524995,0.0
2019-08-07,1221202.3290524995,0.0
2019-08-08,1221202.3290524995,0.0
2019-08-09,1221202.3290524995,0.0
2019-08-12,1221202.3290524995,0.0
2019-08-13,1221202.3290524995,0.0
2019-08-14,1221202.3290524995,0.0
2019-08-15,1221202.3290524995,0.0
2019-08-16,1221202.3290524995,0.0
2019-08-19,1221202.3290524995,0.0
2019-08-20,1221202.3290524995,0.0
2019-08-21,1221202.3290524995,0.0
2019-08-22,1221202.3290524995,0.0
2019-08-23,1221202.3290524995,0.0
2019-08-26,1221202.3290524995,0.0
2019-08-27,1221202.3290524995,0.0
2019-08-28,1221202.3290524995,0.0
2019-08-29,1221202.3290524995,0.0
2019-08-30,1221202.3290524995,0.0
2019-09-02,1221202.3290524995,0.0
2019-09-03,1221202.3290524995,0.0
2019-09-04,1221202.3290524995,0.0
2019-09-05,1221202.3290524995,0.0
2019-09-06,1221202.3290524995,0.0
2019-09-09,1221202.3290524995,0.0
2019-09-10,1221202.3290524995,0.0
2019-09-11,1221202.3290524995,0.0
2019-09-12,1221202.3290524995,0.0
2019-09-16,1221202.3290524995,0.0
2019-09-17,1221202.3290524995,0.0
2019-09-18,1221202.3290524995,0.0
2019-09-19,1221202.3290524995,0.0
2019-09-20,1221202.3290524995,0.0
2019-09-23,1221202.3290524995,0.0
2019-09-24,1221202.3290524995,0.0
2019-09-25,1221202.3290524995,0.0
2019-09-26,1221202.3290524995,0.0
2019-09-27,1221202.3290524995,0.0
2019-09-30,1221202.3290524995,0.0
2019-10-08,1221202.3290524995,0.0
2019-10-09,1221202.3290524995,0.0
2019-10-10,1221202.3290524995,0.0
2019-10-11,1221202.3290524995,0.0
2019-10-14,1221202.3290524995,0.0
2019-10-15,1221202.3290524995,0.0
2019-10-16,1221202.3290524995,0.0
2019-10-17,1221202.3290524995,0.0
2019-10-18,1221202.3290524995,0.0
2019-10-21,1221202.3290524995,0.0
2019-10-22,1221202.3290524995,0.0
2019-10-23,1221202.3290524995,0.0
2019-10-24,1221202.3290524995,0.0
2019-10-25,1221202.3290524995,0.0
2019-10-28,1221202.3290524995,0.0
2019-10-29,1221202.3290524995,0.0
2019-10-30,1221202.3290524995,0.0
2019-10-31,1221202.3290524995,0.0
2019-11-01,1221202.3290524995,0.0
2019-11-04,1221202.3290524995,0.0
2019-11-05,1221202.3290524995,0.0
2019-11-06,1221202.3290524995,0.0
2019-11-07,1221202.3290524995,0.0
2019-11-08,1221202.3290524995,0.0
2019-11-11,1221202.3290524995,0.0
2019-11-12,1221202.3290524995,0.0
2019-11-13,1221202.3290524995,0.0
2019-11-14,1221202.3290524995,0.0
2019-11-15,1221202.3290524995,0.0
2019-11-18,1221202.3290524995,0.0
2019-11-19,1221202.3290524995,0.0
2019-11-20,1221202.3290524995,0.0
2019-11-21,1221202.3290524995,0.0
2019-11-22,1221202.3290524995,0.0
2019-11-25,1221202.3290524995,0.0
2019-11-26,1221202.3290524995,0.0
2019-11-27,1221202.3290524995,0.0
2019-11-28,1221202.3290524995,0.0
2019-11-29,1221202.3290524995,0.0
2019-12-02,1221202.3290524995,0.0
2019-12-03,1221202.3290524995,0.0
2019-12-04,1221202.3290524995,0.0
2019-12-05,1221202.3290524995,0.0
2019-12-06,1221202.3290524995,0.0
2019-12-09,1221202.3290524995,0.0
2019-12-10,1221202.3290524995,0.0
2019-12-11,1221202.3290524995,0.0
2019-12-12,1221202.3290524995,0.0
2019-12-13,1221202.3290524995,0.0
2019-12-16,1221202.3290524995,0.0
2019-12-17,1221202.3290524995,0.0
2019-12-18,1221202.3290524995,0.0
2019-12-19,1221202.3290524995,0.0
2019-12-20,1221202.3290524995,0.0
2019-12-23,1221202.3290524995,0.0
2019-12-24,1221202.3290524995,0.0
2019-12-25,1221202.3290524995,0.0
2019-12-26,1221202.3290524995,0.0
2019-12-27,1221202.3290524995,0.0
2019-12-30,1221202.3290524995,0.0
2019-12-31,1221202.3290524995,0.0
2020-01-02,1221202.3290524995,0.0
2020-01-03,1221202.3290524995,0.0
2020-01-06,1221202.3290524995,0.0
2020-01-07,1221202.3290524995,0.0
2020-01-08,1221202.3290524995,0.0
2020-01-09,1221202.3290524995,0.0
2020-01-10,1221202.3290524995,0.0
2020-01-13,1221202.3290524995,0.0
2020-01-14,1221202.3290524995,0.0
2020-01-15,1221202.3290524995,0.0
2020-01-16,1221202.3290524995,0.0
2020-01-17,1221202.3290524995,0.0
2020-01-20,1221202.3290524995,0.0
2020-01-21,1221202.3290524995,0.0
2020-01-22,1221202.3290524995,0.0
2020-01-23,1221202.3290524995,0.0
2020-02-03,1221202.3290524995,0.0
2020-02-04,1221202.3290524995,0.0
2020-02-05,1252101.5616854995,64.0
2020-02-06,1284388.0099075001,64.0
2020-02-07,1297481.7482724995,64.0
2020-02-10,1331800.5331344998,64.0
2020-02-11,1335857.7318655003,64.0
2020-02-12,1355643.9179334997,63.0
2020-02-13,1341720.137448,59.0
2020-02-14,1350598.8660079997,59.0
2020-02-17,1398276.1009014996,54.0
2020-02-18,1415360.9374695001,41.0
2020-02-19,1418957.5405339994,32.0
2020-02-20,1430832.3336964995,22.0
2020-02-21,1429784.2356369996,6.0
2020-02-24,1428728.5742664996,2.0
2020-02-25,1427806.8927684997,2.0
2020-02-26,1428313.3309824995,2.0
2020-02-27,1428226.8358254996,2.0
2020-02-28,1426690.6244829996,1.0
2020-03-02,1427140.4990949996,1.0
2020-03-03,1427753.9644749996,1.0
2020-03-04,1427474.5140349995,0.0
2020-03-05,1427474.5140349995,0.0
2020-03-06,1427474.5140349995,0.0
2020-03-09,1427474.5140349995,0.0
2020-03-10,1427474.5140349995,0.0
2020-03-11,1427474.5140349995,0.0
2020-03-12,1427474.5140349995,0.0
2020-03-13,1427474.5140349995,0.0
2020-03-16,1374468.3757649995,43.0
2020-03-17,1367081.6394649993,5.0
2020-03-18,1352073.8789279992,34.0
2020-03-19,1364101.6751729995,33.0
2020-03-20,1366547.5776699986,75.0
2020-03-23,1297072.6820989992,57.0
2020-03-24,1320026.9465279991,50.0
2020-03-25,1352206.806540999,74.0
2020-03-26,1337497.318017499,75.0
2020-03-27,1327764.5181884991,75.0
2020-03-30,1286709.4907014994,49.0
2020-03-31,1291317.5842694992,46.0
2020-04-01,1292486.9309024995,43.0
2020-04-02,1328582.8055794996,72.0
2020-04-03,1318163.8582964991,72.0
2020-04-07,1361178.1146644992,70.0
2020-04-08,1362082.4891234997,48.0
2020-04-09,1372572.5201404993,42.0
2020-04-10,1356907.2962374995,27.0
2020-04-13,1351940.8684114995,25.0
2020-04-14,1363952.2477424995,23.0
2020-04-15,1364885.9232084993,14.0
2020-04-16,1365138.2168294992,10.0
2020-04-17,1364372.7830164991,8.0
2020-04-20,1367363.022120499,7.0
2020-04-21,1368069.5022474993,4.0
2020-04-22,1369847.5587734992,3.0
2020-04-23,1368606.3019539993,2.0
2020-04-24,1367603.8348099992,2.0
2020-04-27,1367799.0068499993,2.0
2020-04-28,1365483.9565699992,0.0
2020-04-29,1365483.9565699992,0.0
2020-04-30,1365483.9565699992,0.0
2020-05-06,1365483.9565699992,0.0
2020-05-07,1365483.9565699992,0.0
2020-05-08,1365483.9565699992,0.0
2020-05-11,1365483.9565699992,0.0
2020-05-12,1365483.9565699992,0.0
2020-05-13,1365483.9565699992,0.0
2020-05-14,1365483.9565699992,0.0
2020-05-15,1365483.9565699992,0.0
2020-05-18,1365483.9565699992,0.0
2020-05-19,1365483.9565699992,0.0
2020-05-20,1365483.9565699992,0.0
2020-05-21,1365483.9565699992,0.0
2020-05-22,1365483.9565699992,0.0
2020-05-25,1365483.9565699992,0.0
2020-05-26,1365483.9565699992,0.0
2020-05-27,1365483.9565699992,0.0
2020-05-28,1365483.9565699992,0.0
2020-05-29,1365483.9565699992,0.0
2020-06-01,1365483.9565699992,0.0
2020-06-02,1365483.9565699992,0.0
2020-06-03,1365483.9565699992,0.0
2020-06-04,1365483.9565699992,0.0
2020-06-05,1365483.9565699992,0.0
2020-06-08,1365483.9565699992,0.0
2020-06-09,1365483.9565699992,0.0
2020-06-10,1365483.9565699992,0.0
2020-06-11,1365483.9565699992,0.0
2020-06-12,1365483.9565699992,0.0
2020-06-15,1365483.9565699992,0.0
2020-06-16,1365483.9565699992,0.0
2020-06-17,1365483.9565699992,0.0
2020-06-18,1365483.9565699992,0.0
2020-06-19,1365483.9565699992,0.0
2020-06-22,1365483.9565699992,0.0
2020-06-23,1365483.9565699992,0.0
2020-06-24,1365483.9565699992,0.0
2020-06-29,1365483.9565699992,0.0
2020-06-30,1365483.9565699992,0.0
2020-07-01,1365483.9565699992,0.0
2020-07-02,1365483.9565699992,0.0
2020-07-03,1365483.9565699992,0.0
2020-07-06,1365483.9565699992,0.0
2020-07-07,1365483.9565699992,0.0
2020-07-08,1365483.9565699992,0.0
2020-07-09,1365483.9565699992,0.0
2020-07-10,1365483.9565699992,0.0
2020-07-13,1365483.9565699992,0.0
2020-07-14,1365483.9565699992,0.0
2020-07-15,1365483.9565699992,0.0
2020-07-16,1365483.9565699992,0.0
2020-07-17,1365483.9565699992,0.0
2020-07-20,1365483.9565699992,0.0
2020-07-21,1365483.9565699992,0.0
2020-07-22,1365483.9565699992,0.0
2020-07-23,1365483.9565699992,0.0
2020-07-24,1365483.9565699992,0.0
2020-07-27,1365483.9565699992,0.0
2020-07-28,1365483.9565699992,0.0
2020-07-29,1365483.9565699992,0.0
2020-07-30,1365483.9565699992,0.0
2020-07-31,1365483.9565699992,0.0
2020-08-03,1365483.9565699992,0.0
2020-08-04,1365483.9565699992,0.0
2020-08-05,1365483.9565699992,0.0
2020-08-06,1365483.9565699992,0.0
2020-08-07,1365483.9565699992,0.0
2020-08-10,1365483.9565699992,0.0
2020-08-11,1365483.9565699992,0.0
2020-08-12,1365483.9565699992,0.0
2020-08-13,1365483.9565699992,0.0
2020-08-14,1365483.9565699992,0.0
2020-08-17,1365483.9565699992,0.0
2020-08-18,1365483.9565699992,0.0
2020-08-19,1365483.9565699992,0.0
2020-08-20,1365483.9565699992,0.0
2020-08-21,1365483.9565699992,0.0
2020-08-24,1365483.9565699992,0.0
2020-08-25,1365483.9565699992,0.0
2020-08-26,1365483.9565699992,0.0
2020-08-27,1365483.9565699992,0.0
2020-08-28,1365483.9565699992,0.0
2020-08-31,1365483.9565699992,0.0
2020-09-01,1365483.9565699992,0.0
2020-09-02,1365483.9565699992,0.0
2020-09-03,1365483.9565699992,0.0
2020-09-04,1365483.9565699992,0.0
2020-09-07,1365483.9565699992,0.0
2020-09-08,1365483.9565699992,0.0
2020-09-09,1365483.9565699992,0.0
2020-09-10,1365483.9565699992,0.0
2020-09-11,1365483.9565699992,0.0
2020-09-14,1367478.3864109996,32.0
2020-09-15,1373790.9472339996,32.0
2020-09-16,1371411.9033109995,32.0
2020-09-17,1374777.7358509994,32.0
2020-09-18,1388713.2284219996,31.0
2020-09-21,1391456.9064349993,28.0
2020-09-22,1381598.2398579996,25.0
2020-09-23,1385355.0117239994,24.0
2020-09-24,1372362.8223479996,21.0
2020-09-25,1369233.1374729993,17.0
2020-09-28,1365406.2629069993,14.0
2020-09-29,1367949.3270969992,14.0
2020-09-30,1365624.0863719992,14.0
2020-10-09,1372523.4298889993,14.0
2020-10-12,1379933.8751809993,11.0
2020-10-13,1379783.593258999,3.0
2020-10-14,1378973.326494999,2.0
2020-10-15,1378394.756454999,1.0
2020-10-16,1378046.872954999,1.0
2020-10-19,1378186.026354999,1.0
2020-10-20,1377279.7499549992,0.0
2020-10-21,1377279.7499549992,0.0
2020-10-22,1377279.7499549992,0.0
2020-10-23,1377279.7499549992,0.0
2020-10-26,1377279.7499549992,0.0
2020-10-27,1377279.7499549992,0.0
2020-10-28,1377279.7499549992,0.0
2020-10-29,1377279.7499549992,0.0
2020-10-30,1377279.7499549992,0.0
2020-11-02,1377279.7499549992,0.0
2020-11-03,1377279.7499549992,0.0
2020-11-04,1374469.268907999,21.0
2020-11-05,1385075.3659469988,21.0
2020-11-06,1385461.1749079989,20.0
2020-11-09,1392106.823482499,18.0
2020-11-10,1385741.142162499,17.0
2020-11-11,1383301.975974499,17.0
2020-11-12,1383538.426450999,15.0
2020-11-13,1382089.730847999,13.0
2020-11-16,1382210.019954999,13.0
2020-11-17,1379921.0933069987,11.0
2020-11-18,1380547.0481409987,10.0
2020-11-19,1380781.6636554988,9.0
2020-11-20,1382233.504487499,9.0
2020-11-23,1382834.267390499,8.0
2020-11-24,1384063.084760499,6.0
2020-11-25,1383322.0551664988,4.0
2020-11-26,1381513.6406334986,3.0
2020-11-27,1381703.7886944986,3.0
2020-11-30,1381634.8116134987,3.0
2020-12-01,1382645.4529214986,3.0
2020-12-02,1383401.1748034987,3.0
2020-12-03,1383295.0072674986,1.0
2020-12-04,1385244.3007074986,1.0
2020-12-07,1385429.7987324987,0.0
2020-12-08,1385429.7987324987,0.0
2020-12-09,1385429.7987324987,0.0
2020-12-10,1385429.7987324987,0.0
2020-12-11,1385429.7987324987,0.0
2020-12-14,1385429.7987324987,0.0
2020-12-15,1385429.7987324987,0.0
2020-12-16,1385429.7987324987,0.0
2020-12-17,1385429.7987324987,0.0
2020-12-18,1385429.7987324987,0.0
2020-12-21,1385429.7987324987,0.0
2020-12-22,1385429.7987324987,0.0
2020-12-23,1385429.7987324987,0.0
2020-12-24,1385429.7987324987,0.0
2020-12-25,1385429.7987324987,0.0
2020-12-28,1377852.671811499,27.0
2020-12-29,1382736.584767499,27.0
2020-12-30,1388535.0771654989,27.0
2020-12-31,1398047.8734769989,26.0
2021-01-04,1401655.485727499,25.0
2021-01-05,1401847.226657499,25.0
2021-01-06,1391487.918422499,23.0
2021-01-07,1378718.430599499,15.0
2021-01-08,1382456.9498384988,12.0
2021-01-11,1362336.820285499,40.0
2021-01-12,1368099.0675354989,39.0
2021-01-13,1341126.1885714987,56.0
2021-01-14,1351510.4651194992,48.0
2021-01-15,1385218.9130574993,73.0
2021-01-18,1404955.7496214984,72.0
2021-01-19,1423122.3937894993,67.0
2021-01-20,1420765.4552729987,62.0
2021-01-21,1431536.597787999,59.0
2021-01-22,1414277.3320919985,52.0
2021-01-25,1390649.958388499,49.0
2021-01-26,1394165.0645464987,48.0
2021-01-27,1395737.941396499,45.0
2021-01-28,1395143.6761419987,41.0
2021-01-29,1378823.9528699988,29.0
2021-02-01,1372793.044234999,23.0
2021-02-02,1370456.0126539988,18.0
2021-02-03,1366062.0816099988,14.0
2021-02-04,1362800.5682799988,10.0
2021-02-05,1361058.7514829987,5.0
2021-02-08,1357826.6698319989,1.0
2021-02-09,1371634.7476859987,41.0
2021-02-10,1382566.5882889982,74.0
2021-02-18,1430077.4015389984,73.0
2021-02-19,1477798.4518819987,71.0
2021-02-22,1487480.874007999,62.0
2021-02-23,1482153.8497509984,51.0
2021-02-24,1482783.7752824982,50.0
2021-02-25,1474372.5498734987,43.0
2021-02-26,1470038.3030724986,40.0
2021-03-01,1487998.1717784985,34.0
2021-03-02,1487088.1825099988,18.0
2021-03-03,1489879.097299499,14.0
2021-03-04,1489755.6783909989,7.0
2021-03-05,1489022.822658999,3.0
2021-03-08,1488884.087411499,1.0
2021-03-09,1487761.450957499,0.0
2021-03-10,1487761.450957499,0.0
2021-03-11,1489184.6677214992,7.0
2021-03-12,1486828.9870344992,36.0
2021-03-15,1473331.2509874995,36.0
2021-03-16,1478327.0641184994,34.0
2021-03-17,1485345.9407934994,33.0
2021-03-18,1493632.798966499,33.0
2021-03-19,1486287.995010999,26.0
2021-03-22,1491198.6143729992,24.0
2021-03-23,1488805.6698439992,21.0
2021-03-24,1482009.663370999,17.0
2021-03-25,1482528.3830599992,15.0
2021-03-26,1488999.502429999,13.0
2021-03-29,1490222.079281999,8.0
2021-03-30,1491764.841600999,6.0
2021-03-31,1492481.2721429989,2.0
2021-04-01,1492542.552752999,1.0
2021-04-02,1492533.9005049989,0.0
2021-04-06,1492533.9005049989,0.0
2021-04-07,1492533.9005049989,0.0
2021-04-08,1492533.9005049989,0.0
2021-04-09,1492533.9005049989,0.0
2021-04-12,1492533.9005049989,0.0
2021-04-13,1492533.9005049989,0.0
2021-04-14,1492533.9005049989,0.0
2021-04-15,1492533.9005049989,0.0
2021-04-16,1492533.9005049989,0.0
2021-04-19,1492533.9005049989,0.0
2021-04-20,1492533.9005049989,0.0
2021-04-21,1492533.9005049989,0.0
2021-04-22,1492533.9005049989,0.0
2021-04-23,1492533.9005049989,0.0
2021-04-26,1492533.9005049989,0.0
2021-04-27,1492533.9005049989,0.0
2021-04-28,1492533.9005049989,0.0
2021-04-29,1492533.9005049989,0.0
2021-04-30,1492533.9005049989,0.0
2021-05-06,1492533.9005049989,0.0
2021-05-07,1492533.9005049989,0.0
2021-05-10,1492533.9005049989,0.0
2021-05-11,1492533.9005049989,0.0
2021-05-12,1492533.9005049989,0.0
2021-05-13,1492533.9005049989,0.0
2021-05-14,1492533.9005049989,0.0
2021-05-17,1492533.9005049989,0.0
2021-05-18,1492533.9005049989,0.0
2021-05-19,1492533.9005049989,0.0
2021-05-20,1492533.9005049989,0.0
2021-05-21,1492533.9005049989,0.0
2021-05-24,1492533.9005049989,0.0
2021-05-25,1492533.9005049989,0.0
2021-05-26,1492533.9005049989,0.0
2021-05-27,1492533.9005049989,0.0
2021-05-28,1492533.9005049989,0.0
2021-05-31,1492533.9005049989,0.0
2021-06-01,1492533.9005049989,0.0
2021-06-02,1492533.9005049989,0.0
2021-06-03,1492533.9005049989,0.0
2021-06-04,1492533.9005049989,0.0
2021-06-07,1492533.9005049989,0.0
2021-06-08,1492533.9005049989,0.0
2021-06-09,1492533.9005049989,0.0
2021-06-10,1492533.9005049989,0.0
2021-06-11,1492533.9005049989,0.0
2021-06-15,1492533.9005049989,0.0
2021-06-16,1492533.9005049989,0.0
2021-06-17,1492533.9005049989,0.0
2021-06-18,1492533.9005049989,0.0
2021-06-21,1492533.9005049989,0.0
2021-06-22,1492533.9005049989,0.0
2021-06-23,1492533.9005049989,0.0
2021-06-24,1492533.9005049989,0.0
2021-06-25,1492533.9005049989,0.0
2021-06-28,1492533.9005049989,0.0
2021-06-29,1492533.9005049989,0.0
2021-06-30,1492533.9005049989,0.0
2021-07-01,1492533.9005049989,0.0
2021-07-02,1492533.9005049989,0.0
2021-07-05,1492533.9005049989,0.0
2021-07-06,1492533.9005049989,0.0
2021-07-07,1492533.9005049989,0.0
2021-07-08,1492533.9005049989,0.0
2021-07-09,1492533.9005049989,0.0
2021-07-12,1492533.9005049989,0.0
2021-07-13,1492533.9005049989,0.0
2021-07-14,1492533.9005049989,0.0
2021-07-15,1492533.9005049989,0.0
2021-07-16,1492533.9005049989,0.0
2021-07-19,1492533.9005049989,0.0
2021-07-20,1492533.9005049989,0.0
2021-07-21,1492533.9005049989,0.0
2021-07-22,1492533.9005049989,0.0
2021-07-23,1492533.9005049989,0.0
2021-07-26,1492533.9005049989,0.0
2021-07-27,1492533.9005049989,0.0
2021-07-28,1492533.9005049989,0.0
2021-07-29,1492533.9005049989,0.0
2021-07-30,1502648.1988849987,27.0
2021-08-02,1517671.9230299988,27.0
2021-08-03,1516137.3599099987,27.0
2021-08-04,1519747.6963809987,25.0
2021-08-05,1516697.6340809986,22.0
2021-08-06,1513590.7177469986,19.0
2021-08-09,1523008.6079069986,18.0
2021-08-10,1529662.0396299986,17.0
2021-08-11,1531538.8636239986,8.0
2021-08-12,1534401.6182419986,6.0
2021-08-13,1533102.2057969985,4.0
2021-08-16,1533289.2089449984,4.0
2021-08-17,1531090.2328939985,4.0
2021-08-18,1531561.0159169985,4.0
2021-08-19,1531283.6352419984,4.0
2021-08-20,1530640.6486339984,4.0
2021-08-23,1531862.6307999985,3.0
2021-08-24,1531575.5165649983,3.0
2021-08-25,1531762.0730449983,2.0
2021-08-26,1531078.4307499984,1.0
2021-08-27,1530697.3015399985,1.0
2021-08-30,1530510.0589549986,0.0
2021-08-31,1530510.0589549986,0.0
2021-09-01,1530510.0589549986,0.0
2021-09-02,1530510.0589549986,0.0
2021-09-03,1530510.0589549986,0.0
2021-09-06,1530510.0589549986,0.0
2021-09-07,1530510.0589549986,0.0
2021-09-08,1530510.0589549986,0.0
2021-09-09,1530510.0589549986,0.0
2021-09-10,1530510.0589549986,0.0
2021-09-13,1530510.0589549986,0.0
2021-09-14,1530510.0589549986,0.0
2021-09-15,1530510.0589549986,0.0
2021-09-16,1530510.0589549986,0.0
2021-09-17,1530510.0589549986,0.0
2021-09-22,1530510.0589549986,0.0
2021-09-23,1530510.0589549986,0.0
2021-09-24,1530510.0589549986,0.0
2021-09-27,1530510.0589549986,0.0
2021-09-28,1530510.0589549986,0.0
2021-09-29,1530510.0589549986,0.0
2021-09-30,1530510.0589549986,0.0
2021-10-08,1528558.8839739985,46.0
2021-10-11,1527776.3694929983,45.0
2021-10-12,1511631.4701309982,37.0
2021-10-13,1515503.9094889984,34.0
2021-10-14,1539035.8542669977,79.0
2021-10-15,1534101.0792779983,85.0
2021-10-18,1568054.036196998,84.0
2021-10-19,1572709.7293549988,86.0
2021-10-20,1565322.139865998,80.0
2021-10-21,1561526.7697069987,76.0
2021-10-22,1534539.2470779985,67.0
2021-10-25,1551848.2337789983,60.0
2021-10-26,1552545.0396559979,51.0
2021-10-27,1532079.5953544981,36.0
2021-10-28,1514410.370407498,16.0
2021-10-29,1517655.5940384977,14.0
2021-11-01,1525131.6178024975,35.0
2021-11-02,1512210.5383624975,30.0
2021-11-03,1518107.3887299974,29.0
2021-11-04,1523476.5961899976,27.0
2021-11-05,1520186.2893949975,23.0
2021-11-08,1524390.7990619973,23.0
2021-11-09,1526778.6365414977,21.0
2021-11-10,1526571.8453229978,16.0
2021-11-11,1527933.299945998,14.0
2021-11-12,1527130.993315998,14.0
2021-11-15,1530356.2198769979,13.0
2021-11-16,1528937.394317498,7.0
2021-11-17,1530320.800307498,7.0
2021-11-18,1533524.2040499984,25.0
2021-11-19,1539850.1500279983,24.0
2021-11-22,1546685.7093604982,22.0
2021-11-23,1548593.3411494982,19.0
2021-11-24,1552461.6853134984,16.0
2021-11-25,1551616.331449998,11.0
2021-11-26,1549609.4211089981,10.0
2021-11-29,1551963.932440998,10.0
2021-11-30,1552541.573753998,7.0
2021-12-01,1555804.760069998,7.0
2021-12-02,1554595.335803998,3.0
2021-12-03,1557577.590569998,2.0
2021-12-06,1558159.839624998,0.0
2021-12-07,1558159.839624998,0.0
2021-12-08,1558159.839624998,0.0
2021-12-09,1558159.839624998,0.0
2021-12-10,1558159.839624998,0.0
2021-12-13,1558159.839624998,0.0
2021-12-14,1558159.839624998,0.0
2021-12-15,1558159.839624998,0.0
2021-12-16,1558159.839624998,0.0
2021-12-17,1558159.839624998,0.0
2021-12-20,1558159.839624998,0.0
2021-12-21,1558159.839624998,0.0
2021-12-22,1558159.839624998,0.0
2021-12-23,1558159.839624998,0.0
2021-12-24,1558159.839624998,0.0
2021-12-27,1558159.839624998,0.0
2021-12-28,1558159.839624998,0.0
2021-12-29,1558159.839624998,0.0
2021-12-30,1558159.839624998,0.0
2021-12-31,1558159.839624998,0.0
2022-01-04,1558159.839624998,0.0
2022-01-05,1558159.839624998,0.0
2022-01-06,1558159.839624998,0.0
2022-01-07,1558159.839624998,0.0
2022-01-10,1558159.839624998,0.0
2022-01-11,1558159.839624998,0.0
2022-01-12,1558159.839624998,0.0
2022-01-13,1558159.839624998,0.0
2022-01-14,1558159.839624998,0.0
2022-01-17,1558159.839624998,0.0
2022-01-18,1558159.839624998,0.0
2022-01-19,1558159.839624998,0.0
2022-01-20,1558159.839624998,0.0
2022-01-21,1558159.839624998,0.0
2022-01-24,1558159.839624998,0.0
2022-01-25,1548544.4958859975,20.0
2022-01-26,1552528.8254959974,20.0
2022-01-27,1530094.1059979978,40.0
2022-01-28,1537452.6255419976,33.0
2022-02-07,1538708.2141429977,57.0
2022-02-08,1554019.059479998,55.0
2022-02-09,1569931.993411998,55.0
2022-02-10,1562192.3074789979,54.0
2022-02-11,1533115.809793998,48.0
2022-02-14,1542502.8459919982,45.0
2022-02-15,1553620.3213594982,88.0
2022-02-16,1570689.4440914982,88.0
2022-02-17,1557877.551295498,86.0
2022-02-18,1563926.1196234985,85.0
2022-02-21,1584815.962863498,81.0
2022-02-22,1560275.6203264978,70.0
2022-02-23,1590358.1444054977,68.0
2022-02-24,1566869.6783904978,43.0
2022-02-25,1573837.817960498,40.0
2022-02-28,1576961.4876364982,34.0
2022-03-01,1580979.6000809981,28.0
2022-03-02,1582584.7061829986,21.0
2022-03-03,1580867.5246369985,17.0
2022-03-04,1577716.1082429988,13.0
2022-03-07,1572699.5381669987,7.0
2022-03-08,1569209.5460209984,2.0
2022-03-09,1568202.2464889982,1.0
2022-03-10,1568718.5965049982,1.0
2022-03-11,1569038.2417529982,1.0
2022-03-14,1560089.8148339977,20.0
2022-03-15,1541690.0799029977,8.0
2022-03-16,1542422.5493779974,3.0
2022-03-17,1559814.6273429964,87.0
2022-03-18,1571969.9069509963,87.0
2022-03-21,1579349.512141996,87.0
2022-03-22,1577204.2182429964,87.0
2022-03-23,1586762.737030996,83.0
2022-03-24,1569882.0422784965,78.0
2022-03-25,1556926.6225044965,72.0
2022-03-28,1545686.8675054964,65.0
2022-03-29,1529350.229391996,63.0
2022-03-30,1554515.8488669957,61.0
2022-03-31,1546247.1361159964,56.0
2022-04-01,1544262.4824499958,50.0
2022-04-06,1547140.5186914962,42.0
2022-04-07,1530153.1968514961,27.0
2022-04-08,1525581.5534774961,17.0
2022-04-11,1515451.441248496,8.0
2022-04-12,1516185.8689114964,5.0
2022-04-13,1499781.1484074965,43.0
2022-04-14,1506095.1784334965,43.0
2022-04-15,1501335.6464134962,56.0
2022-04-18,1540002.6968674967,79.0
2022-04-19,1525568.205067497,85.0
2022-04-20,1504920.5585694958,81.0
2022-04-21,1442849.8502724965,58.0
2022-04-22,1434672.1075184965,42.0
2022-04-25,1351823.9532664958,49.0
2022-04-26,1338368.8591944964,14.0
2022-04-27,1379282.4640174967,57.0
2022-04-28,1371665.0969364964,74.0
2022-04-29,1426088.0737964967,74.0
2022-05-05,1451935.9755944966,74.0
2022-05-06,1430627.939524997,75.0
2022-05-09,1463171.6980089964,68.0
2022-05-10,1498118.9354479967,77.0
2022-05-11,1506297.0318579965,79.0
2022-05-12,1518134.7399479966,70.0
2022-05-13,1535824.582880997,63.0
2022-05-16,1544247.2968769968,53.0
2022-05-17,1540856.9851199966,49.0
2022-05-18,1548596.5011714967,43.0
2022-05-19,1548791.8478424968,35.0
2022-05-20,1560705.1469384967,24.0
2022-05-23,1566703.145772997,12.0
2022-05-24,1564167.0137539972,3.0
2022-05-25,1564967.1978259974,3.0
2022-05-26,1566172.5656459972,3.0
2022-05-27,1565915.4002529972,2.0
2022-05-30,1565782.5808629973,2.0
2022-05-31,1565905.2505089974,2.0
2022-06-01,1565946.4247749974,1.0
2022-06-02,1565813.5940509974,1.0
2022-06-06,1565997.5135149972,1.0
2022-06-07,1566375.5701909973,1.0
2022-06-08,1566318.5509249973,0.0
2022-06-09,1566318.5509249973,0.0
2022-06-10,1566318.5509249973,0.0
2022-06-13,1566318.5509249973,0.0
2022-06-14,1566318.5509249973,0.0
2022-06-15,1566318.5509249973,0.0
2022-06-16,1566318.5509249973,0.0
2022-06-17,1566318.5509249973,0.0
2022-06-20,1566318.5509249973,0.0
2022-06-21,1566318.5509249973,0.0
2022-06-22,1566318.5509249973,0.0
2022-06-23,1566318.5509249973,0.0
2022-06-24,1566318.5509249973,0.0
2022-06-27,1566318.5509249973,0.0
2022-06-28,1566318.5509249973,0.0
2022-06-29,1566318.5509249973,0.0
2022-06-30,1566318.5509249973,0.0
2022-07-01,1566318.5509249973,0.0
2022-07-04,1566318.5509249973,0.0
2022-07-05,1566318.5509249973,0.0
2022-07-06,1566318.5509249973,0.0
2022-07-07,1566318.5509249973,0.0
2022-07-08,1566318.5509249973,0.0
2022-07-11,1566318.5509249973,0.0
2022-07-12,1566318.5509249973,0.0
2022-07-13,1566318.5509249973,0.0
2022-07-14,1566318.5509249973,0.0
2022-07-15,1566318.5509249973,0.0
2022-07-18,1566318.5509249973,0.0
2022-07-19,1566318.5509249973,0.0
2022-07-20,1566318.5509249973,0.0
2022-07-21,1566318.5509249973,0.0
2022-07-22,1566318.5509249973,0.0
2022-07-25,1566318.5509249973,0.0
2022-07-26,1566318.5509249973,0.0
2022-07-27,1566318.5509249973,0.0
2022-07-28,1566318.5509249973,0.0
2022-07-29,1566318.5509249973,0.0
2022-08-01,1566318.5509249973,0.0
2022-08-02,1566318.5509249973,0.0
2022-08-03,1566318.5509249973,0.0
2022-08-04,1566318.5509249973,0.0
2022-08-05,1566318.5509249973,0.0
2022-08-08,1566318.5509249973,0.0
2022-08-09,1566318.5509249973,0.0
2022-08-10,1566318.5509249973,0.0
2022-08-11,1566318.5509249973,0.0
2022-08-12,1566318.5509249973,0.0
2022-08-15,1566318.5509249973,0.0
2022-08-16,1566318.5509249973,0.0
2022-08-17,1566318.5509249973,0.0
2022-08-18,1566318.5509249973,0.0
2022-08-19,1566318.5509249973,0.0
2022-08-22,1566318.5509249973,0.0
2022-08-23,1566318.5509249973,0.0
2022-08-24,1566318.5509249973,0.0
2022-08-25,1566318.5509249973,0.0
2022-08-26,1566318.5509249973,0.0
2022-08-29,1566318.5509249973,0.0
2022-08-30,1566318.5509249973,0.0
2022-08-31,1566318.5509249973,0.0
2022-09-01,1566318.5509249973,0.0
2022-09-02,1566318.5509249973,0.0
2022-09-05,1565237.2620169972,21.0
2022-09-06,1573649.2642819972,21.0
2022-09-07,1590545.531666997,44.0
2022-09-08,1573434.3859779965,43.0
2022-09-09,1568276.716147997,39.0
2022-09-13,1574021.8605079972,39.0
2022-09-14,1566019.5323769972,36.0
2022-09-15,1538018.469755997,24.0
2022-09-16,1530899.417241997,19.0
2022-09-19,1527267.067367997,9.0
2022-09-20,1530595.0318229971,9.0
2022-09-21,1532790.869578997,37.0
2022-09-22,1536871.7057299973,35.0
2022-09-23,1525655.862049997,32.0
2022-09-26,1516716.016535997,28.0
2022-09-27,1527172.3780329973,28.0
2022-09-28,1509079.422243997,26.0
2022-09-29,1505762.2840119973,18.0
2022-09-30,1498306.8231829973,13.0
2022-10-10,1495179.5573359972,3.0
2022-10-11,1497546.4245449973,3.0
2022-10-12,1545139.469314997,80.0
2022-10-13,1552772.6753879976,81.0
2022-10-14,1593479.753188997,80.0
2022-10-17,1613373.6463009974,72.0
2022-10-18,1622895.9860489974,63.0
2022-10-19,1616910.203696997,48.0
2022-10-20,1615124.860367497,39.0
2022-10-21,1614058.3572774972,33.0
2022-10-24,1610181.7619644972,30.0
2022-10-25,1611625.2466684969,27.0
2022-10-26,1616978.080987997,23.0
2022-10-27,1613646.5039919969,18.0
2022-10-28,1600870.2790029969,13.0
2022-10-31,1602436.732407997,11.0
2022-11-01,1611952.0428329967,10.0
2022-11-02,1613441.9262009966,6.0
2022-11-03,1613923.5743109966,3.0
2022-11-04,1613759.0486899966,0.0
2022-11-07,1613759.0486899966,0.0
2022-11-08,1613759.0486899966,0.0
2022-11-09,1613759.0486899966,0.0
2022-11-10,1613759.0486899966,0.0
2022-11-11,1613759.0486899966,0.0
2022-11-14,1613759.0486899966,0.0
2022-11-15,1613759.0486899966,0.0
2022-11-16,1613759.0486899966,0.0
2022-11-17,1613759.0486899966,0.0
2022-11-18,1613759.0486899966,0.0
2022-11-21,1613759.0486899966,0.0
2022-11-22,1613759.0486899966,0.0
2022-11-23,1613759.0486899966,0.0
2022-11-24,1613759.0486899966,0.0
2022-11-25,1613759.0486899966,0.0
2022-11-28,1613759.0486899966,0.0
2022-11-29,1613759.0486899966,0.0
2022-11-30,1613759.0486899966,0.0
2022-12-01,1613759.0486899966,0.0
2022-12-02,1613759.0486899966,0.0
2022-12-05,1613759.0486899966,0.0
2022-12-06,1613759.0486899966,0.0
2022-12-07,1613759.0486899966,0.0
2022-12-08,1613759.0486899966,0.0
2022-12-09,1613759.0486899966,0.0
2022-12-12,1613759.0486899966,0.0
2022-12-13,1613759.0486899966,0.0
2022-12-14,1613759.0486899966,0.0
2022-12-15,1613759.0486899966,0.0
2022-12-16,1613759.0486899966,0.0
2022-12-19,1613759.0486899966,0.0
2022-12-20,1613759.0486899966,0.0
2022-12-21,1613759.0486899966,0.0
2022-12-22,1613759.0486899966,0.0
2022-12-23,1613759.0486899966,0.0
2022-12-26,1613759.0486899966,0.0
2022-12-27,1613759.0486899966,0.0
2022-12-28,1613759.0486899966,0.0
2022-12-29,1613759.0486899966,0.0
2022-12-30,1613759.0486899966,0.0
2023-01-03,1613759.0486899966,0.0
2023-01-04,1613759.0486899966,0.0
2023-01-05,1613759.0486899966,0.0
2023-01-06,1613759.0486899966,0.0
2023-01-09,1613759.0486899966,0.0
2023-01-10,1613759.0486899966,0.0
2023-01-11,1613759.0486899966,0.0
2023-01-12,1613759.0486899966,0.0
2023-01-13,1613759.0486899966,0.0
2023-01-16,1613759.0486899966,0.0
2023-01-17,1613759.0486899966,0.0
2023-01-18,1613759.0486899966,0.0
2023-01-19,1613759.0486899966,0.0
2023-01-20,1613759.0486899966,0.0
2023-01-30,1613759.0486899966,0.0
2023-01-31,1613759.0486899966,0.0
2023-02-01,1613759.0486899966,0.0
2023-02-02,1613759.0486899966,0.0
2023-02-03,1613759.0486899966,0.0
2023-02-06,1613759.0486899966,0.0
2023-02-07,1613759.0486899966,0.0
2023-02-08,1613759.0486899966,0.0
2023-02-09,1613759.0486899966,0.0
2023-02-10,1613759.0486899966,0.0
2023-02-13,1613759.0486899966,0.0
2023-02-14,1613759.0486899966,0.0
2023-02-15,1613759.0486899966,0.0
2023-02-16,1613759.0486899966,0.0
2023-02-17,1613759.0486899966,0.0
2023-02-20,1613759.0486899966,0.0
2023-02-21,1613759.0486899966,0.0
2023-02-22,1613759.0486899966,0.0
2023-02-23,1613759.0486899966,0.0
2023-02-24,1613759.0486899966,0.0
2023-02-27,1613759.0486899966,0.0
2023-02-28,1613759.0486899966,0.0
2023-03-01,1613759.0486899966,0.0
2023-03-02,1613759.0486899966,0.0
2023-03-03,1613759.0486899966,0.0
2023-03-06,1613759.0486899966,0.0
2023-03-07,1613759.0486899966,0.0
2023-03-08,1613759.0486899966,0.0
2023-03-09,1613759.0486899966,0.0
2023-03-10,1613759.0486899966,0.0
2023-03-13,1613759.0486899966,0.0
2023-03-14,1613759.0486899966,0.0
2023-03-15,1613759.0486899966,0.0
2023-03-16,1613759.0486899966,0.0
2023-03-17,1613759.0486899966,0.0
2023-03-20,1613759.0486899966,0.0
2023-03-21,1613759.0486899966,0.0
2023-03-22,1613759.0486899966,0.0
2023-03-23,1613759.0486899966,0.0
2023-03-24,1613759.0486899966,0.0
2023-03-27,1613759.0486899966,0.0
2023-03-28,1613759.0486899966,0.0
2023-03-29,1613759.0486899966,0.0
2023-03-30,1613759.0486899966,0.0
2023-03-31,1613759.0486899966,0.0
2023-04-03,1613759.0486899966,0.0
2023-04-04,1613759.0486899966,0.0
2023-04-06,1613759.0486899966,0.0
2023-04-07,1613759.0486899966,0.0
2023-04-10,1613759.0486899966,0.0
2023-04-11,1613759.0486899966,0.0
2023-04-12,1613759.0486899966,0.0
2023-04-13,1613759.0486899966,0.0
2023-04-14,1613759.0486899966,0.0
2023-04-17,1613759.0486899966,0.0
2023-04-18,1613759.0486899966,0.0
2023-04-19,1613759.0486899966,0.0
2023-04-20,1613759.0486899966,0.0
2023-04-21,1613759.0486899966,0.0
2023-04-24,1613759.0486899966,0.0
2023-04-25,1613759.0486899966,0.0
2023-04-26,1613759.0486899966,0.0
2023-04-27,1612531.2296699965,20.0
2023-04-28,1625977.2120689966,20.0
2023-05-04,1621653.6687419966,41.0
2023-05-05,1617515.2067259965,39.0
2023-05-08,1625575.7611699963,38.0
2023-05-09,1613031.8426029966,35.0
2023-05-10,1614348.7549519963,35.0
2023-05-11,1619481.1183399963,34.0
2023-05-12,1610638.969496496,31.0
2023-05-15,1612816.310215496,28.0
2023-05-16,1599522.5552594955,51.0
2023-05-17,1615353.5441284953,51.0
2023-05-18,1620642.6457899958,48.0
2023-05-19,1622414.9099344956,42.0
2023-05-22,1625464.1750754956,39.0
2023-05-23,1617153.9029259954,36.0
2023-05-24,1619523.7721599955,34.0
2023-05-25,1613119.3765539958,22.0
2023-05-26,1615911.8880139957,21.0
2023-05-29,1613655.8842469957,18.0
2023-05-30,1614576.4752589958,14.0
2023-05-31,1614852.0698739958,11.0
2023-06-01,1615774.0274009958,9.0
2023-06-02,1618651.961150996,7.0
2023-06-05,1618009.5037849958,4.0
2023-06-06,1617681.2741799958,2.0
2023-06-07,1618172.5396799957,2.0
2023-06-08,1618075.6811049958,1.0
2023-06-09,1617997.8021849957,1.0
2023-06-12,1618220.3133849958,1.0
2023-06-13,1618042.3044249958,1.0
2023-06-14,1617964.4255049957,1.0
2023-06-15,1618376.0712249957,1.0
2023-06-16,1618376.0712249957,1.0
2023-06-19,1618320.4434249958,1.0
2023-06-20,1618184.5882849956,0.0
2023-06-21,1618184.5882849956,0.0
2023-06-26,1618184.5882849956,0.0
2023-06-27,1618184.5882849956,0.0
2023-06-28,1618184.5882849956,0.0
2023-06-29,1618184.5882849956,0.0
2023-06-30,1618184.5882849956,0.0
2023-07-03,1618184.5882849956,0.0
2023-07-04,1618184.5882849956,0.0
2023-07-05,1618184.5882849956,0.0
2023-07-06,1618184.5882849956,0.0
2023-07-07,1618184.5882849956,0.0
2023-07-10,1618184.5882849956,0.0
2023-07-11,1618184.5882849956,0.0
2023-07-12,1618184.5882849956,0.0
2023-07-13,1618184.5882849956,0.0
2023-07-14,1618184.5882849956,0.0
2023-07-17,1618184.5882849956,0.0
2023-07-18,1618184.5882849956,0.0
2023-07-19,1618184.5882849956,0.0
2023-07-20,1618184.5882849956,0.0
2023-07-21,1618184.5882849956,0.0
2023-07-24,1618184.5882849956,0.0
2023-07-25,1618184.5882849956,0.0
2023-07-26,1618184.5882849956,0.0
2023-07-27,1618184.5882849956,0.0
2023-07-28,1618184.5882849956,0.0
2023-07-31,1618184.5882849956,0.0
2023-08-01,1618184.5882849956,0.0
2023-08-02,1618184.5882849956,0.0
2023-08-03,1618184.5882849956,0.0
2023-08-04,1618184.5882849956,0.0
2023-08-07,1618184.5882849956,0.0
2023-08-08,1618184.5882849956,0.0
2023-08-09,1618184.5882849956,0.0
2023-08-10,1618184.5882849956,0.0
2023-08-11,1618184.5882849956,0.0
2023-08-14,1618184.5882849956,0.0
2023-08-15,1618184.5882849956,0.0
2023-08-16,1618184.5882849956,0.0
2023-08-17,1618184.5882849956,0.0
2023-08-18,1618184.5882849956,0.0
2023-08-21,1618184.5882849956,0.0
2023-08-22,1618184.5882849956,0.0
2023-08-23,1618184.5882849956,0.0
2023-08-24,1618184.5882849956,0.0
2023-08-25,1618184.5882849956,0.0
2023-08-28,1618184.5882849956,0.0
2023-08-29,1618184.5882849956,0.0
2023-08-30,1618184.5882849956,0.0
2023-08-31,1618184.5882849956,0.0
2023-09-01,1618184.5882849956,0.0
2023-09-04,1618184.5882849956,0.0
2023-09-05,1618184.5882849956,0.0
2023-09-06,1618184.5882849956,0.0
2023-09-07,1618184.5882849956,0.0
2023-09-08,1618184.5882849956,0.0
2023-09-11,1618184.5882849956,0.0
2023-09-12,1618184.5882849956,0.0
2023-09-13,1618184.5882849956,0.0
2023-09-14,1618184.5882849956,0.0
2023-09-15,1618184.5882849956,0.0
2023-09-18,1618184.5882849956,0.0
2023-09-19,1618184.5882849956,0.0
2023-09-20,1618184.5882849956,0.0
2023-09-21,1618184.5882849956,0.0
2023-09-22,1618184.5882849956,0.0
2023-09-25,1618184.5882849956,0.0
2023-09-26,1618184.5882849956,0.0
2023-09-27,1618184.5882849956,0.0
2023-09-28,1618184.5882849956,0.0
2023-10-09,1618184.5882849956,0.0
2023-10-10,1618184.5882849956,0.0
2023-10-11,1618184.5882849956,0.0
2023-10-12,1618184.5882849956,0.0
2023-10-13,1618184.5882849956,0.0
2023-10-16,1618184.5882849956,0.0
2023-10-17,1618184.5882849956,0.0
2023-10-18,1618184.5882849956,0.0
2023-10-19,1618184.5882849956,0.0
2023-10-20,1618184.5882849956,0.0
2023-10-23,1618184.5882849956,0.0
2023-10-24,1618184.5882849956,0.0
2023-10-25,1618184.5882849956,0.0
2023-10-26,1618184.5882849956,0.0
2023-10-27,1618184.5882849956,0.0
2023-10-30,1618184.5882849956,0.0
2023-10-31,1618184.5882849956,0.0
2023-11-01,1618184.5882849956,0.0
2023-11-02,1618184.5882849956,0.0
2023-11-03,1618184.5882849956,0.0
2023-11-06,1618184.5882849956,0.0
2023-11-07,1618184.5882849956,0.0
2023-11-08,1618184.5882849956,0.0
2023-11-09,1618184.5882849956,0.0
2023-11-10,1618184.5882849956,0.0
2023-11-13,1618184.5882849956,0.0
2023-11-14,1618184.5882849956,0.0
2023-11-15,1618184.5882849956,0.0
2023-11-16,1618184.5882849956,0.0
2023-11-17,1618184.5882849956,0.0
2023-11-20,1618184.5882849956,0.0
2023-11-21,1618184.5882849956,0.0
2023-11-22,1618184.5882849956,0.0
2023-11-23,1618184.5882849956,0.0
2023-11-24,1618184.5882849956,0.0
2023-11-27,1618184.5882849956,0.0
2023-11-28,1618184.5882849956,0.0
2023-11-29,1618184.5882849956,0.0
2023-11-30,1618184.5882849956,0.0
2023-12-01,1618184.5882849956,0.0
2023-12-04,1618184.5882849956,0.0
2023-12-05,1618184.5882849956,0.0
2023-12-06,1618184.5882849956,0.0
2023-12-07,1618184.5882849956,0.0
2023-12-08,1618184.5882849956,0.0
2023-12-11,1618184.5882849956,0.0
2023-12-12,1618184.5882849956,0.0
2023-12-13,1618184.5882849956,0.0
2023-12-14,1618184.5882849956,0.0
2023-12-15,1618184.5882849956,0.0
2023-12-18,1618184.5882849956,0.0
2023-12-19,1618184.5882849956,0.0
2023-12-20,1618184.5882849956,0.0
2023-12-21,1618184.5882849956,0.0
2023-12-22,1618184.5882849956,0.0
2023-12-25,1618184.5882849956,0.0
2023-12-26,1618184.5882849956,0.0
2023-12-27,1618184.5882849956,0.0
2023-12-28,1618184.5882849956,0.0
2023-12-29,1618184.5882849956,0.0
2024-01-02,1618184.5882849956,0.0
2024-01-03,1618184.5882849956,0.0
2024-01-04,1618184.5882849956,0.0
2024-01-05,1618184.5882849956,0.0
2024-01-08,1618184.5882849956,0.0
2024-01-09,1618184.5882849956,0.0
2024-01-10,1618184.5882849956,0.0
2024-01-11,1618184.5882849956,0.0
2024-01-12,1618184.5882849956,0.0
2024-01-15,1618184.5882849956,0.0
2024-01-16,1618184.5882849956,0.0
2024-01-17,1618184.5882849956,0.0
2024-01-18,1618184.5882849956,0.0
2024-01-19,1618184.5882849956,0.0
2024-01-22,1618184.5882849956,0.0
2024-01-23,1618184.5882849956,0.0
2024-01-24,1629660.9435769953,90.0
2024-01-25,1692981.3761599953,90.0
2024-01-26,1677785.675689996,90.0
2024-01-29,1624436.6837544953,86.0
2024-01-30,1579678.880810495,75.0
2024-01-31,1525271.6264974952,32.0
2024-02-01,1514505.458187495,20.0
2024-02-02,1430745.7394234953,82.0
2024-02-05,1380567.4475194952,5.0
2024-02-06,1382640.0464774952,3.0
2024-02-07,1360950.7066554949,74.0
2024-02-08,1440874.6394784953,63.0
2024-02-19,1486962.2023284964,73.0
2024-02-20,1500696.3522044953,73.0
2024-02-21,1529104.1447104956,73.0
2024-02-22,1554526.4777019958,73.0
2024-02-23,1605300.6315989962,74.0
2024-02-26,1645159.8986474958,78.0
2024-02-27,1700333.315886495,79.0
2024-02-28,1607669.9345439954,57.0
2024-02-29,1607103.0350599955,26.0
2024-03-01,1609527.524258996,21.0
2024-03-04,1606105.454537496,19.0
2024-03-05,1600992.6576724958,14.0
2024-03-06,1603527.4945954958,11.0
2024-03-07,1603377.0490184957,7.0
2024-03-08,1603072.9281094957,6.0
2024-03-11,1605074.9581134957,5.0
2024-03-12,1606826.0361719958,2.0
2024-03-13,1606478.1472349956,0.0
2024-03-14,1606478.1472349956,0.0
2024-03-15,1606478.1472349956,0.0
2024-03-18,1606478.1472349956,0.0
2024-03-19,1606478.1472349956,0.0
2024-03-20,1606478.1472349956,0.0
2024-03-21,1606478.1472349956,0.0
2024-03-22,1606478.1472349956,0.0
2024-03-25,1606478.1472349956,0.0
2024-03-26,1606478.1472349956,0.0
2024-03-27,1606478.1472349956,0.0
2024-03-28,1606478.1472349956,0.0
2024-03-29,1606478.1472349956,0.0
2024-04-01,1606478.1472349956,0.0
2024-04-02,1606478.1472349956,0.0
2024-04-03,1606478.1472349956,0.0
2024-04-08,1606478.1472349956,0.0
2024-04-09,1606478.1472349956,0.0
2024-04-10,1606478.1472349956,0.0
2024-04-11,1606478.1472349956,0.0
2024-04-12,1603294.567725996,26.0
2024-04-15,1582601.0193099962,16.0
2024-04-16,1572555.5907299963,3.0
2024-04-17,1573715.4355419965,3.0
2024-04-18,1573984.5079889966,84.0
2024-04-19,1550328.808163996,83.0
2024-04-22,1520491.384998996,70.0
2024-04-23,1536341.295464996,66.0
2024-04-24,1581902.4674749959,82.0
2024-04-25,1588165.1086409963,82.0
2024-04-26,1627375.448580996,81.0
2024-04-29,1693632.8575839964,69.0
2024-04-30,1683013.6829904965,30.0
2024-05-06,1695566.9441729963,27.0
2024-05-07,1697827.4128939963,16.0
2024-05-08,1692360.0252664962,7.0
2024-05-09,1693671.7212394963,6.0
2024-05-10,1691647.8392854964,2.0
2024-05-13,1690625.2107914963,2.0
2024-05-14,1691034.2247074964,2.0
2024-05-15,1690795.5161264963,2.0
2024-05-16,1691477.2996904964,2.0
2024-05-17,1692268.5564474964,1.0
2024-05-20,1692098.1350424963,0.0
2024-05-21,1692098.1350424963,0.0
2024-05-22,1692098.1350424963,0.0
2024-05-23,1692098.1350424963,0.0
2024-05-24,1692098.1350424963,0.0
2024-05-27,1692098.1350424963,0.0
2024-05-28,1692098.1350424963,0.0
2024-05-29,1692098.1350424963,0.0
2024-05-30,1692098.1350424963,0.0
2024-05-31,1692098.1350424963,0.0
2024-06-03,1692098.1350424963,0.0
2024-06-04,1692098.1350424963,0.0
2024-06-05,1692098.1350424963,0.0
2024-06-06,1692098.1350424963,0.0
2024-06-07,1692098.1350424963,0.0
2024-06-11,1688124.4126864953,88.0
2024-06-12,1730594.4578214958,88.0
2024-06-13,1696840.157585495,88.0
2024-06-14,1701865.1206754956,88.0
2024-06-17,1671259.380516496,85.0
2024-06-18,1699973.2467704955,82.0
2024-06-19,1700076.1753369956,80.0
2024-06-20,1656257.702142495,71.0
2024-06-21,1655444.8449824958,64.0
2024-06-24,1606697.9654684952,29.0
2024-06-25,1612850.6712344952,27.0
2024-06-26,1646637.5850524951,50.0
2024-06-27,1615478.9496724955,72.0
2024-06-28,1609939.103141495,70.0
2024-07-01,1630555.2904624955,67.0
2024-07-02,1647602.8487984953,63.0
2024-07-03,1645577.4656229948,48.0
2024-07-04,1618286.3764129952,39.0
2024-07-05,1625600.430770995,29.0
2024-07-08,1609533.1481409948,22.0
2024-07-09,1608662.1558769948,19.0
2024-07-10,1605558.1014769948,39.0
2024-07-11,1634188.0931319948,38.0
2024-07-12,1633117.1277564948,33.0
2024-07-15,1625590.0296414949,30.0
2024-07-16,1626231.8090184948,29.0
2024-07-17,1620616.5181399947,27.0
2024-07-18,1618138.4898889943,21.0
2024-07-19,1623964.3972689942,20.0
2024-07-22,1625039.9953084944,14.0
2024-07-23,1619903.8710464942,14.0
2024-07-24,1615247.3397674945,11.0
2024-07-25,1616013.0512874944,10.0
2024-07-26,1622664.3728044943,10.0
2024-07-29,1622883.5230494947,5.0
2024-07-30,1624649.0352714946,5.0
2024-07-31,1626417.5027214945,2.0
2024-08-01,1626550.7945824945,0.0
2024-08-02,1626550.7945824945,0.0
2024-08-05,1626550.7945824945,0.0
2024-08-06,1626550.7945824945,0.0
2024-08-07,1626550.7945824945,0.0
2024-08-08,1626550.7945824945,0.0
2024-08-09,1626550.7945824945,0.0
2024-08-12,1626550.7945824945,0.0
2024-08-13,1626550.7945824945,0.0
2024-08-14,1626550.7945824945,0.0
2024-08-15,1626550.7945824945,0.0
2024-08-16,1626550.7945824945,0.0
2024-08-19,1626550.7945824945,0.0
2024-08-20,1626550.7945824945,0.0
2024-08-21,1626550.7945824945,0.0
2024-08-22,1626550.7945824945,0.0
2024-08-23,1626550.7945824945,0.0
2024-08-26,1626550.7945824945,0.0
2024-08-27,1626550.7945824945,0.0
2024-08-28,1626550.7945824945,0.0
2024-08-29,1626550.7945824945,0.0
2024-08-30,1626550.7945824945,0.0
2024-09-02,1626550.7945824945,0.0
2024-09-03,1626550.7945824945,0.0
2024-09-04,1626550.7945824945,0.0
2024-09-05,1626550.7945824945,0.0
2024-09-06,1626550.7945824945,0.0
2024-09-09,1626550.7945824945,0.0
2024-09-10,1626550.7945824945,0.0
2024-09-11,1626550.7945824945,0.0
2024-09-12,1626550.7945824945,0.0
2024-09-13,1626550.7945824945,0.0
2024-09-18,1626550.7945824945,0.0
2024-09-19,1626550.7945824945,0.0
2024-09-20,1626550.7945824945,0.0
2024-09-23,1626550.7945824945,0.0
2024-09-24,1626550.7945824945,0.0
2024-09-25,1626550.7945824945,0.0
2024-09-26,1626550.7945824945,0.0
2024-09-27,1626550.7945824945,0.0
2024-09-30,1626550.7945824945,0.0
2024-10-08,1626550.7945824945,0.0
2024-10-09,1626550.7945824945,0.0
2024-10-10,1626550.7945824945,0.0
2024-10-11,1626550.7945824945,0.0
2024-10-14,1626550.7945824945,0.0
2024-10-15,1626550.7945824945,0.0
2024-10-16,1626550.7945824945,0.0
2024-10-17,1626550.7945824945,0.0
2024-10-18,1626550.7945824945,0.0
2024-10-21,1626550.7945824945,0.0
2024-10-22,1626550.7945824945,0.0
2024-10-23,1626550.7945824945,0.0
2024-10-24,1626550.7945824945,0.0
2024-10-25,1626550.7945824945,0.0
2024-10-28,1626550.7945824945,0.0
2024-10-29,1626550.7945824945,0.0
2024-10-30,1626550.7945824945,0.0
2024-10-31,1626550.7945824945,0.0
2024-11-01,1626550.7945824945,0.0
2024-11-04,1626550.7945824945,0.0
2024-11-05,1626550.7945824945,0.0
2024-11-06,1626550.7945824945,0.0
2024-11-07,1626550.7945824945,0.0
2024-11-08,1626550.7945824945,0.0
2024-11-11,1626550.7945824945,0.0
2024-11-12,1626550.7945824945,0.0
2024-11-13,1626550.7945824945,0.0
2024-11-14,1626550.7945824945,0.0
2024-11-15,1626550.7945824945,0.0
2024-11-18,1626550.7945824945,0.0
2024-11-19,1626550.7945824945,0.0
2024-11-20,1626550.7945824945,0.0
2024-11-21,1626550.7945824945,0.0
2024-11-22,1626550.7945824945,0.0
2024-11-25,1626550.7945824945,0.0
2024-11-26,1626550.7945824945,0.0
2024-11-27,1626550.7945824945,0.0
2024-11-28,1626550.7945824945,0.0
2024-11-29,1626550.7945824945,0.0
2024-12-02,1626550.7945824945,0.0
2024-12-03,1626550.7945824945,0.0
2024-12-04,1626550.7945824945,0.0
2024-12-05,1626550.7945824945,0.0
2024-12-06,1626550.7945824945,0.0
2024-12-09,1626550.7945824945,0.0
2024-12-10,1626550.7945824945,0.0
2024-12-11,1626550.7945824945,0.0
2024-12-12,1626550.7945824945,0.0
2024-12-13,1626550.7945824945,0.0
2024-12-16,1626550.7945824945,0.0
2024-12-17,1626550.7945824945,0.0
2024-12-18,1626550.7945824945,0.0
2024-12-19,1626550.7945824945,0.0
2024-12-20,1626550.7945824945,0.0
2024-12-23,1626550.7945824945,0.0
2024-12-24,1626550.7945824945,0.0
2024-12-25,1626550.7945824945,0.0
2024-12-26,1626550.7945824945,0.0
2024-12-27,1639085.1345764939,29.0
2024-12-30,1617484.7479844936,55.0
2024-12-31,1602116.2798304937,53.0
2025-01-02,1598445.010362994,45.0
2025-01-03,1520053.0290339934,56.0
2025-01-06,1495046.4862069932,10.0
2025-01-07,1527428.145332994,80.0
2025-01-08,1523945.1116249938,80.0
2025-01-09,1538494.4462959932,80.0
2025-01-10,1484158.7163944938,80.0
2025-01-13,1490864.4458534939,75.0
2025-01-14,1566440.9046729945,80.0
2025-01-15,1569996.342302493,75.0
2025-01-16,1584352.8933179942,70.0
2025-01-17,1578540.4811774935,57.0
2025-01-20,1588382.879870994,50.0
2025-01-21,1580662.1777864937,36.0
2025-01-22,1571192.6581394938,33.0
2025-01-23,1573003.380929494,31.0
2025-01-24,1581611.028693494,28.0
2025-01-27,1578920.3372579939,19.0
2025-02-05,1583757.189269994,18.0
2025-02-06,1588597.5591489938,15.0
2025-02-07,1591458.728868494,5.0
2025-02-10,1591570.9214074938,0.0
2025-02-11,1591570.9214074938,0.0
2025-02-12,1591570.9214074938,0.0
2025-02-13,1591570.9214074938,0.0
2025-02-14,1591570.9214074938,0.0
2025-02-17,1591570.9214074938,0.0
2025-02-18,1591570.9214074938,0.0
2025-02-19,1591570.9214074938,0.0
2025-02-20,1591570.9214074938,0.0
2025-02-21,1591570.9214074938,0.0
2025-02-24,1591570.9214074938,0.0
2025-02-25,1591570.9214074938,0.0
2025-02-26,1591570.9214074938,0.0
2025-02-27,1591570.9214074938,0.0
2025-02-28,1591570.9214074938,0.0
2025-03-03,1591570.9214074938,0.0
2025-03-04,1591570.9214074938,0.0
2025-03-05,1591570.9214074938,0.0
2025-03-06,1591570.9214074938,0.0
2025-03-07,1591570.9214074938,0.0
2025-03-10,1591570.9214074938,0.0
2025-03-11,1591570.9214074938,0.0
2025-03-12,1591570.9214074938,0.0
2025-03-13,1591570.9214074938,0.0
2025-03-14,1591570.9214074938,0.0
2025-03-17,1591570.9214074938,0.0
2025-03-18,1591570.9214074938,0.0
2025-03-19,1591570.9214074938,0.0
2025-03-20,1591570.9214074938,0.0
2025-03-21,1591570.9214074938,0.0
2025-03-24,1591570.9214074938,0.0
2025-03-25,1591570.9214074938,0.0
2025-03-26,1591570.9214074938,0.0
2025-03-27,1591570.9214074938,0.0
2025-03-28,1591570.9214074938,0.0
2025-03-31,1591570.9214074938,0.0
2025-04-01,1591570.9214074938,0.0
2025-04-02,1591570.9214074938,0.0
2025-04-03,1591570.9214074938,0.0
2025-04-07,1591570.9214074938,0.0
2025-04-08,1591570.9214074938,0.0
2025-04-09,1669691.6379524942,86.0
2025-04-10,1721226.7664364942,86.0
2025-04-11,1740400.0394204936,86.0
2025-04-14,1784797.493478494,86.0
2025-04-15,1783487.5850104932,80.0
2025-04-16,1761652.8924089936,75.0
2025-04-17,1765071.0251809938,74.0
2025-04-18,1776638.4321514938,91.0
2025-04-21,1808171.0515959933,88.0
2025-04-22,1795989.2736864937,76.0
2025-04-23,1820213.3455124935,71.0
2025-04-24,1792127.4935329938,57.0
2025-04-25,1796151.6172849946,54.0
2025-04-28,1785347.7345699943,46.0
2025-04-29,1789604.4094539941,38.0
2025-04-30,1799040.0705149937,31.0
2025-05-06,1816612.6053129942,20.0
2025-05-07,1819980.1861684944,4.0
2025-05-08,1820691.4991124945,3.0
2025-05-09,1820178.9097144944,2.0
2025-05-12,1821111.3963154943,2.0
2025-05-13,1821776.8677824943,0.0
2025-05-14,1821776.8677824943,0.0
2025-05-15,1821776.8677824943,0.0
2025-05-16,1821776.8677824943,0.0
2025-05-19,1821776.8677824943,0.0
2025-05-20,1821776.8677824943,0.0
2025-05-21,1821776.8677824943,0.0
2025-05-22,1821776.8677824943,0.0
2025-05-23,1821776.8677824943,0.0
2025-05-26,1821776.8677824943,0.0
2025-05-27,1821776.8677824943,0.0
2025-05-28,1821776.8677824943,0.0
2025-05-29,1821776.8677824943,0.0
2025-05-30,1821776.8677824943,0.0
2025-06-03,1821776.8677824943,0.0
2025-06-04,1821776.8677824943,0.0
2025-06-05,1821776.8677824943,0.0
2025-06-06,1821776.8677824943,0.0
2025-06-09,1821776.8677824943,0.0
2025-06-10,1821776.8677824943,0.0
2025-06-11,1821776.8677824943,0.0
2025-06-12,1821776.8677824943,0.0
2025-06-13,1821776.8677824943,0.0
2025-06-16,1821776.8677824943,0.0
2025-06-17,1821776.8677824943,0.0
2025-06-18,1821776.8677824943,0.0
2025-06-19,1821776.8677824943,0.0
2025-06-20,1821776.8677824943,0.0
2025-06-23,1821776.8677824943,0.0
2025-06-24,1821776.8677824943,0.0
2025-06-25,1821776.8677824943,0.0
2025-06-26,1821776.8677824943,0.0
2025-06-27,1821776.8677824943,0.0
2025-06-30,1821776.8677824943,0.0
2025-07-01,1821776.8677824943,0.0
2025-07-02,1821776.8677824943,0.0
2025-07-03,1821776.8677824943,0.0
2025-07-04,1821776.8677824943,0.0
2025-07-07,1821776.8677824943,0.0
2025-07-08,1821776.8677824943,0.0
2025-07-09,1821776.8677824943,0.0
2025-07-10,1821776.8677824943,0.0
2025-07-11,1821776.8677824943,0.0
2025-07-14,1821776.8677824943,0.0
2025-07-15,1821776.8677824943,0.0
2025-07-16,1821776.8677824943,0.0
2025-07-17,1821776.8677824943,0.0
2025-07-18,1821776.8677824943,0.0
2025-07-21,1821776.8677824943,0.0
2025-07-22,1821776.8677824943,0.0
2025-07-23,1821776.8677824943,0.0
2025-07-24,1821776.8677824943,0.0
2025-07-25,1821776.8677824943,0.0
2025-07-28,1821776.8677824943,0.0
2025-07-29,1821776.8677824943,0.0
2025-07-30,1821776.8677824943,0.0
2025-07-31,1821776.8677824943,0.0
2025-08-01,1821776.8677824943,0.0
2025-08-04,1821776.8677824943,0.0
2025-08-05,1821776.8677824943,0.0
2025-08-06,1821776.8677824943,0.0
2025-08-07,1821776.8677824943,0.0
2025-08-08,1821776.8677824943,0.0
2025-08-11,1821776.8677824943,0.0
2025-08-12,1821776.8677824943,0.0
2025-08-13,1821776.8677824943,0.0
2025-08-14,1821776.8677824943,0.0
2025-08-15,1821776.8677824943,0.0
2025-08-18,1821776.8677824943,0.0
2025-08-19,1821776.8677824943,0.0
2025-08-20,1821776.8677824943,0.0
2025-08-21,1821776.8677824943,0.0
2025-08-22,1821776.8677824943,0.0
2025-08-25,1821776.8677824943,0.0
2025-08-26,1821776.8677824943,0.0
2025-08-27,1821776.8677824943,0.0
2025-08-28,1821776.8677824943,0.0
2025-08-29,1821776.8677824943,0.0
2025-09-01,1821776.8677824943,0.0
2025-09-02,1821776.8677824943,0.0
2025-09-03,1821776.8677824943,0.0
2025-09-04,1821776.8677824943,0.0
2025-09-05,1821776.8677824943,0.0
2025-09-08,1821776.8677824943,0.0
2025-09-09,1821776.8677824943,0.0
2025-09-10,1821776.8677824943,0.0
2025-09-11,1821776.8677824943,0.0
2025-09-12,1821776.8677824943,0.0
2025-09-15,1821776.8677824943,0.0
2025-09-16,1821776.8677824943,0.0
2025-09-17,1821776.8677824943,0.0
2025-09-18,1821776.8677824943,0.0
2025-09-19,1821776.8677824943,0.0
2025-09-22,1821776.8677824943,0.0
2025-09-23,1821776.8677824943,0.0
2025-09-24,1821776.8677824943,0.0
2025-09-25,1821776.8677824943,0.0
2025-09-26,1821776.8677824943,0.0
2025-09-29,1821776.8677824943,0.0
2025-09-30,1821776.8677824943,0.0
2025-10-09,1821776.8677824943,0.0
2025-10-10,1821776.8677824943,0.0
2025-10-13,1821776.8677824943,0.0
2025-10-14,1821776.8677824943,0.0
2025-10-15,1821776.8677824943,0.0
2025-10-16,1821776.8677824943,0.0
2025-10-17,1821776.8677824943,0.0
2025-10-20,1821776.8677824943,0.0
2025-10-21,1821776.8677824943,0.0
2025-10-22,1821776.8677824943,0.0
2025-10-23,1821776.8677824943,0.0
2025-10-24,1821776.8677824943,0.0
2025-10-27,1821776.8677824943,0.0
2025-10-28,1821776.8677824943,0.0
2025-10-29,1821776.8677824943,0.0
2025-10-30,1821776.8677824943,0.0
2025-10-31,1821776.8677824943,0.0
2025-11-03,1821776.8677824943,0.0
2025-11-04,1821776.8677824943,0.0
2025-11-05,1821776.8677824943,0.0
2025-11-06,1821776.8677824943,0.0
2025-11-07,1821776.8677824943,0.0
2025-11-10,1821776.8677824943,0.0
2025-11-11,1821776.8677824943,0.0
2025-11-12,1821776.8677824943,0.0
2025-11-13,1821776.8677824943,0.0
2025-11-14,1821776.8677824943,0.0
2025-11-17,1821776.8677824943,0.0
2025-11-18,1821776.8677824943,0.0
2025-11-19,1821776.8677824943,0.0
2025-11-20,1821776.8677824943,0.0
2025-11-21,1821776.8677824943,0.0
2025-11-24,1821776.8677824943,0.0
2025-11-25,1821776.8677824943,0.0
2025-11-26,1821776.8677824943,0.0
2025-11-27,1821776.8677824943,0.0
2025-11-28,1821776.8677824943,0.0
2025-12-01,1821776.8677824943,0.0
2025-12-02,1821776.8677824943,0.0
2025-12-03,1821776.8677824943,0.0
2025-12-04,1821776.8677824943,0.0
2025-12-05,1821776.8677824943,0.0
2025-12-08,1821776.8677824943,0.0
2025-12-09,1821776.8677824943,0.0
2025-12-10,1821776.8677824943,0.0
2025-12-11,1821776.8677824943,0.0
2025-12-12,1821776.8677824943,0.0
2025-12-15,1821776.8677824943,0.0
2025-12-16,1821776.8677824943,0.0
2025-12-17,1821776.8677824943,0.0
2025-12-18,1821776.8677824943,0.0
2025-12-19,1821776.8677824943,0.0
2025-12-22,1821776.8677824943,0.0
2025-12-23,1821776.8677824943,0.0
2025-12-24,1821776.8677824943,0.0
2025-12-25,1821776.8677824943,0.0
2025-12-26,1821776.8677824943,0.0
2025-12-29,1821776.8677824943,0.0
2025-12-30,1821776.8677824943,0.0
2025-12-31,1821776.8677824943,0.0
2026-01-05,1821776.8677824943,0.0
2026-01-06,1821776.8677824943,0.0
2026-01-07,1821776.8677824943,0.0
2026-01-08,1821776.8677824943,0.0
2026-01-09,1821776.8677824943,0.0
2026-01-12,1821776.8677824943,0.0
2026-01-13,1821776.8677824943,0.0
2026-01-14,1821776.8677824943,0.0
2026-01-15,1821776.8677824943,0.0
2026-01-16,1821776.8677824943,0.0
2026-01-19,1821776.8677824943,0.0
2026-01-20,1821776.8677824943,0.0
2026-01-21,1821776.8677824943,0.0
2026-01-22,1821776.8677824943,0.0
2026-01-23,1821776.8677824943,0.0
2026-01-26,1821776.8677824943,0.0
2026-01-27,1821776.8677824943,0.0
2026-01-28,1821776.8677824943,0.0
2026-01-29,1821776.8677824943,0.0
2026-01-30,1821776.8677824943,0.0
2026-02-02,1821776.8677824943,0.0
2026-02-03,1821776.8677824943,0.0
2026-02-04,1821776.8677824943,0.0
2026-02-05,1821776.8677824943,0.0
2026-02-06,1821776.8677824943,0.0
2026-02-09,1821776.8677824943,0.0
2026-02-10,1821776.8677824943,0.0
2026-02-11,1821776.8677824943,0.0
2026-02-12,1821776.8677824943,0.0
2026-02-13,1821776.8677824943,0.0
2026-02-24,1821776.8677824943,0.0
2026-02-25,1821776.8677824943,0.0
2026-02-26,1821776.8677824943,0.0
2026-02-27,1821776.8677824943,0.0
2026-03-02,1821776.8677824943,0.0
2026-03-03,1821776.8677824943,0.0
2026-03-04,1821776.8677824943,0.0
2026-03-05,1821776.8677824943,0.0
2026-03-06,1821776.8677824943,0.0
2026-03-09,1821776.8677824943,0.0
2026-03-10,1821776.8677824943,0.0
2026-03-11,1821776.8677824943,0.0
2026-03-12,1821776.8677824943,0.0
2026-03-13,1821776.8677824943,0.0
2026-03-16,1821776.8677824943,0.0
2026-03-17,1821776.8677824943,0.0
2026-03-18,1821776.8677824943,0.0
2026-03-19,1821776.8677824943,0.0
2026-03-20,1821776.8677824943,0.0
2026-03-23,1821776.8677824943,0.0
2026-03-24,1821776.8677824943,0.0
2026-03-25,1831372.118957494,67.0
2026-03-26,1809120.2754464936,66.0
2026-03-27,1834475.5819874941,66.0
2026-03-30,1851459.1373254936,91.0
2026-03-31,1823881.5677139936,90.0
2026-04-01,1851218.6001319936,89.0
2026-04-02,1831786.9151429934,86.0
2026-04-03,1808919.789933494,79.0
2026-04-07,1839626.8642214928,79.0
2026-04-08,1908270.2240599939,101.0
2026-04-09,1883790.9366204944,68.0
2026-04-10,1889909.349587494,63.0
2026-04-13,1896068.529919494,56.0
2026-04-14,1901209.7402769942,45.0
2026-04-15,1894715.8695534943,34.0
2026-04-16,1902157.829246994,29.0
2026-04-17,1898120.1923459943,47.0
2026-04-20,1912328.852832994,45.0
2026-04-21,1927296.1183959935,40.0
2026-04-22,1924726.7460004934,28.0
2026-04-23,1926831.1461269935,25.0
2026-04-24,1923205.8408144934,18.0
2026-04-27,1921156.0825804933,13.0
2026-04-28,1921028.5450149933,11.0
2026-04-29,1923649.4662379932,9.0
2026-04-30,1924063.9406864934,6.0
2026-05-06,1924734.5725504935,4.0
2026-05-07,1925114.2098934934,2.0
2026-05-08,1925126.7123594934,1.0
2026-05-11,1925136.6322474934,0.0
2026-05-12,1925136.6322474934,0.0
2026-05-13,1925136.6322474934,0.0
2026-05-14,1925136.6322474934,0.0
2026-05-15,1925136.6322474934,0.0
2026-05-18,1925136.6322474934,0.0
2026-05-19,1925136.6322474934,0.0
2026-05-20,1925136.6322474934,0.0
2026-05-21,1925136.6322474934,0.0
2026-05-22,1925136.6322474934,0.0
2026-05-25,1925136.6322474934,0.0
2026-05-26,1925136.6322474934,0.0
2026-05-27,1925136.6322474934,0.0
2026-05-28,1925136.6322474934,0.0
2026-05-29,1906928.8677534931,36.0
2026-06-01,1917567.619367493,35.0
2026-06-02,1892877.777047492,85.0
2026-06-03,1887497.7191464922,83.0
2026-06-04,1861439.7898684922,109.0
2026-06-05,1872407.4532504927,97.0
2026-06-08,1819681.5053564918,93.0
2026-06-09,1826250.044099493,99.0
2026-06-10,1807216.5945314937,104.0
2026-06-11,1781250.4993614927,103.0
2026-06-12,1803691.203418492,103.0
2026-06-15,1829773.0293964935,103.0
2026-06-16,1834965.9997304927,105.0
2026-06-17,1814532.2605484934,98.0
2026-06-18,1803159.260561493,80.0
2026-06-22,1789624.859692493,55.0
2026-06-23,1783057.4398184936,74.0
2026-06-24,1727565.0943224926,99.0
2026-06-25,1691505.2516494936,75.0
2026-06-26,1663566.0811764929,37.0
2026-06-29,1658089.3111604927,19.0
2026-06-30,1661911.0425734934,91.0
2026-07-01,1711875.0055044931,92.0
2026-07-02,1714308.9187129927,92.0
2026-07-03,1746675.1571179929,88.0
2026-07-06,1739731.7483989932,79.0
2026-07-07,1695878.4102964932,68.0
2026-07-08,1686309.3698514933,65.0
2026-07-09,1678386.5813364931,58.0
2026-07-10,1706611.8989034935,93.0
2026-07-13,1639455.6991834927,93.0
2026-07-14,1661777.787090493,74.0
2026-07-15,1676917.6186099928,91.0
2026-07-16,1677511.5016299926,90.0
2026-07-17,1632311.3691224928,60.0
2026-07-20,1622222.825246993,31.0
2026-07-21,1621156.7118024928,19.0
2026-07-22,1604873.9420564936,89.0
2026-07-23,1656544.3879684939,89.0
2026-07-24,1618007.8348499932,89.0
2026-07-27,1671253.9202959933,86.0
2026-07-28,1676891.8720839934,90.0
2026-07-29,1711981.8752339932,85.0
2026-07-30,1685408.1953729934,73.0
2026-07-31,1714630.8287239927,70.0
2026-08-03,1744922.4611584935,64.0
2026-08-04,1759961.554243993,35.0
2026-08-05,1764059.456063993,13.0
2026-08-06,1762896.1301199931,4.0
2026-08-07,1763061.7389139931,2.0
2026-08-10,1763049.530452993,1.0
2026-08-11,1763069.681110993,1.0
2026-08-12,1763027.674799993,0.0
2026-08-13,1763027.674799993,0.0
2026-08-14,1763027.674799993,0.0
2026-08-17,1763027.674799993,0.0
2026-08-18,1763027.674799993,0.0
2026-08-19,1763027.674799993,0.0
2026-08-20,1763027.674799993,0.0
2026-08-21,1763027.674799993,0.0
2026-08-24,1763027.674799993,0.0
2026-08-25,1763027.674799993,0.0
