code,entry_date,entry_price,exit_date,exit_price,reason,bars,gross_ret,ret,vol_ratio,density,mc
sh.600006,2020-02-05,10.0342,2020-02-21,11.3631,MA,13,0.132432,0.129201,3.1824,525,108.0167992676153
sh.600012,2018-06-21,10.1244,2018-06-27,9.3145,STOP,5,-0.08,-0.08286,1.9425,348,188.35714435121423
sh.600085,2022-04-28,322.8402,2022-05-09,373.6209,MA,5,0.157294,0.154018,1.629,837,340.51358251874876
sh.600095,2020-02-05,22.4196,2020-02-18,26.0634,MA,10,0.162531,0.159247,1.7705,525,232.70033901727098
sh.600100,2018-06-21,127.8396,2018-07-13,138.4562,MA,17,0.083046,0.079901,3.4137,348,234.3442614534583
sh.600100,2022-04-28,64.5593,2022-05-24,68.4298,MA,16,0.059952,0.056847,4.2258,837,234.3442614534583
sh.600100,2025-04-10,109.9211,2025-05-07,112.7078,MA,17,0.025352,0.022308,2.013,463,234.3442614534583
sh.600110,2022-04-28,98.0585,2022-05-12,107.9102,MA,8,0.100467,0.097291,1.7634,837,177.31260240383065
sh.600110,2024-02-07,46.7109,2024-02-26,53.484,MA,8,0.145,0.141746,1.7218,986,177.31260240383065
sh.600110,2025-04-09,38.3029,2025-04-29,33.7486,STOP,15,-0.118902,-0.121694,2.0717,136,177.31260240383065
sh.600113,2024-02-07,20.1239,2024-02-08,18.0973,STOP,2,-0.100707,-0.10353,2.5529,986,127.30920424287454
sh.600120,2025-04-09,339.1765,2025-04-30,372.1431,MA,16,0.097196,0.094026,2.3025,136,174.03203842095002
sh.600131,2020-02-05,57.6389,2020-02-18,69.9092,MA,10,0.212881,0.209509,1.5315,525,187.51487826590264
sh.600143,2025-04-09,150.1226,2025-04-22,174.0316,MA,10,0.159263,0.155985,2.6315,136,409.1221739313861
sh.600151,2022-04-28,27.4219,2022-05-16,32.1549,MA,10,0.172596,0.169293,2.3193,837,148.29122353091628
sh.600151,2024-02-07,15.4994,2024-02-26,19.2929,MA,8,0.244755,0.241327,1.7971,986,148.29122353091628
sh.600172,2024-02-07,15.8534,2024-02-22,19.9833,MA,6,0.260504,0.257048,1.7598,986,157.10302567340872
sh.600179,2018-06-21,14.8185,2018-07-04,17.2576,MA,10,0.1646,0.161312,1.6497,348,167.43666648013402
sh.600184,2020-02-05,28.9027,2020-02-19,32.6539,MA,11,0.129787,0.12656,2.1002,525,102.77115636875641
sh.600184,2022-04-28,31.1765,2022-05-11,37.4614,MA,7,0.201589,0.198236,1.9261,837,102.77115636875641
sh.600184,2024-02-07,24.6927,2024-02-26,29.0631,MA,8,0.176991,0.173681,1.5384,986,102.77115636875641
sh.600196,2022-04-28,538.6476,2022-05-12,570.0921,MA,8,0.058377,0.055275,1.5722,837,498.9460303537946
sh.600201,2024-02-07,96.7987,2024-02-26,106.1014,MA,8,0.096104,0.092936,1.518,986,145.64016401833518
sh.600206,2024-02-07,28.0877,2024-02-22,31.7991,MA,6,0.132139,0.128908,1.587,986,435.4232965255951
sh.600206,2025-04-09,45.7612,2025-04-16,61.313,MA,6,0.339846,0.336252,1.7998,136,435.4232965255951
sh.600216,2022-04-28,58.4933,2022-05-24,60.5807,MA,16,0.035686,0.032624,1.7129,837,120.13956880637653
sh.600226,2020-02-05,55.0241,2020-02-18,65.8089,MA,10,0.196,0.192657,1.9747,525,179.60622004818748
sh.600259,2020-02-05,28.5188,2020-02-18,32.9629,MA,10,0.15583,0.152558,1.8345,525,288.6143847745194
sh.600268,2022-04-28,39.5587,2022-05-13,40.9322,MA,9,0.034722,0.031661,1.5517,837,112.89786273293505
sh.600316,2022-04-28,90.5866,2022-05-19,100.9044,MA,13,0.1139,0.1107,1.5828,837,202.7647587864914
sh.600330,2022-04-28,29.7952,2022-05-12,33.8061,MA,8,0.134615,0.13138,1.5452,837,292.44543425690307
sh.600331,2020-02-05,15.6442,2020-02-18,17.5907,MA,10,0.124424,0.121206,2.0258,525,260.82605497966017
sh.600338,2020-02-05,13.6835,2020-02-18,16.3789,MA,10,0.196986,0.193641,2.4146,525,124.6821422408205
sh.600338,2022-04-28,28.2183,2022-05-18,32.4965,MA,12,0.151613,0.148348,1.6266,837,124.6821422408205
sh.600338,2024-02-07,12.1217,2024-02-23,14.6553,MA,7,0.209011,0.205645,1.7412,986,124.6821422408205
sh.600338,2026-07-22,18.488,2026-08-03,19.3728,MA,9,0.047855,0.044771,1.779,84,124.6821422408205
sh.600339,2020-02-05,10.9412,2020-02-21,12.0675,MA,13,0.102941,0.099761,2.8277,525,187.48646433617824
sh.600343,2020-02-05,17.5061,2020-02-18,21.3779,MA,10,0.221167,0.21778,1.6017,525,121.33363591506736
sh.600360,2024-02-07,32.7023,2024-02-23,38.4252,MA,7,0.175,0.171694,1.5698,986,100.64301462230989
sh.600366,2020-02-05,46.8386,2020-02-19,56.2418,MA,11,0.200758,0.197406,2.0596,525,130.66911383846835
sh.600366,2024-02-07,46.9291,2024-02-26,55.7225,MA,8,0.187377,0.184049,1.675,986,130.66911383846835
sh.600367,2024-02-07,26.3273,2024-02-27,32.0051,MA,9,0.215663,0.212285,1.8123,986,107.32709420562233
sh.600392,2020-02-05,50.2112,2020-02-18,61.3936,MA,10,0.222707,0.219318,2.3382,525,399.4081720387353
sh.600397,2020-02-05,6.4664,2020-02-19,7.4333,MA,11,0.149533,0.146271,2.0556,525,173.72318103571968
sh.600410,2025-04-10,73.2282,2025-04-25,78.6708,MA,12,0.074324,0.071194,1.9186,463,166.15479536291076
sh.600416,2018-10-22,13.4236,2018-11-07,14.7582,MA,13,0.099415,0.096241,1.5344,282,132.9862704348062
sh.600416,2024-02-07,28.208,2024-02-26,31.662,MA,8,0.122449,0.119235,1.6687,986,132.9862704348062
sh.600446,2025-04-09,181.3905,2025-05-07,199.9979,MA,18,0.102582,0.099402,1.7032,136,103.86087539836633
sh.600458,2020-02-05,35.5596,2020-02-19,40.507,MA,11,0.13913,0.135887,2.4413,525,100.42257720583459
sh.600490,2020-02-05,44.712,2020-02-19,49.2178,MA,11,0.100775,0.097599,1.6676,525,141.8564432697809
sh.600490,2026-03-25,88.8489,2026-04-09,93.8627,MA,11,0.05643,0.053332,1.699,73,141.8564432697809
sh.600499,2022-04-28,303.2817,2022-05-11,332.1837,MA,7,0.095297,0.092131,1.7469,837,274.3795491040377
sh.600509,2020-02-05,13.6253,2020-02-21,16.8672,MA,13,0.237931,0.234515,1.8834,525,104.7458377935051
sh.600516,2019-05-08,98.0613,2019-06-04,90.2164,STOP,20,-0.08,-0.08286,2.3754,200,208.76276652623517
sh.600516,2020-02-05,77.8263,2020-02-20,90.2428,MA,12,0.159541,0.156262,2.2905,525,208.76276652623517
sh.600517,2020-02-05,105.0019,2020-02-18,120.3393,MA,10,0.146067,0.142812,2.4732,525,285.7510769936895
sh.600531,2025-04-10,52.1339,2025-04-22,57.5732,MA,9,0.104334,0.101151,1.5426,463,161.36626849162968
sh.600552,2020-02-05,30.9249,2020-02-18,36.5025,MA,10,0.180361,0.177045,2.0702,525,168.44258543670165
sh.600595,2018-06-21,18.9758,2018-07-16,19.5574,MA,18,0.030651,0.027598,2.5389,348,260.87120577921553
sh.600595,2025-04-10,24.2831,2025-04-22,27.264,MA,9,0.122754,0.11954,2.1082,463,260.87120577921553
sh.600596,2020-02-05,51.883,2020-02-17,62.9783,MA,9,0.213852,0.210478,1.7074,525,145.47310546963618
sh.600635,2020-02-05,504.4885,2020-02-21,561.9,MA,13,0.113801,0.110602,2.4008,525,113.85166824221098
sh.600641,2022-04-28,266.7313,2022-05-12,299.8925,MA,8,0.124324,0.121107,1.7728,837,301.45155825261804
sh.600664,2024-02-07,25.9193,2024-02-23,28.9216,MA,7,0.11583,0.112627,1.7988,986,204.4594937649632
sh.600667,2025-04-10,26.6793,2025-04-28,27.4061,MA,13,0.027244,0.024196,1.6532,463,418.1891109983441
sh.600688,2020-02-05,8.8147,2020-02-21,9.4828,MA,13,0.075802,0.072669,1.7819,525,207.43735195951584
sh.600707,2020-02-05,5.4735,2020-02-19,6.8659,MA,11,0.254386,0.250941,1.7719,525,333.06581208461427
sh.600707,2025-04-10,10.2908,2025-05-06,10.803,MA,16,0.049767,0.04668,1.7705,463,333.06581208461427
sh.600710,2025-04-10,47.8994,2025-04-24,50.9406,MA,11,0.063492,0.060381,1.5346,463,138.43926070771707
sh.600711,2026-03-25,92.929,2026-04-02,105.1953,MA,7,0.131997,0.128766,1.5345,73,360.41857106319594
sh.600737,2026-06-30,160.1868,2026-07-02,182.165,MA,3,0.137203,0.133963,2.0536,83,283.35099174173104
sh.600739,2018-10-18,235.7592,2018-11-05,265.7564,MA,13,0.127237,0.124014,2.9128,78,164.16044056193832
sh.600744,2020-02-05,6.2694,2020-02-20,6.9626,MA,12,0.110577,0.107383,2.3695,525,144.36127945066016
sh.600759,2018-10-22,9.861,2018-11-13,10.6424,MA,17,0.079245,0.076107,9.1377,282,102.52087339277215
sh.600759,2020-02-05,8.3353,2020-02-21,9.4145,MA,13,0.129464,0.126238,2.7924,525,102.52087339277215
sh.600761,2025-04-10,171.9583,2025-05-07,181.9444,MA,17,0.058073,0.054971,1.5207,463,152.798145260086
sh.600763,2022-03-17,307.0692,2022-03-31,340.9194,MA,11,0.110236,0.107043,3.5096,122,163.47193114958236
sh.600773,2022-04-28,62.1243,2022-05-10,70.0412,MA,6,0.127436,0.124213,1.6669,837,104.42779006209496
sh.600776,2020-02-05,59.1489,2020-02-19,67.7264,MA,11,0.145015,0.141761,2.3824,525,122.62350280354103
sh.600783,2020-02-05,56.9918,2020-02-18,65.1004,MA,10,0.142276,0.139027,1.9855,525,131.37298915030576
sh.600801,2020-02-05,142.2495,2020-02-14,164.1559,MA,8,0.154,0.150731,2.1771,525,307.05935823562197
sh.600835,2025-04-10,101.7329,2025-04-22,113.2468,MA,9,0.113177,0.109979,1.935,463,152.80689177853534
sh.600839,2020-02-05,47.8738,2020-02-19,56.1997,MA,11,0.173913,0.170609,2.1852,525,319.7645334727156
sh.600839,2025-04-09,190.9656,2025-04-28,215.2665,MA,14,0.127252,0.12403,1.6826,136,319.7645334727156
sh.600864,2020-02-05,50.1623,2020-02-18,57.2026,MA,10,0.140351,0.137105,1.8606,525,113.17659761432343
sh.600864,2022-04-28,33.9672,2022-05-24,38.0917,MA,16,0.121429,0.118216,2.8451,837,113.17659761432343
sh.600869,2020-02-05,36.0895,2020-02-28,37.3339,MA,18,0.034483,0.031422,3.092,525,350.58724128969095
sh.600869,2024-02-07,29.8527,2024-02-19,34.3974,MA,3,0.152239,0.148972,1.8415,986,350.58724128969095
sh.600884,2018-10-22,216.5429,2018-11-05,232.371,MA,11,0.073095,0.069967,2.3495,282,223.7737519248623
sh.600884,2025-04-10,164.6375,2025-04-25,173.5795,MA,12,0.054313,0.051218,1.7103,463,223.7737519248623
sh.600909,2017-12-07,7.4743,2018-01-04,7.6051,MA,20,0.017497,0.014466,1.5445,156,409.1380126543655
sh.600927,2022-04-28,17.8,2022-05-24,19.1,MA,16,0.073034,0.069906,1.7052,837,188.77311263191734
sh.600933,2025-04-10,15.6399,2025-04-25,17.4384,MA,12,0.114993,0.111791,1.7386,463,135.41538910709002
sh.600967,2018-10-22,43.956,2018-11-05,48.1974,MA,11,0.096491,0.093322,2.4254,282,196.5931054271637
sh.600968,2020-02-05,2.45,2020-02-21,2.69,MA,13,0.097959,0.094788,2.2934,525,396.0873282314995
sh.600977,2020-02-05,12.4653,2020-02-21,15.1439,MA,13,0.21489,0.211514,1.6406,525,233.3322611264554
sh.601000,2018-06-21,12.0313,2018-06-28,11.0688,STOP,6,-0.08,-0.08286,5.4058,348,273.39906431894275
sh.601068,2020-02-05,4.2396,2020-02-19,4.7921,MA,11,0.130332,0.127104,1.915,525,115.95690935304474
sh.601108,2018-10-22,7.0655,2018-11-01,7.9703,MA,9,0.128058,0.124833,1.5601,282,390.8298392658206
sh.601117,2022-03-17,10.1221,2022-03-24,11.4487,MA,6,0.131051,0.127821,1.6136,122,463.90020970998887
sh.601118,2020-02-05,4.2589,2020-02-21,4.7137,MA,13,0.106796,0.103609,1.698,525,232.71303406580697
sh.601126,2022-04-28,26.8546,2022-05-06,29.8145,MA,4,0.11022,0.107028,1.6179,837,368.4272081981474
sh.601133,2024-02-07,9.0095,2024-02-27,10.5584,MA,9,0.17191,0.168609,1.5011,986,134.67917725249083
sh.601162,2020-02-05,5.6457,2020-02-18,6.3865,MA,10,0.131206,0.127976,1.7287,525,315.930901465523
sh.601208,2024-02-07,26.7233,2024-02-20,31.822,MA,4,0.190797,0.187463,1.5886,986,451.1545701631424
sh.601212,2020-02-05,2.9006,2020-02-20,3.4125,MA,12,0.176471,0.173162,1.789,525,411.0909811722119
sh.601222,2022-04-28,32.216,2022-05-12,35.7305,MA,8,0.109091,0.1059,1.5585,837,114.8671262464913
sh.601375,2020-02-05,4.8618,2020-02-13,5.4192,MA,7,0.11465,0.111449,2.0124,525,142.03856956570672
sh.601512,2020-02-05,10.62,2020-03-05,12.15,MA,22,0.144068,0.140816,1.5025,525,117.34757623046723
sh.601519,2020-02-05,19.2699,2020-02-17,23.578,MA,9,0.223565,0.220174,2.6618,525,162.5416382414138
sh.601567,2022-03-17,48.3952,2022-03-31,56.9476,MA,11,0.17672,0.17341,4.5254,122,222.53211442428108
sh.601606,2020-02-05,9.3148,2020-02-19,10.5682,MA,11,0.134553,0.131318,1.8253,525,242.13173013167378
sh.601608,2020-02-05,5.1277,2020-02-19,5.8693,MA,11,0.144615,0.141362,2.7457,525,221.11327408172622
sh.601609,2024-02-07,5.3828,2024-02-23,6.0963,MA,7,0.132554,0.129322,1.5289,986,179.41363115743027
sh.601615,2024-02-02,9.4755,2024-02-05,8.7174,STOP,2,-0.08,-0.08286,4.198,171,260.2114782929519
sh.601615,2025-01-08,11.5865,2025-02-10,12.1053,MA,18,0.044776,0.041698,1.8276,298,260.2114782929519
sh.601777,2020-02-05,2.7133,2020-02-18,3.1948,MA,10,0.177489,0.174179,2.3145,525,377.51795239329687
sh.601808,2020-02-05,18.5125,2020-02-14,20.7568,MA,8,0.121231,0.118019,2.1504,525,362.67948025852905
sh.601865,2025-04-10,16.7781,2025-04-29,15.4359,STOP,14,-0.08,-0.08286,1.7164,463,203.78914783566483
sh.601882,2017-04-20,20.43,2017-05-09,18.7956,STOP,13,-0.08,-0.08286,1.5897,73,103.71148777419063
sh.601969,2018-02-13,6.784,2018-03-07,7.5299,MA,12,0.109955,0.106763,1.8615,103,182.09344874609474
sh.601969,2020-02-05,4.6873,2020-02-21,5.3123,MA,13,0.133333,0.1301,2.2161,525,182.09344874609474
sh.603002,2024-02-07,7.281,2024-02-08,6.6985,STOP,2,-0.08,-0.08286,2.5077,986,171.5808247440543
sh.603002,2024-02-20,8.0839,2024-02-26,9.0511,MA,5,0.119639,0.116429,1.8081,226,171.5808247440543
sh.603009,2018-06-21,20.9549,2018-07-11,19.2785,STOP,15,-0.08,-0.08286,2.4825,348,149.76151156486844
sh.603009,2025-04-10,97.0816,2025-04-22,110.5943,MA,9,0.139189,0.135946,2.425,463,149.76151156486844
sh.603011,2018-02-13,15.0948,2018-03-13,18.4988,MA,16,0.225503,0.222109,2.8373,103,113.80238438913997
sh.603031,2017-12-07,24.0955,2017-12-18,24.7486,MA,8,0.027106,0.024058,1.6079,156,122.91457200909291
sh.603039,2022-04-28,157.7297,2022-05-06,140.1011,STOP,4,-0.111765,-0.114569,2.2591,837,134.9967719828707
sh.603040,2025-04-10,62.837,2025-04-24,70.1076,MA,11,0.115706,0.112503,2.18,463,108.96429784334953
sh.603078,2024-02-07,54.8232,2024-02-23,67.4378,MA,7,0.230097,0.226694,1.8854,986,137.34756588024734
sh.603083,2025-04-10,71.6465,2025-04-28,75.3809,MA,13,0.052122,0.049031,2.8404,463,434.0710845087781
sh.603093,2020-02-05,20.2,2020-02-19,24.46,MA,11,0.210891,0.207522,1.7177,525,106.93182684227247
sh.603093,2022-04-28,10.1233,2022-05-27,10.0441,MA,19,-0.007819,-0.010805,1.7764,837,106.93182684227247
sh.603099,2020-02-05,7.5118,2020-02-21,8.5529,MA,13,0.138587,0.135344,2.9294,525,106.9459464018433
sh.603115,2020-02-05,16.63,2020-02-20,19.22,MA,12,0.155743,0.15247,1.585,525,187.4768104993214
sh.603115,2024-02-07,11.7177,2024-02-26,13.1573,MA,8,0.12286,0.119645,2.1176,986,187.4768104993214
sh.603118,2025-04-10,21.6776,2025-05-06,23.725,MA,16,0.094451,0.091286,1.9793,463,121.98507963184228
sh.603127,2024-02-07,119.3941,2024-02-23,136.1633,MA,7,0.140453,0.137207,1.6262,986,308.88597713093066
sh.603129,2022-03-17,117.5592,2022-03-24,124.2694,MA,6,0.05708,0.05398,1.9367,122,461.4243852833366
sh.603129,2025-04-10,167.1202,2025-04-16,153.7505,STOP,5,-0.08,-0.08286,1.751,463,461.4243852833366
sh.603132,2024-02-07,10.7763,2024-02-23,12.5137,MA,7,0.161227,0.157944,1.8123,986,182.9871964437564
sh.603160,2022-04-28,52.2152,2022-05-23,60.6106,MA,15,0.160784,0.157503,2.9667,837,242.32534694917436
sh.603171,2024-02-07,22.5178,2024-02-23,27.6845,MA,7,0.229449,0.226047,2.6737,986,184.77411472450558
sh.603185,2025-04-10,51.0608,2025-05-06,54.6724,MA,16,0.07073,0.067606,1.5369,463,114.06753525214366
sh.603198,2022-03-17,70.4867,2022-03-28,64.8478,STOP,8,-0.08,-0.08286,2.093,122,315.10106255003706
sh.603203,2024-02-07,54.8354,2024-02-23,64.3023,MA,7,0.172642,0.16934,1.6913,986,140.89637045680277
sh.603218,2018-02-08,17.6349,2018-03-06,19.112,MA,14,0.083761,0.080614,1.9436,68,103.04291369970842
sh.603218,2022-04-28,30.0721,2022-05-18,34.1598,MA,12,0.135929,0.132691,2.1983,837,103.04291369970842
sh.603220,2020-02-05,17.2255,2020-02-19,20.3007,MA,11,0.17853,0.175217,2.0256,525,101.56692046360256
sh.603226,2018-02-13,23.827,2018-03-07,25.7078,MA,12,0.078936,0.075798,3.5921,103,164.57248562909183
sh.603226,2020-02-05,24.7179,2020-02-24,28.1495,MA,14,0.13883,0.135587,2.1644,525,164.57248562909183
sh.603233,2022-04-28,49.1027,2022-05-06,54.4332,MA,4,0.108558,0.105368,1.6991,837,206.6312522625956
sh.603268,2019-05-08,21.9777,2019-05-16,26.1605,MA,7,0.190323,0.18699,1.5316,200,415.67429581535066
sh.603268,2022-04-28,23.9353,2022-05-12,28.4829,MA,8,0.189994,0.186662,2.0585,837,415.67429581535066
sh.603268,2024-04-18,19.6444,2024-04-22,18.0728,STOP,3,-0.08,-0.08286,2.0364,100,415.67429581535066
sh.603268,2024-06-11,16.893,2024-06-19,20.628,MA,7,0.221097,0.21771,1.5854,145,415.67429581535066
sh.603283,2022-04-28,16.1538,2022-05-12,17.803,MA,8,0.102094,0.098916,1.9712,837,157.85755419734159
sh.603283,2025-04-10,51.2023,2025-04-30,46.4742,STOP,15,-0.09234,-0.095179,2.4707,463,157.85755419734159
sh.603297,2025-04-10,109.154,2025-04-18,119.4576,MA,7,0.094395,0.09123,1.5988,463,115.15504543960193
sh.603298,2025-04-10,41.1147,2025-04-24,44.8546,MA,11,0.09096,0.087801,1.643,463,345.34224713445917
sh.603301,2024-02-07,39.471,2024-02-19,48.4478,MA,3,0.227429,0.224031,1.6094,986,224.0908659605896
sh.603303,2024-02-07,21.8789,2024-02-20,25.4137,MA,4,0.161563,0.15828,1.7337,986,107.81119572654094
sh.603305,2025-04-10,23.8166,2025-04-24,26.5591,MA,11,0.115152,0.11195,2.058,463,136.1093962047865
sh.603306,2024-02-07,36.6596,2024-02-23,43.0371,MA,7,0.173966,0.170661,1.6382,986,238.28396136146878
sh.603306,2025-04-10,68.6637,2025-04-24,76.9709,MA,11,0.120984,0.117772,1.8433,463,238.28396136146878
sh.603308,2024-01-24,15.5962,2024-02-01,14.3485,STOP,7,-0.08,-0.08286,1.5928,148,321.67643565337266
sh.603308,2025-04-10,25.4062,2025-04-22,29.0674,MA,9,0.144107,0.140855,1.649,463,321.67643565337266
sh.603317,2020-02-05,34.6875,2020-02-20,40.7402,MA,12,0.174493,0.171187,1.5607,525,154.65888465517904
sh.603328,2024-02-07,16.2622,2024-02-23,18.7707,MA,7,0.154255,0.150985,1.6226,986,107.47250223919804
sh.603328,2025-04-10,23.8941,2025-04-30,25.4319,MA,15,0.064356,0.061244,1.9287,463,107.47250223919804
sh.603338,2025-04-10,334.1503,2025-04-16,307.4182,STOP,5,-0.08,-0.08286,2.4677,463,287.13412654085687
sh.603345,2017-05-25,29.0,2017-06-01,26.68,STOP,4,-0.08,-0.08286,462.4755,82,248.40710938534065
sh.603444,2018-02-13,150.3016,2018-03-07,167.8898,MA,12,0.117019,0.113814,5.7941,103,277.77585664237426
sh.603486,2022-03-17,154.4919,2022-04-11,142.1326,STOP,16,-0.08,-0.08286,1.7557,122,341.323084690497
sh.603486,2025-04-10,69.7498,2025-04-25,77.1433,MA,12,0.106,0.102815,2.5703,463,341.323084690497
sh.603516,2025-04-10,80.7075,2025-04-25,69.0794,STOP,12,-0.144077,-0.146824,2.2746,463,197.73644590033533
sh.603530,2020-02-05,16.33,2020-02-19,19.0,MA,11,0.163503,0.160217,2.4182,525,199.16206816296295
sh.603601,2024-02-07,35.4505,2024-02-08,32.6145,STOP,2,-0.08,-0.08286,2.4859,986,104.80714866150758
sh.603605,2018-08-08,42.2499,2018-08-09,38.3971,STOP,2,-0.091191,-0.094032,1.7376,85,232.93697269449447
sh.603618,2018-02-08,20.8151,2018-02-28,22.3785,MA,10,0.07511,0.071979,2.1605,68,188.8781537951123
sh.603618,2022-04-28,15.1307,2022-05-10,19.1593,MA,6,0.266247,0.262781,1.505,837,188.8781537951123
sh.603618,2024-02-07,12.8982,2024-02-27,15.6068,MA,9,0.21,0.206632,2.2985,986,188.8781537951123
sh.603629,2020-02-05,22.6435,2020-02-19,25.6176,MA,11,0.131345,0.128115,2.1021,525,438.14991687768645
sh.603638,2022-04-28,84.5288,2022-05-24,77.7665,STOP,16,-0.08,-0.08286,2.1232,837,174.548477918696
sh.603662,2022-04-28,30.8132,2022-05-20,32.5619,MA,14,0.056751,0.053652,1.736,837,148.5000417045132
sh.603662,2025-04-10,145.1603,2025-04-22,160.6692,MA,9,0.10684,0.103653,1.9797,463,148.5000417045132
sh.603663,2025-04-09,57.3318,2025-04-15,68.6367,MA,5,0.197183,0.193838,1.5904,136,241.98526098872009
sh.603678,2018-10-18,38.3259,2018-11-02,42.4658,MA,12,0.108019,0.10483,1.7143,78,228.97443098342697
sh.603678,2022-04-28,90.4787,2022-05-11,105.0979,MA,7,0.161576,0.158293,1.51,837,228.97443098342697
sh.603678,2024-02-02,51.3556,2024-02-05,47.2471,STOP,2,-0.08,-0.08286,1.7473,171,228.97443098342697
sh.603678,2024-02-07,47.4498,2024-02-27,53.889,MA,9,0.135706,0.132469,2.0751,986,228.97443098342697
sh.603728,2025-04-10,75.4899,2025-04-24,87.0253,MA,11,0.152807,0.14954,2.302,463,216.19496225203423
sh.603730,2018-06-21,26.6812,2018-07-10,27.961,MA,14,0.047963,0.04488,1.7282,348,218.14420400352623
sh.603738,2024-02-07,50.2694,2024-02-23,61.0308,MA,7,0.214076,0.210702,1.6435,986,139.6665530323347
sh.603823,2020-02-05,21.9779,2020-02-18,24.8307,MA,10,0.129803,0.126576,1.862,525,291.07293313137103
sh.603823,2024-02-19,13.4857,2024-02-26,15.1464,MA,6,0.123145,0.11993,1.7548,103,291.07293313137103
sh.603826,2017-12-07,14.1744,2017-12-22,14.9368,MA,12,0.053786,0.050692,1.7591,156,144.85555910974983
sh.603859,2022-04-28,22.6872,2022-05-13,25.8573,MA,9,0.139732,0.136488,1.8482,837,101.05475632292573
sh.603859,2025-04-09,38.9286,2025-04-28,45.3865,MA,14,0.165891,0.162601,2.4765,136,101.05475632292573
sh.603876,2024-02-07,15.6234,2024-02-27,17.7881,MA,9,0.138554,0.135312,1.5992,986,203.88473412611123
sh.603906,2025-04-09,18.3677,2025-05-06,20.4669,MA,17,0.114286,0.111086,2.6107,136,109.8836561301691
sh.603920,2022-04-28,18.8957,2022-05-06,20.6188,MA,4,0.091193,0.088033,1.677,837,263.2205154333963
sh.603920,2024-02-07,20.0996,2024-02-20,23.0744,MA,4,0.148003,0.144744,1.5942,986,263.2205154333963
sh.603920,2025-04-10,40.2635,2025-05-06,43.2316,MA,16,0.073718,0.070589,3.4514,463,263.2205154333963
sh.603929,2024-02-07,16.4207,2024-02-26,19.8241,MA,8,0.207261,0.203898,1.504,986,348.09067489465167
sh.603938,2024-02-07,32.2024,2024-02-26,37.3802,MA,8,0.160788,0.157506,1.9538,986,162.66677168827948
sh.603979,2025-04-10,58.4935,2025-04-24,62.8294,MA,11,0.074126,0.070996,1.562,463,468.31695347930474
sh.603989,2018-07-09,41.9393,2018-07-16,46.0,MA,6,0.096824,0.093654,2.1222,70,112.98196549191854
sh.603989,2024-02-07,34.5331,2024-02-23,38.8784,MA,7,0.125828,0.122608,1.6687,986,112.98196549191854
sh.603991,2018-02-08,21.45,2018-03-06,23.12,MA,14,0.077855,0.074719,1.7412,68,118.02057114592567
sh.603991,2024-04-18,28.1474,2024-05-10,25.8956,STOP,14,-0.08,-0.08286,1.9743,100,118.02057114592567
sh.603991,2025-04-10,47.0812,2025-04-22,52.336,MA,9,0.111613,0.108418,2.1145,463,118.02057114592567
sh.603992,2020-02-05,15.14,2020-02-24,17.11,MA,14,0.130119,0.126891,1.7941,525,101.62665309829418
sh.603992,2024-02-07,14.1714,2024-02-21,18.2265,MA,5,0.28614,0.282639,2.001,986,101.62665309829418
sh.605060,2025-04-10,17.3127,2025-05-06,19.1175,MA,16,0.104245,0.101062,3.0075,463,100.56322190396797
sh.605099,2025-04-10,19.7666,2025-04-28,21.5498,MA,13,0.090213,0.087055,2.0751,463,131.9903584580361
sh.605198,2024-02-07,17.9812,2024-02-08,16.5427,STOP,2,-0.08,-0.08286,1.5176,986,172.85916409193047
sh.605289,2024-04-18,34.0085,2024-04-26,38.9108,MA,7,0.144148,0.140895,1.7399,100,158.05869463501307
sh.605289,2025-04-10,26.8686,2025-04-22,29.7492,MA,9,0.107212,0.104024,1.8233,463,158.05869463501307
sh.605376,2024-02-07,16.8262,2024-02-26,20.8799,MA,8,0.24092,0.237498,2.3289,986,405.8153244834541
sh.605599,2024-02-07,12.394,2024-02-20,14.6602,MA,4,0.182842,0.179522,1.9109,986,126.51657531548977
sz.000032,2020-02-05,37.2795,2020-02-17,49.9363,MA,9,0.339511,0.335917,2.6254,525,176.07865351467612
sz.000032,2022-04-28,43.149,2022-05-24,44.4107,MA,16,0.02924,0.026189,1.5019,837,176.07865351467612
sz.000034,2025-04-10,72.6584,2025-04-29,76.0694,MA,14,0.046944,0.043862,1.5843,463,207.41580001492122
sz.000035,2024-02-07,9.4387,2024-02-23,10.5077,MA,7,0.11326,0.110061,2.7015,986,112.18155014251045
sz.000061,2020-02-05,95.9107,2020-02-10,112.7483,MA,4,0.175556,0.172248,2.616,525,105.15594670025119
sz.000062,2020-02-05,66.0675,2020-02-19,76.1512,MA,11,0.152627,0.14936,1.7067,525,238.4542061202485
sz.000066,2022-04-28,71.2519,2022-05-13,82.341,MA,9,0.155633,0.152361,1.621,837,471.1342154819864
sz.000070,2020-02-05,22.0522,2020-02-18,25.5605,MA,10,0.159091,0.155813,1.8808,525,124.25296686569457
sz.000099,2025-04-09,59.4173,2025-04-24,68.156,MA,12,0.147074,0.143816,2.5321,136,110.34876916354725
sz.000155,2018-07-09,5.8907,2018-07-26,6.4845,MA,14,0.100806,0.09763,1.5805,70,225.30858352975267
sz.000158,2025-04-09,39.4235,2025-04-21,47.0109,MA,9,0.192457,0.18912,1.6331,136,212.13131332054164
sz.000400,2022-04-28,87.8233,2022-05-11,96.963,MA,7,0.104069,0.100887,1.7907,837,228.69610457829216
sz.000506,2024-02-07,5.8749,2024-02-27,7.1244,MA,9,0.212687,0.209314,2.053,986,166.25252174392784
sz.000534,2022-04-28,24.4609,2022-05-16,29.0672,MA,10,0.188312,0.184982,1.8165,837,136.0280027166419
sz.000553,2020-02-05,26.1898,2020-02-14,31.4597,MA,8,0.20122,0.197867,3.3011,525,118.0163262909554
sz.000555,2024-02-07,17.8671,2024-02-20,20.4034,MA,4,0.141952,0.138703,1.5571,986,105.52781362906654
sz.000564,2020-02-05,4.546,2020-02-21,5.2059,MA,13,0.145161,0.141907,1.8723,525,216.68438900780328
sz.000592,2020-02-05,11.2795,2020-02-21,12.7997,MA,13,0.134783,0.131547,1.8676,525,122.88096501374152
sz.000592,2024-06-11,7.7975,2024-06-20,7.1737,STOP,8,-0.08,-0.08286,2.7052,145,122.88096501374152
sz.000603,2024-02-07,17.0332,2024-02-23,19.4879,MA,7,0.14411,0.140858,1.735,986,216.98602388964886
sz.000612,2020-02-05,25.58,2020-02-19,29.458,MA,11,0.151603,0.148338,3.1165,525,133.30375842790002
sz.000612,2024-02-07,33.516,2024-02-26,37.3863,MA,8,0.115473,0.112271,1.7368,986,133.30375842790002
sz.000620,2020-02-05,3.6386,2020-03-05,4.0155,MA,22,0.10356,0.100379,5.1651,525,131.1381279154647
sz.000629,2020-02-05,15.0534,2020-02-18,17.3485,MA,10,0.152466,0.1492,2.3615,525,286.2927713133988
sz.000680,2025-04-09,35.0004,2025-04-22,41.1073,MA,10,0.174479,0.171174,1.5822,136,142.02363139645894
sz.000688,2025-04-10,40.7412,2025-04-24,44.5411,MA,11,0.093269,0.090106,1.7569,463,372.71363688485303
sz.000700,2024-02-07,57.7068,2024-02-22,69.5764,MA,6,0.205689,0.202329,2.0577,986,103.80314583949821
sz.000711,2020-02-05,28.7368,2020-02-21,33.3888,MA,13,0.16188,0.158597,2.5803,525,135.31815625946098
sz.000723,2020-02-05,41.1503,2020-02-18,50.7086,MA,10,0.232278,0.228871,1.9601,525,157.84441325135685
sz.000727,2018-10-22,5.2505,2018-11-05,6.1042,MA,11,0.162602,0.159317,2.7535,282,101.7533508859533
sz.000727,2020-02-05,7.1287,2020-02-19,8.1105,MA,11,0.137725,0.134484,2.2126,525,101.7533508859533
sz.000727,2025-04-10,10.2022,2025-05-07,10.5437,MA,17,0.033473,0.030414,1.7036,463,101.7533508859533
sz.000737,2024-02-07,11.8498,2024-02-23,13.9235,MA,7,0.175,0.171694,1.8788,986,270.93030972212625
sz.000762,2022-04-28,122.7255,2022-05-06,136.8595,MA,4,0.115168,0.111966,1.8349,837,121.7229273341467
sz.000801,2025-04-09,148.9449,2025-04-23,169.1446,MA,11,0.135618,0.132381,1.5571,136,116.67658963487473
sz.000810,2025-04-10,62.4482,2025-05-07,66.7239,MA,17,0.068468,0.065349,1.707,463,106.63479889199085
sz.000811,2024-02-07,120.1272,2024-02-23,137.5141,MA,7,0.144737,0.141484,1.6072,986,402.08248288506775
sz.000815,2018-06-21,22.5836,2018-06-26,20.7769,STOP,4,-0.08,-0.08286,3.815,348,124.94493617103836
sz.000815,2024-02-07,16.3698,2024-02-23,23.158,MA,7,0.414673,0.410947,2.9687,986,124.94493617103836
sz.000830,2020-02-05,39.0428,2020-02-18,44.1908,MA,10,0.131855,0.128625,2.0881,525,238.8537844676252
sz.000837,2020-02-05,10.5125,2020-02-20,12.2131,MA,12,0.161765,0.158482,2.2506,525,101.0604316364312
sz.000878,2020-02-05,22.3388,2020-02-20,25.4319,MA,12,0.138462,0.135219,2.1442,525,327.7703302726354
sz.000887,2025-04-10,110.7497,2025-04-30,120.0074,MA,15,0.083591,0.080445,1.9253,463,263.4080960294104
sz.000901,2018-06-21,40.6141,2018-07-04,47.1661,MA,10,0.161324,0.158041,1.5365,348,117.20402145138591
sz.000902,2020-02-05,17.1337,2020-02-18,20.1215,MA,10,0.174383,0.171078,3.1489,525,155.7593681004131
sz.000921,2018-10-22,7.7715,2018-11-07,8.0793,MA,13,0.039604,0.036535,1.5138,282,246.29136386137674
sz.000921,2020-02-05,11.4823,2020-03-06,12.1577,MA,23,0.058824,0.055721,2.002,525,246.29136386137674
sz.000927,2020-02-05,4.3441,2020-02-21,4.9397,MA,13,0.137097,0.133857,1.6467,525,148.69339566291217
sz.000935,2020-02-05,23.3952,2020-02-21,26.8562,MA,13,0.147939,0.14468,1.9748,525,173.0490821007428
sz.000949,2017-04-20,17.524,2017-05-11,16.1221,STOP,15,-0.08,-0.08286,1.6765,73,107.3614571143042
sz.000949,2024-02-07,8.5908,2024-02-27,10.0531,MA,9,0.170213,0.166915,1.645,986,107.3614571143042
sz.000951,2020-02-05,43.5912,2020-02-14,49.1965,MA,8,0.128588,0.125363,2.3601,525,252.33254348596554
sz.000958,2020-02-05,14.3162,2020-02-21,16.3521,MA,13,0.142212,0.138963,2.9241,525,293.05358139051083
sz.000962,2020-02-05,14.5508,2020-02-18,17.1599,MA,10,0.17931,0.175997,2.0519,525,264.0884132672533
sz.000973,2018-06-21,9.9214,2018-07-02,10.8968,MA,8,0.098315,0.095143,1.5218,348,134.61001454441657
sz.000973,2024-02-07,9.6939,2024-02-27,11.3623,MA,9,0.172107,0.168806,1.875,986,134.61001454441657
sz.000981,2025-04-09,11.2393,2025-05-07,12.9319,MA,18,0.150602,0.147339,1.9986,136,263.86929113410605
sz.000990,2020-02-05,27.172,2020-02-20,30.9673,MA,12,0.139674,0.13643,1.6559,525,111.06696652003075
sz.001270,2024-02-07,55.3769,2024-02-23,68.7999,MA,7,0.242394,0.238969,2.047,986,230.4383212159874
sz.001287,2025-04-10,17.0624,2025-04-14,21.0883,MA,3,0.235955,0.232542,1.6733,463,174.44448777892873
sz.001301,2024-02-07,25.9368,2024-02-23,29.5405,MA,7,0.138943,0.1357,1.611,986,142.7163918446693
sz.001696,2020-02-05,87.4219,2020-02-18,102.7432,MA,10,0.175258,0.171951,2.7606,525,137.7393470735602
sz.001696,2024-02-07,104.6706,2024-02-23,118.0735,MA,7,0.128049,0.124825,1.7513,986,137.7393470735602
sz.001696,2025-04-10,408.5316,2025-04-24,461.8748,MA,11,0.130573,0.127345,1.946,463,137.7393470735602
sz.002011,2018-10-18,20.984,2018-10-19,17.7887,STOP,2,-0.152273,-0.155006,1.7391,78,109.16856688782953
sz.002015,2022-04-28,58.1756,2022-05-11,67.0491,MA,7,0.152529,0.149262,1.5442,837,252.11351807853902
sz.002043,2022-03-17,57.3766,2022-03-29,52.7865,STOP,9,-0.08,-0.08286,1.6122,122,104.0031379165332
sz.002044,2022-04-28,35.5566,2022-05-23,37.5734,MA,15,0.056723,0.053623,1.6067,837,187.07067849697503
sz.002046,2020-02-05,20.8086,2020-02-20,23.5805,MA,12,0.133212,0.129979,1.7668,525,249.0399750482126
sz.002046,2022-04-28,34.6682,2022-05-11,39.1021,MA,7,0.127894,0.12467,1.9864,837,249.0399750482126
sz.002048,2022-02-15,143.534,2022-02-24,132.0513,STOP,8,-0.08,-0.08286,1.66,73,135.57306591479372
sz.002048,2025-04-10,107.2983,2025-04-25,115.5646,MA,12,0.07704,0.073906,1.6121,463,135.57306591479372
sz.002056,2025-04-10,122.4383,2025-05-07,128.3901,MA,17,0.048611,0.045526,1.5523,463,353.00365179504945
sz.002065,2018-10-18,198.0288,2018-11-05,228.0056,MA,13,0.151376,0.148111,1.7542,78,211.6367993550741
sz.002065,2022-04-28,175.7754,2022-05-23,182.2971,MA,15,0.037102,0.034038,2.4587,837,211.6367993550741
sz.002065,2025-04-10,295.5831,2025-04-24,312.5009,MA,11,0.057235,0.054135,1.8862,463,211.6367993550741
sz.002074,2022-04-28,112.7042,2022-05-11,130.241,MA,7,0.1556,0.152328,1.9393,837,480.0203008507129
sz.002083,2024-02-07,9.9032,2024-02-28,11.318,MA,10,0.142857,0.139607,1.8661,986,108.74418227181275
sz.002085,2025-04-10,123.2043,2025-04-24,138.7874,MA,11,0.126482,0.123261,2.0571,463,225.47631179528466
sz.002129,2018-02-13,33.5993,2018-03-01,37.6681,MA,8,0.121099,0.117887,7.0099,103,373.6078332353893
sz.002130,2024-02-07,117.8856,2024-02-22,129.2805,MA,6,0.096661,0.093492,1.6185,986,195.39965885448953
sz.002130,2025-04-10,369.0089,2025-05-06,391.0362,MA,16,0.059693,0.056589,2.1453,463,195.39965885448953
sz.002131,2025-04-09,134.257,2025-04-22,161.556,MA,10,0.203333,0.199977,1.8577,136,303.23022128853484
sz.002138,2025-04-10,180.3632,2025-04-22,198.1188,MA,9,0.098444,0.095271,1.6369,463,372.07634723556714
sz.002139,2024-02-07,120.9432,2024-02-20,135.2319,MA,4,0.118143,0.114937,1.5938,986,107.23082570160926
sz.002139,2025-04-10,213.8542,2025-04-24,231.3047,MA,11,0.0816,0.078457,1.9069,463,107.23082570160926
sz.002145,2022-04-28,21.9594,2022-05-10,25.6193,MA,6,0.166667,0.163375,2.0598,837,171.3847447046979
sz.002149,2020-02-05,19.6761,2020-02-18,23.5176,MA,10,0.195238,0.191896,1.8649,525,185.77152738348656
sz.002149,2022-04-28,29.5048,2022-05-12,35.067,MA,8,0.188516,0.185186,1.7525,837,185.77152738348656
sz.002149,2024-02-07,37.5237,2024-02-23,41.4392,MA,7,0.104348,0.101165,1.6164,986,185.77152738348656
sz.002151,2022-04-28,156.461,2022-05-18,171.4617,MA,12,0.095875,0.092707,1.5998,837,129.26247489222231
sz.002153,2024-02-07,286.6308,2024-02-23,339.7926,MA,7,0.185471,0.182147,1.6624,986,133.77841039128646
sz.002157,2020-02-05,187.3451,2020-02-17,225.5193,MA,9,0.203764,0.200408,1.9271,525,230.25783421209746
sz.002158,2022-04-28,57.399,2022-05-11,64.3832,MA,7,0.121678,0.118465,2.0021,837,144.04885759098624
sz.002167,2018-10-22,38.353,2018-11-06,41.4181,MA,12,0.079918,0.076778,1.687,282,126.82445810453676
sz.002167,2020-02-05,41.9683,2020-02-19,48.963,MA,11,0.166667,0.163375,3.244,525,126.82445810453676
sz.002176,2020-04-02,27.7281,2020-04-16,28.7646,MA,10,0.037383,0.034318,1.5586,63,157.47005946635238
sz.002182,2024-02-07,50.002,2024-02-23,53.2594,MA,7,0.065144,0.06203,1.6719,986,106.30999784271309
sz.002183,2025-04-09,61.4318,2025-04-15,72.0497,MA,5,0.17284,0.169537,2.0757,136,118.95246283905462
sz.002217,2018-10-18,24.3612,2018-11-05,28.0352,MA,13,0.150812,0.147548,1.6488,78,109.01450349085478
sz.002222,2024-02-07,55.3787,2024-02-23,67.0231,MA,7,0.210269,0.206901,1.6079,986,292.2482929569107
sz.002240,2022-04-28,63.1327,2022-05-05,70.0361,MA,3,0.109347,0.106156,1.9665,837,292.4477404035469
sz.002245,2018-06-21,86.4955,2018-07-13,87.7292,MA,17,0.014263,0.011238,1.7071,348,283.2625495725622
sz.002245,2025-04-10,169.2581,2025-05-06,178.4523,MA,16,0.054321,0.051226,1.6047,463,283.2625495725622
sz.002249,2022-04-28,59.2594,2022-05-13,64.4124,MA,9,0.086957,0.083804,1.5152,837,137.95458848440896
sz.002254,2022-04-28,73.9413,2022-05-12,84.2421,MA,8,0.139311,0.136068,1.7291,837,104.48161004013657
sz.002254,2024-02-07,64.1061,2024-02-22,72.6246,MA,6,0.132881,0.129648,1.5604,986,104.48161004013657
sz.002261,2025-04-09,238.4515,2025-04-18,291.9815,MA,8,0.22449,0.221097,1.6921,136,300.0824166517926
sz.002265,2020-02-05,7.219,2020-02-18,8.6629,MA,10,0.2,0.19665,2.1205,525,196.32045031432358
sz.002265,2025-04-09,17.7769,2025-04-24,20.7848,MA,12,0.169205,0.165909,2.2965,136,196.32045031432358
sz.002273,2025-04-10,280.397,2025-04-30,290.2328,MA,15,0.035078,0.032017,2.4513,463,369.39150140887415
sz.002276,2024-02-07,28.7387,2024-02-22,32.2687,MA,6,0.12283,0.119615,1.7687,986,103.89886064808975
sz.002289,2018-10-22,7.8508,2018-11-05,8.491,MA,11,0.081553,0.078411,1.5834,282,102.56527134504833
sz.002297,2020-02-05,15.4056,2020-02-18,18.0586,MA,10,0.172211,0.16891,2.5582,525,102.79608199514101
sz.002297,2024-02-07,15.1644,2024-02-26,18.3903,MA,8,0.212724,0.209351,1.7508,986,102.79608199514101
sz.002317,2024-02-07,127.5582,2024-02-23,145.8601,MA,7,0.143478,0.140227,1.8128,986,210.00519226220604
sz.002338,2024-02-07,67.8051,2024-02-23,82.3464,MA,7,0.214458,0.211083,1.834,986,102.43756606656078
sz.002340,2022-04-28,155.3168,2022-05-12,170.1316,MA,8,0.095385,0.092218,1.867,837,339.6958702619367
sz.002354,2025-04-09,14.426,2025-04-28,17.2997,MA,14,0.199203,0.195855,2.2162,136,125.39721473036896
sz.002364,2024-02-07,31.767,2024-02-08,28.6565,STOP,2,-0.097917,-0.100745,2.3401,986,220.62802420225532
sz.002366,2020-02-05,12.4515,2020-02-19,14.7366,MA,11,0.183521,0.180199,1.9447,525,112.28097626867157
sz.002373,2025-04-10,34.229,2025-04-29,36.4173,MA,14,0.063932,0.060821,1.6239,463,107.44315448389317
sz.002378,2020-02-05,8.7776,2020-02-18,10.6377,MA,10,0.211905,0.208534,1.9376,525,309.24221942912953
sz.002378,2024-02-07,11.7729,2024-02-22,13.1711,MA,6,0.118765,0.115557,1.6941,986,309.24221942912953
sz.002389,2022-04-28,83.0499,2022-05-10,96.202,MA,6,0.158364,0.155087,1.6259,837,182.21049549081206
sz.002389,2024-02-02,83.2688,2024-02-05,76.6073,STOP,2,-0.08,-0.08286,1.881,171,182.21049549081206
sz.002399,2024-02-07,29.2835,2024-02-23,32.9629,MA,7,0.125648,0.122428,1.5157,986,128.1403150452448
sz.002400,2020-02-05,51.2502,2020-02-21,56.0434,MA,13,0.093525,0.090362,2.1403,525,117.4886378402866
sz.002400,2025-04-10,129.3921,2025-05-06,137.4791,MA,16,0.0625,0.059391,1.5472,463,117.4886378402866
sz.002402,2024-02-07,124.1735,2024-02-20,138.5864,MA,4,0.116071,0.112868,1.777,986,171.22334146162532
sz.002402,2025-04-10,215.732,2025-04-22,237.0681,MA,9,0.098901,0.095728,2.4868,463,171.22334146162532
sz.002405,2022-04-28,45.7726,2022-05-13,51.4991,MA,9,0.125109,0.12189,1.6129,837,155.1085639091962
sz.002413,2024-02-02,18.8629,2024-02-05,17.3539,STOP,2,-0.08,-0.08286,2.4178,171,108.33108324393645
sz.002416,2020-02-05,16.6167,2020-02-21,19.0984,MA,13,0.149351,0.146089,1.7216,525,119.11234779792032
sz.002416,2022-04-28,20.6916,2022-05-11,24.1708,MA,7,0.168146,0.164852,2.0044,837,119.11234779792032
sz.002429,2025-04-10,42.3059,2025-05-08,41.3761,MA,18,-0.021978,-0.02494,1.5689,463,364.0574532576044
sz.002439,2025-04-10,129.6294,2025-05-06,131.1445,MA,16,0.011688,0.008668,1.5783,463,101.99479711573646
sz.002444,2025-04-10,108.3312,2025-04-16,99.6647,STOP,5,-0.08,-0.08286,4.123,463,344.215148077004
sz.002472,2018-10-22,27.5757,2018-11-06,29.3401,MA,12,0.063985,0.060873,3.1347,282,287.92341269439385
sz.002472,2025-04-10,157.9892,2025-04-24,169.5341,MA,11,0.073074,0.069947,1.7121,463,287.92341269439385
sz.002487,2024-02-07,86.0356,2024-02-22,95.9806,MA,6,0.115591,0.112389,1.6609,986,260.70655799102616
sz.002491,2024-02-07,15.3419,2024-02-23,18.5784,MA,7,0.210959,0.20759,1.618,986,207.6207376535311
sz.002506,2022-04-28,13.0995,2022-05-13,15.3931,MA,9,0.175097,0.171791,1.5394,837,157.00459768206775
sz.002508,2022-03-17,182.8504,2022-03-31,196.7903,MA,11,0.076237,0.073103,1.565,122,148.59779602881608
sz.002518,2018-06-21,49.8521,2018-07-11,50.0119,MA,15,0.003205,0.0002,1.7207,348,189.659093900772
sz.002518,2025-04-10,131.3579,2025-05-06,133.9851,MA,16,0.02,0.016965,1.5058,463,189.659093900772
sz.002534,2024-02-07,18.2786,2024-02-26,23.3636,MA,8,0.278195,0.274709,2.6992,986,127.73418749181343
sz.002536,2025-04-10,70.8997,2025-04-18,83.279,MA,7,0.174603,0.171298,2.2466,463,224.94688369866412
sz.002544,2024-02-07,78.8792,2024-02-26,99.8495,MA,8,0.265854,0.262388,2.4901,986,112.65369398573168
sz.002545,2020-02-05,28.6994,2020-02-19,32.6385,MA,11,0.137255,0.134015,3.659,525,205.38575180392235
sz.002552,2025-04-10,39.9366,2025-04-23,46.2757,MA,10,0.15873,0.155452,1.6514,463,202.69852811957878
sz.002583,2025-04-09,53.5108,2025-04-21,70.8595,MA,9,0.324211,0.320643,2.9369,136,106.64447084462105
sz.002617,2020-02-05,36.5252,2020-02-18,42.1565,MA,10,0.154176,0.150906,1.646,525,118.37872113595364
sz.002617,2022-04-28,61.0057,2022-05-16,68.0449,MA,10,0.115385,0.112183,1.6285,837,118.37872113595364
sz.002617,2024-02-07,36.5252,2024-02-23,41.3744,MA,7,0.132762,0.12953,1.6572,986,118.37872113595364
sz.002617,2025-04-10,53.8884,2025-05-06,56.313,MA,16,0.044993,0.041914,1.5227,463,118.37872113595364
sz.002636,2022-05-05,20.5256,2022-05-23,22.2887,MA,13,0.085897,0.082747,4.61,87,456.9008904876983
sz.002636,2024-02-07,13.6743,2024-02-08,12.5804,STOP,2,-0.08,-0.08286,2.7815,986,456.9008904876983
sz.002636,2025-04-10,19.8711,2025-04-30,21.6261,MA,15,0.088315,0.085161,1.6435,463,456.9008904876983
sz.002645,2017-04-27,46.704,2017-05-11,42.9677,STOP,10,-0.08,-0.08286,1.7373,62,130.50522288440865
sz.002654,2024-02-19,52.9517,2024-02-21,63.4674,MA,3,0.19859,0.195242,2.0081,103,112.87756045306465
sz.002655,2024-02-07,24.9915,2024-02-26,29.9349,MA,8,0.197802,0.194456,1.6638,986,115.68781230051384
sz.002668,2025-04-09,44.9566,2025-04-23,53.3551,MA,11,0.186813,0.183486,2.2146,136,111.09925935831596
sz.002670,2020-02-05,23.2619,2020-02-21,27.205,MA,13,0.169509,0.166212,2.1338,525,181.1887977024247
sz.002683,2022-04-28,50.0834,2022-05-23,57.8199,MA,15,0.154472,0.151201,1.9362,837,192.0700945483492
sz.002698,2025-04-10,45.2109,2025-04-30,47.7291,MA,15,0.055698,0.0526,1.7108,463,111.09514816245841
sz.002738,2025-04-09,86.568,2025-05-06,91.4384,MA,17,0.056261,0.053163,2.1051,136,377.1712856664929
sz.002739,2020-02-05,45.0242,2020-02-21,52.7765,MA,13,0.172181,0.16888,1.8113,525,182.42775386369038
sz.002741,2024-02-07,29.779,2024-02-23,36.1514,MA,7,0.213992,0.210617,1.5845,986,107.72312193238926
sz.002741,2025-04-10,44.0864,2025-04-23,47.8547,MA,10,0.085476,0.082326,1.5514,463,107.72312193238926
sz.002747,2024-02-07,78.8242,2024-02-19,90.8273,MA,3,0.152276,0.14901,1.6958,986,266.7722150779493
sz.002747,2025-04-10,114.6265,2025-04-30,120.4666,MA,15,0.050949,0.047859,1.8494,463,266.7722150779493
sz.002755,2022-04-28,15.8391,2022-05-24,16.4953,MA,16,0.041433,0.038361,1.8406,837,124.56909731129178
sz.002755,2024-02-07,13.9786,2024-02-08,12.6883,STOP,2,-0.092308,-0.095146,1.648,986,124.56909731129178
sz.002756,2022-04-28,198.609,2022-05-05,215.3181,MA,3,0.084131,0.080984,1.9371,837,185.3702976877716
sz.002779,2024-02-07,33.8589,2024-02-21,46.7965,MA,5,0.382103,0.378434,1.9086,986,121.60348754736614
sz.002792,2022-04-28,24.2427,2022-05-20,27.0756,MA,14,0.116858,0.113654,1.8607,837,108.9715398471281
sz.002792,2024-02-07,24.5657,2024-02-23,32.2395,MA,7,0.312381,0.308834,1.9509,986,108.9715398471281
sz.002797,2017-05-25,13.7811,2017-06-08,15.4835,MA,9,0.123531,0.120315,3.0946,82,274.4917033555568
sz.002812,2017-12-07,92.5547,2017-12-18,102.547,MA,8,0.107961,0.104772,1.6639,156,455.4769340574774
sz.002815,2025-04-10,21.9061,2025-04-30,23.3383,MA,15,0.06538,0.062266,1.745,463,100.27168781311926
sz.002827,2024-02-07,18.6832,2024-02-23,23.3119,MA,7,0.247748,0.244314,1.5159,986,149.8603494731575
sz.002838,2024-02-07,43.9433,2024-02-26,51.7688,MA,8,0.178082,0.174771,1.7927,986,106.58447419675394
sz.002842,2020-02-05,26.6922,2020-02-18,30.8749,MA,10,0.156701,0.153427,2.054,525,103.45002577276004
sz.002859,2025-04-10,73.273,2025-04-30,76.3666,MA,15,0.042221,0.039147,1.6069,463,287.87846893863184
sz.002867,2022-03-17,35.4533,2022-04-11,32.6171,STOP,16,-0.08,-0.08286,1.5952,122,135.1719455712506
sz.002891,2020-02-05,36.048,2020-02-19,42.7343,MA,11,0.185484,0.182159,2.0792,525,100.50017812394906
sz.002896,2024-02-07,42.74,2024-02-08,39.3208,STOP,2,-0.08,-0.08286,1.7357,986,151.49180783001492
sz.002897,2025-04-10,59.368,2025-04-24,64.81,MA,11,0.091667,0.088506,1.7433,463,105.35055077284565
sz.002901,2024-02-07,30.6914,2024-02-23,31.3696,MA,7,0.022099,0.019061,1.5405,986,127.37743564984038
sz.002913,2024-02-07,44.9526,2024-02-20,52.6457,MA,4,0.171136,0.167837,1.6806,986,169.77012582246562
sz.002925,2018-06-21,52.5999,2018-07-03,57.1518,MA,9,0.086538,0.083387,2.6652,348,168.53028743180587
sz.002929,2024-02-07,27.1835,2024-02-23,34.1132,MA,7,0.254924,0.251478,1.7482,986,118.67955298036583
sz.002931,2020-02-05,23.7195,2020-02-20,26.2073,MA,12,0.104883,0.1017,1.6185,525,100.60472812598617
sz.002946,2020-02-05,10.2412,2020-02-21,11.3959,MA,13,0.112745,0.109548,1.8967,525,142.14733087671328
sz.002947,2024-02-07,39.0328,2024-02-21,45.6152,MA,5,0.168636,0.165341,2.389,986,114.04974867472882
sz.002947,2025-04-10,53.5428,2025-04-30,56.5334,MA,15,0.055855,0.052757,3.0676,463,114.04974867472882
sz.002957,2022-04-28,11.7926,2022-05-13,13.3175,MA,9,0.12931,0.126084,1.5458,837,167.4366633442877
sz.002967,2022-04-28,23.5892,2022-05-19,25.6104,MA,13,0.085682,0.082532,1.5482,837,100.20734889307461
sz.002975,2022-04-28,60.7293,2022-05-19,68.9157,MA,13,0.134801,0.131566,2.4878,837,134.90099014055488
sz.002979,2022-04-28,21.3964,2022-05-12,23.8468,MA,8,0.114525,0.111325,1.7597,837,129.9735762575814
sz.002979,2024-02-07,20.3868,2024-02-22,23.4878,MA,6,0.152108,0.148842,1.5912,986,129.9735762575814
sz.002984,2025-04-10,29.6146,2025-04-24,27.2454,STOP,11,-0.08,-0.08286,1.6979,463,101.97380338997681
sz.002987,2024-02-07,35.6864,2024-02-22,40.6575,MA,6,0.1393,0.136056,1.6159,986,113.80622794535324
sz.002987,2025-04-10,66.2613,2025-04-15,73.2134,MA,4,0.10492,0.101736,1.8785,463,113.80622794535324
sz.003021,2022-04-28,43.4529,2022-05-11,50.3471,MA,7,0.158659,0.155382,2.0214,837,165.05708514010237
sz.003031,2024-01-24,131.304,2024-01-31,120.7997,STOP,6,-0.08,-0.08286,1.9156,148,403.26450317804284
