code,entry_date,entry_price,exit_date,exit_price,reason,bars,gross_ret,ret,score,ret5,shrink,gap,density,priority
sz.000957,2017-10-17,49.966,2017-10-19,48.467,SL,3,-0.03,-0.032948,0.2154,-0.1404,0.6722,-0.0046,9,0.2154
sz.000818,2017-10-17,17.4023,2017-10-18,16.8803,SL,2,-0.03,-0.032947,0.2008,-0.0421,0.5611,0.0078,9,0.2008
sh.600776,2017-10-17,27.7537,2017-10-19,26.9211,SL,3,-0.03,-0.032948,0.1873,-0.1145,0.7034,0.009,9,0.1873
sz.002446,2017-10-17,65.0499,2017-10-18,63.0984,SL,2,-0.03,-0.032948,0.1799,-0.1021,0.7033,0.01,9,0.1799
sh.600638,2017-10-17,159.9943,2017-10-24,157.6294,TIME,6,-0.014781,-0.017755,0.1687,-0.0316,0.6258,-0.0096,9,0.1687
sz.000899,2017-10-17,19.1331,2017-10-19,18.5591,SL,3,-0.03,-0.032948,0.166,-0.0156,0.6085,-0.0053,9,0.166
sz.000823,2017-10-17,29.6167,2017-10-18,31.0975,TP,2,0.05,0.046913,0.1517,-0.0617,0.7132,-0.0035,9,0.1517
sz.000550,2017-10-17,38.5802,2017-10-24,37.6217,TIME,6,-0.024845,-0.027801,0.15,-0.046,0.6939,-0.0014,9,0.15
sz.002199,2017-11-20,40.7732,2017-11-20,39.55,SL,1,-0.03,-0.032947,0.206,-0.0964,0.6297,0.0013,2,0.206
sz.002301,2017-11-20,53.8861,2017-11-24,52.2695,SL,5,-0.03,-0.032947,0.1235,-0.0267,0.7313,0.0,2,0.1235
sh.603306,2018-02-07,40.5297,2018-02-07,39.3138,SL,1,-0.03,-0.032947,0.1979,-0.1021,0.6585,0.0015,4,0.1979
sh.603085,2018-02-07,52.2565,2018-02-09,50.6888,SL,3,-0.03,-0.032948,0.1932,-0.032,0.5651,0.0008,4,0.1932
sz.002173,2018-02-07,32.897,2018-02-07,31.9101,SL,1,-0.03,-0.032948,0.1848,-0.1392,0.7467,0.0074,4,0.1848
sz.002723,2018-02-07,34.5597,2018-02-14,35.2734,TIME,6,0.020649,0.017613,0.1305,-0.0059,0.6826,0.0012,4,0.1305
sz.002054,2018-02-27,22.3713,2018-03-01,23.4899,TP,3,0.05,0.046913,0.1792,-0.1108,0.7182,0.0089,6,0.1792
sz.002478,2018-02-27,11.4564,2018-03-06,11.853,TIME,6,0.034623,0.031563,0.1359,-0.0373,0.7162,0.0,6,0.1359
sz.002086,2018-02-27,42.4265,2018-03-06,42.7567,TIME,6,0.007782,0.004768,0.1084,0.0363,0.6745,0.001,6,0.1084
sh.603889,2018-02-27,47.8105,2018-03-05,50.201,TP,5,0.05,0.046913,0.1034,0.0013,0.7395,0.0013,6,0.1034
sh.600319,2018-02-27,9.0716,2018-03-06,8.7994,SL,6,-0.03,-0.032948,0.0993,0.0049,0.7443,0.0,6,0.0993
sz.002262,2018-02-27,114.8919,2018-02-28,110.2896,SL,2,-0.040058,-0.042988,0.0809,0.0515,0.7204,0.0044,6,0.0809
sh.600868,2018-03-13,156.4879,2018-03-13,164.3123,TP,1,0.05,0.046913,0.1598,-0.0354,0.6535,-0.0061,4,0.1598
sz.002124,2018-03-13,69.89,2018-03-20,67.7933,SL,6,-0.03,-0.032947,0.1337,-0.0217,0.6983,0.0021,4,0.1337
sz.002522,2018-03-13,80.9275,2018-03-14,78.4997,SL,2,-0.03,-0.032947,0.1111,0.0176,0.6959,0.0092,4,0.1111
sh.600318,2018-03-13,30.4306,2018-03-15,29.5177,SL,3,-0.03,-0.032947,0.1015,-0.0008,0.7475,-0.0017,4,0.1015
sh.603678,2018-03-26,56.7806,2018-03-26,59.6196,TP,1,0.05,0.046913,0.203,-0.1466,0.7125,-0.011,3,0.203
sh.600192,2018-03-26,7.6639,2018-03-26,7.434,SL,1,-0.03,-0.032948,0.1991,-0.138,0.7093,-0.0341,3,0.1991
sh.600876,2018-03-26,17.3851,2018-03-26,16.8636,SL,1,-0.03,-0.032948,0.1905,-0.1347,0.7257,-0.0351,3,0.1905
sh.603090,2018-06-20,14.7076,2018-06-21,14.2664,SL,2,-0.03,-0.032948,0.2675,-0.2567,0.7163,-0.0081,6,0.2675
sh.601858,2018-06-20,9.3654,2018-06-21,9.0845,SL,2,-0.03,-0.032948,0.2482,-0.1917,0.6671,-0.0171,6,0.2482
sz.002871,2018-06-20,31.8274,2018-06-21,33.4188,TP,2,0.05,0.046912,0.2276,-0.2049,0.7383,-0.0032,6,0.2276
sh.603218,2018-06-20,17.9405,2018-06-20,18.8376,TP,1,0.05,0.046912,0.2254,-0.1553,0.6694,-0.0275,6,0.2254
sz.002290,2018-06-20,30.4638,2018-06-20,31.987,TP,1,0.05,0.046913,0.2204,-0.1342,0.6504,-0.0342,6,0.2204
sz.002805,2018-06-20,20.7637,2018-06-20,21.8019,TP,1,0.05,0.046913,0.2183,-0.1729,0.7136,-0.0081,6,0.2183
sh.600746,2018-10-12,29.41,2018-10-12,30.8805,TP,1,0.05,0.046912,0.2395,-0.1294,0.5955,-0.0186,7,0.2395
sh.603838,2018-10-12,18.6172,2018-10-12,18.0587,SL,1,-0.03,-0.032947,0.2345,-0.2025,0.7174,-0.0487,7,0.2345
sz.002667,2018-10-12,23.1802,2018-10-12,24.3392,TP,1,0.05,0.046913,0.2272,-0.1641,0.6782,-0.0332,7,0.2272
sz.002630,2018-10-12,20.3737,2018-10-12,21.3924,TP,1,0.05,0.046913,0.2201,-0.191,0.7363,-0.0417,7,0.2201
sz.002445,2018-10-12,19.0385,2018-10-12,18.4673,SL,1,-0.03,-0.032947,0.22,-0.1935,0.7401,-0.0258,7,0.22
sh.600568,2018-10-12,26.8382,2018-10-12,26.0331,SL,1,-0.03,-0.032947,0.1919,-0.1443,0.7368,-0.0275,7,0.1919
sz.002892,2018-10-12,27.424,2018-10-12,28.7952,TP,1,0.05,0.046913,0.1584,-0.0453,0.672,-0.0183,7,0.1584
sz.002748,2018-10-23,14.6905,2018-10-24,14.1718,SL,2,-0.035311,-0.038249,0.1878,-0.1146,0.7023,-0.0042,4,0.1878
sz.002893,2018-10-23,17.5242,2018-10-24,16.9216,SL,2,-0.034384,-0.037324,0.1488,-0.0639,0.7237,0.0006,4,0.1488
sh.600007,2018-10-23,20.0048,2018-10-25,19.4047,SL,3,-0.03,-0.032947,0.1231,0.0304,0.6467,0.0,4,0.1231
sz.002165,2018-10-23,25.8095,2018-10-24,24.9195,SL,2,-0.034483,-0.037422,0.1127,0.0029,0.7139,0.0058,4,0.1127
sh.600299,2018-11-02,28.2159,2018-11-02,29.6267,TP,1,0.05,0.046912,0.3005,-0.0459,0.3177,-0.0016,8,0.3005
sh.603828,2018-11-02,27.9398,2018-11-06,27.1016,SL,3,-0.03,-0.032947,0.193,-0.0333,0.5673,0.0,8,0.193
sh.600400,2018-11-02,36.3973,2018-11-09,36.6737,TIME,6,0.007595,0.004582,0.1599,0.0509,0.5238,0.0077,8,0.1599
sz.002215,2018-11-02,53.794,2018-11-09,53.7167,TIME,6,-0.001437,-0.004434,0.1457,-0.0402,0.6961,0.0058,8,0.1457
sh.603991,2018-11-02,17.879,2018-11-09,18.0699,TIME,6,0.010674,0.007655,0.1344,0.0412,0.6022,0.0051,8,0.1344
sz.000902,2018-11-02,22.5963,2018-11-07,23.7261,TP,4,0.05,0.046913,0.1173,-0.028,0.7487,0.0046,8,0.1173
sz.000668,2018-11-02,23.3774,2018-11-02,24.5463,TP,1,0.05,0.046913,0.1164,0.0571,0.6232,0.009,8,0.1164
sz.002221,2018-11-02,35.0206,2018-11-09,34.1585,TIME,6,-0.024619,-0.027576,0.0843,0.0523,0.7109,0.0095,8,0.0843
sh.603999,2018-11-05,11.861,2018-11-06,11.5052,SL,2,-0.03,-0.032948,0.1849,-0.0705,0.6435,-0.002,9,0.1849
sz.000803,2018-11-05,23.2721,2018-11-12,24.4357,TP,6,0.05,0.046913,0.184,-0.0465,0.6099,-0.0124,9,0.184
sz.002564,2018-11-05,18.2382,2018-11-06,17.691,SL,2,-0.03,-0.032948,0.1722,0.0486,0.4966,0.0018,9,0.1722
sh.600684,2018-11-05,42.1136,2018-11-12,43.0805,TIME,6,0.022959,0.019919,0.1529,-0.0416,0.68,0.0,9,0.1529
sz.002560,2018-11-05,18.5785,2018-11-09,19.5074,TP,5,0.05,0.046913,0.1331,-0.0175,0.6934,0.0,9,0.1331
sh.601375,2018-11-05,4.9234,2018-11-06,4.7757,SL,2,-0.03,-0.032947,0.1329,0.0189,0.6393,-0.0083,9,0.1329
sz.002172,2018-11-05,11.4773,2018-11-12,11.8087,TIME,6,0.028871,0.025821,0.1286,-0.0206,0.7093,0.0,9,0.1286
sh.600507,2018-11-05,94.7161,2018-11-12,94.2249,TIME,6,-0.005186,-0.008177,0.1038,0.0474,0.6694,0.0061,9,0.1038
sh.603701,2018-11-14,22.7062,2018-11-19,23.8416,TP,4,0.05,0.046913,0.1668,-0.0612,0.6747,-0.0016,2,0.1668
sh.603199,2018-11-14,20.9524,2018-11-21,20.3238,SL,6,-0.03,-0.032948,0.1202,-0.0033,0.7046,-0.0124,2,0.1202
sh.601900,2018-12-03,8.4957,2018-12-05,8.9204,TP,3,0.05,0.046913,0.215,-0.0037,0.468,0.0062,8,0.215
sh.601500,2018-12-03,7.4175,2018-12-05,7.1635,SL,3,-0.034247,-0.037187,0.21,0.0056,0.4667,0.0083,8,0.21
sz.002349,2018-12-03,48.0029,2018-12-10,46.5628,SL,6,-0.03,-0.032947,0.18,-0.051,0.6266,0.0065,8,0.18
sz.000919,2018-12-03,17.3814,2018-12-10,17.3032,TIME,6,-0.004498,-0.00749,0.1631,-0.0075,0.6034,0.0091,8,0.1631
sz.002290,2018-12-03,26.651,2018-12-10,25.8515,SL,6,-0.03,-0.032948,0.1461,-0.0566,0.7197,0.003,8,0.1461
sh.600750,2018-12-03,131.9243,2018-12-10,129.5935,TIME,6,-0.017668,-0.020637,0.1066,0.0243,0.6969,0.0083,8,0.1066
sz.002319,2018-12-03,30.9935,2018-12-10,30.932,TIME,6,-0.001985,-0.004982,0.1062,-0.0079,0.7464,-0.0013,8,0.1062
sh.600657,2018-12-03,50.5145,2018-12-10,48.9991,SL,6,-0.03,-0.032947,0.1008,0.0275,0.7066,0.0097,8,0.1008
sz.000715,2019-02-14,16.1678,2019-02-18,16.9762,TP,3,0.05,0.046912,0.1965,-0.063,0.6033,0.0031,6,0.1965
sh.600774,2019-02-14,53.5274,2019-02-19,56.2038,TP,4,0.05,0.046912,0.1755,-0.0364,0.6157,0.0018,6,0.1755
sz.000560,2019-02-14,18.1771,2019-02-15,19.0859,TP,2,0.05,0.046913,0.1509,-0.0377,0.6792,0.0022,6,0.1509
sh.603517,2019-02-14,39.4228,2019-02-14,38.2402,SL,1,-0.03,-0.032948,0.1166,0.0173,0.6826,0.0091,6,0.1166
sh.603833,2019-02-14,93.7751,2019-02-18,90.7696,SL,3,-0.03205,-0.034994,0.0944,0.0582,0.6767,-0.0015,6,0.0944
sh.600246,2019-02-14,33.847,2019-02-18,35.5393,TP,3,0.05,0.046913,0.0935,0.0335,0.7161,-0.0054,6,0.0935
sh.603665,2019-02-20,24.5293,2019-02-22,23.7934,SL,3,-0.03,-0.032948,0.172,0.0435,0.5048,-0.0016,7,0.172
sz.002614,2019-02-20,81.9371,2019-02-20,79.4789,SL,1,-0.03,-0.032948,0.1374,0.0348,0.6044,0.0075,7,0.1374
sz.002876,2019-02-20,41.9103,2019-02-21,44.0058,TP,2,0.05,0.046913,0.1112,-0.0065,0.7318,0.0053,7,0.1112
sz.002592,2019-02-20,51.132,2019-02-20,53.6886,TP,1,0.05,0.046913,0.1099,0.0433,0.6604,-0.006,7,0.1099
sh.603360,2019-02-20,22.7008,2019-02-21,23.8359,TP,2,0.05,0.046912,0.1067,0.0019,0.7303,-0.0039,7,0.1067
sh.603828,2019-02-20,30.8621,2019-02-21,29.9363,SL,2,-0.03,-0.032948,0.1032,0.0035,0.7366,0.0035,7,0.1032
sz.000710,2019-02-20,95.3333,2019-02-25,100.0999,TP,4,0.05,0.046913,0.0893,0.0573,0.6908,0.0,7,0.0893
sh.603165,2019-02-27,28.4098,2019-03-05,29.8303,TP,5,0.05,0.046912,0.1786,-0.0967,0.6986,-0.0045,1,0.1786
sz.002358,2019-03-05,136.0137,2019-03-05,131.9333,SL,1,-0.03,-0.032948,0.2082,-0.146,0.6985,0.0006,1,0.2082
sz.002892,2019-03-07,39.028,2019-03-08,37.8571,SL,2,-0.03,-0.032947,0.1638,-0.018,0.6176,0.0044,4,0.1638
sh.603886,2019-03-07,23.1218,2019-03-07,22.4281,SL,1,-0.03,-0.032948,0.1222,0.0225,0.6607,0.0009,4,0.1222
sz.002216,2019-03-07,65.413,2019-03-08,63.4506,SL,2,-0.03,-0.032947,0.0938,0.0329,0.7162,0.0013,4,0.0938
sh.600702,2019-03-07,69.4785,2019-03-08,67.3942,SL,2,-0.03,-0.032948,0.0902,0.0165,0.7497,-0.0088,4,0.0902
sh.603711,2019-03-08,22.5719,2019-03-08,21.8947,SL,1,-0.03,-0.032948,0.1367,0.0052,0.6503,-0.023,5,0.1367
sh.601098,2019-03-08,15.7254,2019-03-08,15.2537,SL,1,-0.03,-0.032948,0.1351,0.0096,0.6477,-0.0103,5,0.1351
sh.603899,2019-03-08,63.6726,2019-03-12,66.8563,TP,3,0.05,0.046912,0.1144,0.0114,0.697,-0.0216,5,0.1144
sh.603337,2019-03-08,61.6868,2019-03-08,64.7712,TP,1,0.05,0.046912,0.1017,0.0574,0.6595,-0.0231,5,0.1017
sz.002615,2019-03-08,32.288,2019-03-08,31.3194,SL,1,-0.03,-0.032947,0.0817,0.0586,0.7079,-0.0092,5,0.0817
sh.601326,2019-04-02,4.6281,2019-04-04,4.8636,TP,3,0.050885,0.047796,0.1744,-0.0598,0.6538,-0.0088,5,0.1744
sz.000020,2019-04-02,21.3173,2019-04-04,22.3832,TP,3,0.05,0.046913,0.1709,-0.106,0.7316,0.0008,5,0.1709
sh.601718,2019-04-02,5.5046,2019-04-02,5.7799,TP,1,0.05,0.046913,0.1546,-0.0424,0.677,0.006,5,0.1546
sz.002208,2019-04-02,48.4987,2019-04-02,50.9236,TP,1,0.05,0.046912,0.1521,-0.0695,0.724,0.0048,5,0.1521
sh.600356,2019-04-02,14.3052,2019-04-02,15.0205,TP,1,0.05,0.046913,0.1465,-0.0306,0.6798,-0.0084,5,0.1465
sh.603727,2019-06-12,16.1835,2019-06-17,15.698,SL,4,-0.03,-0.032947,0.2244,-0.1154,0.612,-0.0124,7,0.2244
sh.603813,2019-06-12,18.1495,2019-06-19,18.2205,TIME,6,0.003917,0.00091,0.2231,-0.0917,0.5798,0.0028,7,0.2231
sh.603665,2019-06-12,24.2976,2019-06-14,23.5687,SL,3,-0.03,-0.032947,0.2049,0.0021,0.4847,0.0038,7,0.2049
sh.603628,2019-06-12,7.9144,2019-06-19,7.8641,TIME,6,-0.006353,-0.009342,0.1898,-0.1124,0.6939,-0.0038,7,0.1898
sh.600996,2019-06-12,9.4802,2019-06-12,9.9542,TP,1,0.05,0.046913,0.1791,-0.0916,0.6897,0.0011,7,0.1791
sz.000420,2019-06-12,13.7677,2019-06-12,14.4561,TP,1,0.05,0.046913,0.1548,-0.0502,0.6882,0.007,7,0.1548
sz.002858,2019-06-12,35.1312,2019-06-12,34.0772,SL,1,-0.03,-0.032948,0.1441,-0.0625,0.7334,0.0029,7,0.1441
sz.000812,2019-06-24,24.2187,2019-06-26,23.4922,SL,3,-0.03,-0.032947,0.1877,-0.0944,0.6723,-0.0024,7,0.1877
sz.002041,2019-06-24,107.5503,2019-06-24,112.9278,TP,1,0.05,0.046913,0.1793,-0.1245,0.7383,-0.0068,7,0.1793
sz.002093,2019-06-24,118.037,2019-06-28,114.4959,SL,5,-0.03,-0.032948,0.149,-0.0563,0.7119,0.0,7,0.149
sz.002044,2019-06-24,81.7729,2019-06-25,79.3197,SL,2,-0.03,-0.032948,0.1407,-0.0404,0.7089,0.0076,7,0.1407
sz.002838,2019-06-24,55.1685,2019-07-01,55.8496,TIME,6,0.012346,0.009324,0.1032,0.0125,0.7233,0.0,7,0.1032
sz.000498,2019-06-24,11.1938,2019-07-01,11.1115,TIME,6,-0.007353,-0.01034,0.0879,0.0489,0.7068,-0.0127,7,0.0879
sh.603899,2019-06-24,88.6703,2019-06-26,93.1038,TP,3,0.05,0.046913,0.0805,0.0422,0.7355,-0.0014,7,0.0805
sh.603326,2019-08-07,17.4434,2019-08-14,18.3155,TP,6,0.05,0.046913,0.2065,-0.1118,0.6515,0.0099,2,0.2065
sz.002020,2019-08-07,80.6703,2019-08-08,78.2502,SL,2,-0.03,-0.032947,0.1846,-0.1273,0.7294,0.0084,2,0.1846
sz.002867,2019-08-20,34.9046,2019-08-22,33.8575,SL,3,-0.03,-0.032947,0.1358,-0.0474,0.7316,-0.0068,3,0.1358
sz.002345,2019-08-20,29.5985,2019-08-27,30.1271,TIME,6,0.017857,0.014826,0.117,-0.0044,0.7141,-0.011,3,0.117
sh.603848,2019-08-20,16.5616,2019-08-20,16.0648,SL,1,-0.03,-0.032948,0.1043,0.0069,0.7289,0.005,3,0.1043
sz.002347,2019-09-06,17.9868,2019-09-10,18.8862,TP,3,0.05,0.046913,0.1406,0.0236,0.6132,0.0021,4,0.1406
sz.000692,2019-09-06,26.2614,2019-09-16,26.5303,TIME,6,0.010239,0.007221,0.1342,-0.0518,0.7422,0.0,4,0.1342
sz.000950,2019-09-06,13.6651,2019-09-06,13.2552,SL,1,-0.03,-0.032948,0.0965,0.0388,0.7006,0.003,4,0.0965
sz.002899,2019-09-06,14.0474,2019-09-16,14.4309,TIME,6,0.027299,0.024251,0.0943,0.0175,0.738,0.0,4,0.0943
sz.002745,2019-10-15,21.6912,2019-10-18,21.0404,SL,4,-0.03,-0.032948,0.1475,-0.0771,0.7469,-0.0066,7,0.1475
sz.002767,2019-10-15,23.7282,2019-10-22,23.6524,TIME,6,-0.003195,-0.006189,0.1438,-0.0277,0.6821,-0.0076,7,0.1438
sh.600615,2019-10-15,354.3716,2019-10-17,343.7404,SL,3,-0.03,-0.032948,0.1427,-0.014,0.6643,-0.0059,7,0.1427
sh.603159,2019-10-15,19.8905,2019-10-15,19.2938,SL,1,-0.03,-0.032947,0.1325,-0.0398,0.7284,-0.0086,7,0.1325
sh.601882,2019-10-15,8.0099,2019-10-18,7.7696,SL,4,-0.03,-0.032947,0.1278,-0.046,0.7495,0.0025,7,0.1278
sh.603901,2019-10-15,33.3927,2019-10-15,32.3909,SL,1,-0.03,-0.032947,0.1182,0.0136,0.6842,0.0,7,0.1182
sh.600211,2019-10-15,48.4367,2019-10-15,46.9836,SL,1,-0.03,-0.032948,0.0667,0.0581,0.7462,0.0,7,0.0667
sh.603330,2019-12-18,30.0269,2019-12-18,31.5282,TP,1,0.05,0.046913,0.1577,-0.0724,0.7143,0.0037,1,0.1577
sz.002227,2020-01-03,23.2502,2020-01-06,24.4127,TP,2,0.05,0.046913,0.1674,-0.0361,0.6357,-0.0009,4,0.1674
sh.603617,2020-01-03,21.3154,2020-01-06,22.3811,TP,2,0.05,0.046913,0.1321,0.0462,0.6003,0.0027,4,0.1321
sz.002767,2020-01-03,22.8185,2020-01-10,22.8791,TIME,6,0.002658,-0.000347,0.1186,0.0233,0.6685,0.0067,4,0.1186
sz.002406,2020-01-03,22.0791,2020-01-08,23.1831,TP,4,0.05,0.046913,0.102,0.0186,0.7171,-0.0017,4,0.102
sh.603966,2020-02-05,11.7416,2020-02-10,12.3287,TP,4,0.05,0.046913,0.2799,-0.2155,0.6234,0.0068,2,0.2799
sh.603359,2020-02-05,22.22,2020-02-07,23.331,TP,3,0.05,0.046912,0.1776,-0.118,0.7331,-0.0026,2,0.1776
sh.600665,2020-02-06,10.193,2020-02-13,10.32,TIME,6,0.012461,0.009439,0.1965,-0.1157,0.6823,0.0,1,0.1965
sz.002042,2020-02-07,34.745,2020-02-14,34.4822,TIME,6,-0.007564,-0.010551,0.1916,-0.0961,0.6651,-0.0105,8,0.1916
sh.603628,2020-02-07,7.2088,2020-02-10,7.5692,TP,2,0.05,0.046913,0.1913,-0.1213,0.7038,-0.0028,8,0.1913
sh.600814,2020-02-07,21.8266,2020-02-14,22.0564,TIME,6,0.010526,0.007508,0.1751,-0.0627,0.6563,-0.0063,8,0.1751
sh.600403,2020-02-07,14.2188,2020-02-11,14.9297,TP,3,0.05,0.046913,0.1714,-0.0838,0.6971,0.0,8,0.1714
sh.600461,2020-02-07,20.7749,2020-02-14,20.8415,TIME,6,0.003205,0.0002,0.1696,-0.0617,0.6685,0.0,8,0.1696
sh.603877,2020-02-07,15.8675,2020-02-10,16.6609,TP,2,0.05,0.046913,0.1693,-0.0964,0.7213,-0.0007,8,0.1693
sh.603558,2020-02-07,38.4029,2020-02-14,40.3231,TP,6,0.05,0.046912,0.1529,-0.0846,0.7447,-0.0101,8,0.1529
sh.603578,2020-02-07,20.9548,2020-02-10,22.0026,TP,2,0.05,0.046913,0.1322,-0.0495,0.7437,-0.0158,8,0.1322
sz.002646,2020-02-19,10.9452,2020-02-26,10.9777,TIME,6,0.00297,-3.5e-05,0.1851,-0.0425,0.6009,-0.0049,8,0.1851
sh.600569,2020-02-19,4.4477,2020-02-25,4.3143,SL,5,-0.03,-0.032948,0.177,-0.0531,0.637,-0.0043,8,0.177
sh.600379,2020-02-19,11.5255,2020-02-25,11.1797,SL,5,-0.03,-0.032947,0.1397,-0.0112,0.6675,0.0019,8,0.1397
sh.600156,2020-02-19,6.3217,2020-02-21,6.6378,TP,3,0.05,0.046913,0.1295,0.0088,0.6631,-0.0109,8,0.1295
sz.002154,2020-02-19,34.7188,2020-02-25,36.4547,TP,5,0.05,0.046913,0.121,-0.0262,0.7368,0.0,8,0.121
sh.600843,2020-02-19,13.2015,2020-02-20,12.7983,SL,2,-0.030544,-0.033491,0.1175,-0.022,0.7392,-0.0013,8,0.1175
sz.002327,2020-02-19,63.7285,2020-02-26,64.2958,TIME,6,0.008902,0.005886,0.0988,0.012,0.7349,-0.0015,8,0.0988
sz.000530,2020-02-19,26.4332,2020-02-20,27.7548,TP,2,0.05,0.046912,0.0984,0.0159,0.7302,-0.0026,8,0.0984
sh.600403,2020-02-26,15.9657,2020-02-26,16.7639,TP,1,0.05,0.046913,0.1803,0.0025,0.5454,-0.0025,8,0.1803
sz.000525,2020-02-26,56.1487,2020-02-28,54.4642,SL,3,-0.03,-0.032948,0.1623,-0.0776,0.7106,0.002,8,0.1623
sz.000553,2020-02-26,31.7152,2020-02-28,30.7638,SL,3,-0.03,-0.032947,0.1427,-0.068,0.7452,-0.007,8,0.1427
sh.603396,2020-02-26,38.0544,2020-02-26,36.9128,SL,1,-0.03,-0.032947,0.1415,-0.0456,0.7148,-0.0049,8,0.1415
sh.600727,2020-02-26,29.1475,2020-02-26,30.6049,TP,1,0.05,0.046912,0.1235,0.0182,0.664,-0.0128,8,0.1235
sh.600343,2020-02-26,21.4967,2020-02-27,22.5715,TP,2,0.05,0.046913,0.1221,-0.0359,0.7487,-0.0098,8,0.1221
sh.600388,2020-02-26,71.6262,2020-02-28,69.4774,SL,3,-0.03,-0.032948,0.1213,0.0046,0.69,-0.0055,8,0.1213
sz.000545,2020-02-26,10.4901,2020-02-28,10.1495,SL,3,-0.032468,-0.035411,0.1166,0.0,0.7084,0.0098,8,0.1166
sh.600251,2020-06-02,44.3221,2020-06-04,42.9924,SL,3,-0.03,-0.032947,0.1577,-0.0524,0.6843,-0.0015,4,0.1577
sz.002864,2020-06-02,27.489,2020-06-03,28.8634,TP,2,0.05,0.046912,0.1479,-0.042,0.6932,-0.0007,4,0.1479
sz.002737,2020-06-02,64.3692,2020-06-03,67.5876,TP,2,0.05,0.046912,0.1249,-0.032,0.7357,0.0,4,0.1249
sz.002042,2020-06-02,30.4755,2020-06-03,31.9992,TP,2,0.05,0.046913,0.0889,0.0189,0.7494,0.0,4,0.0889
sz.000829,2020-07-03,75.5534,2020-07-06,79.331,TP,2,0.05,0.046913,0.21,-0.0973,0.6209,-0.0016,8,0.21
sz.002168,2020-07-03,118.9027,2020-07-07,124.8478,TP,3,0.05,0.046912,0.208,-0.1158,0.6538,0.0,8,0.208
sh.600337,2020-07-03,50.0343,2020-07-08,56.6236,TP,4,0.131696,0.128466,0.167,-0.0219,0.6155,0.0045,8,0.167
sz.000948,2020-07-03,21.2226,2020-07-06,22.2837,TP,2,0.05,0.046913,0.15,-0.044,0.691,-0.0008,8,0.15
sh.603680,2020-07-03,22.5786,2020-07-09,23.7075,TP,5,0.05,0.046912,0.1291,-0.0187,0.7052,0.005,8,0.1291
sh.603089,2020-07-03,20.3309,2020-07-03,21.3474,TP,1,0.05,0.046913,0.1247,-0.022,0.7213,-0.0102,8,0.1247
sh.603717,2020-07-03,11.8557,2020-07-07,12.6338,TP,3,0.065632,0.062518,0.1073,-0.0071,0.7424,-0.0012,8,0.1073
sh.603683,2020-07-03,12.7629,2020-07-06,12.3801,SL,2,-0.03,-0.032948,0.0921,0.0186,0.7417,0.0,8,0.0921
sh.600197,2020-07-07,55.8885,2020-07-09,58.6829,TP,3,0.05,0.046913,0.1118,-0.0122,0.7389,-0.0063,1,0.1118
sh.603767,2020-07-09,12.066,2020-07-14,12.6693,TP,4,0.05,0.046913,0.1626,0.0332,0.5438,-0.0062,7,0.1626
sz.002775,2020-07-09,20.8657,2020-07-14,21.9089,TP,4,0.05,0.046913,0.1377,0.0194,0.6266,0.0,7,0.1377
sh.600535,2020-07-09,160.068,2020-07-13,168.0714,TP,3,0.05,0.046913,0.121,-0.0034,0.7026,-0.0034,7,0.121
sz.002278,2020-07-09,12.5353,2020-07-10,13.1621,TP,2,0.05,0.046913,0.0991,0.0285,0.7095,0.0,7,0.0991
sz.002112,2020-07-09,21.5775,2020-07-10,22.6564,TP,2,0.05,0.046912,0.0922,0.0524,0.6909,-0.0071,7,0.0922
sz.002612,2020-07-09,25.979,2020-07-10,27.278,TP,2,0.05,0.046913,0.0785,0.0372,0.748,-0.0083,7,0.0785
sh.600620,2020-07-09,2171.5251,2020-07-15,2280.1013,TP,5,0.05,0.046913,0.0772,0.0573,0.7212,0.0015,7,0.0772
sz.002951,2020-07-10,17.7256,2020-07-16,17.1939,SL,5,-0.03,-0.032947,0.1855,-0.1331,0.7359,0.0,6,0.1855
sh.600854,2020-07-10,20.4216,2020-07-14,19.809,SL,3,-0.03,-0.032948,0.1347,0.0496,0.5887,-0.0023,6,0.1347
sh.600639,2020-07-10,76.6578,2020-07-15,74.3581,SL,4,-0.03,-0.032948,0.1294,0.0125,0.6577,0.0,6,0.1294
sh.600543,2020-07-10,11.7287,2020-07-13,12.3152,TP,2,0.05,0.046913,0.1135,0.0192,0.6876,-0.0047,6,0.1135
sh.600551,2020-07-10,26.9593,2020-07-14,28.3073,TP,3,0.05,0.046912,0.0879,0.0568,0.695,-0.0122,6,0.0879
sh.600748,2020-07-10,28.4778,2020-07-15,27.6235,SL,4,-0.03,-0.032947,0.0777,0.0417,0.7433,-0.0067,6,0.0777
sh.603860,2020-08-04,29.558,2020-08-10,31.0359,TP,5,0.05,0.046913,0.1127,0.0249,0.681,-0.0038,2,0.1127
sz.000620,2020-08-04,4.9575,2020-08-05,4.7926,SL,2,-0.033254,-0.036196,0.1036,0.0095,0.7267,-0.0071,2,0.1036
sz.000958,2020-09-10,15.7435,2020-09-10,15.2712,SL,1,-0.03,-0.032948,0.2683,-0.1293,0.5231,0.0021,6,0.2683
sh.600702,2020-09-10,83.0825,2020-09-14,87.2366,TP,3,0.05,0.046913,0.261,-0.108,0.5095,0.0003,6,0.261
sz.000010,2020-09-10,46.9731,2020-09-10,45.5639,SL,1,-0.03,-0.032948,0.2347,-0.1349,0.6156,0.0,6,0.2347
sh.600007,2020-09-10,19.5695,2020-09-17,19.8287,TIME,6,0.013245,0.010222,0.1789,-0.0932,0.6926,0.0052,6,0.1789
sz.002134,2020-09-10,12.1985,2020-09-10,11.8325,SL,1,-0.03,-0.032948,0.1671,-0.0527,0.6612,0.0041,6,0.1671
sh.600684,2020-09-10,39.8331,2020-09-10,38.6381,SL,1,-0.03,-0.032948,0.1025,0.0168,0.7187,0.0,6,0.1025
sh.600067,2020-10-13,75.3302,2020-10-20,77.1429,TIME,6,0.024064,0.021022,0.1816,-0.0529,0.6253,-0.0053,3,0.1816
sh.603886,2020-10-13,20.0479,2020-10-14,19.4465,SL,2,-0.03,-0.032947,0.1695,-0.1039,0.7319,-0.004,3,0.1695
sz.002307,2020-10-13,24.1103,2020-10-15,23.387,SL,3,-0.03,-0.032947,0.1477,-0.077,0.7464,0.0,3,0.1477
sz.000036,2020-11-02,42.7606,2020-11-09,43.3833,TIME,6,0.014563,0.011538,0.1841,-0.0587,0.6279,-0.012,3,0.1841
sz.002952,2020-11-02,37.4726,2020-11-05,39.3462,TP,4,0.05,0.046913,0.1834,-0.1019,0.6942,-0.0067,3,0.1834
sh.600753,2020-11-02,28.4739,2020-11-03,29.8976,TP,2,0.05,0.046913,0.1386,-0.0362,0.7078,-0.0078,3,0.1386
sz.002109,2020-11-10,13.0736,2020-11-11,13.7273,TP,2,0.05,0.046913,0.224,-0.0709,0.5464,-0.0028,3,0.224
sh.603677,2020-11-10,31.9612,2020-11-11,31.0023,SL,2,-0.03,-0.032948,0.1463,-0.0637,0.7299,0.0008,3,0.1463
sh.600970,2020-11-10,70.6852,2020-11-11,74.2195,TP,2,0.05,0.046912,0.1317,-0.0103,0.6862,0.0015,3,0.1317
sh.603608,2020-12-23,10.548,2020-12-24,10.2315,SL,2,-0.03,-0.032947,0.2554,-0.1371,0.5671,-0.0044,9,0.2554
sh.603860,2020-12-23,23.9981,2020-12-24,23.2782,SL,2,-0.03,-0.032948,0.2176,-0.0307,0.5021,-0.0017,9,0.2176
sz.002659,2020-12-23,10.8967,2020-12-23,10.5698,SL,1,-0.03,-0.032947,0.1946,-0.0789,0.6318,0.0,9,0.1946
sz.002090,2020-12-23,47.2986,2020-12-25,45.6972,SL,3,-0.033857,-0.036798,0.1692,-0.0538,0.6576,0.0,9,0.1692
sh.600545,2020-12-23,11.3411,2020-12-24,11.0009,SL,2,-0.03,-0.032947,0.1344,-0.0323,0.7123,0.0,9,0.1344
sh.600235,2020-12-23,8.8502,2020-12-23,8.5847,SL,1,-0.03,-0.032947,0.1335,-0.0126,0.6851,-0.0091,9,0.1335
sh.601588,2020-12-23,2.8389,2020-12-30,2.8263,TIME,6,-0.004405,-0.007398,0.1222,-0.0087,0.7077,0.0,9,0.1222
sh.601929,2020-12-23,4.3912,2020-12-30,4.3693,TIME,6,-0.004975,-0.007966,0.112,-0.0099,0.7348,0.0,9,0.112
sz.002116,2021-02-19,25.3128,2021-02-22,26.5785,TP,2,0.05,0.046913,0.3453,-0.195,0.4291,-0.0017,8,0.3453
sh.603709,2021-02-19,22.4709,2021-02-22,23.5944,TP,2,0.05,0.046913,0.3109,-0.0724,0.3312,-0.0068,8,0.3109
sz.002688,2021-02-19,33.08,2021-02-22,34.734,TP,2,0.05,0.046913,0.1812,-0.0188,0.5754,0.0,8,0.1812
sz.002478,2021-02-19,9.8455,2021-02-22,10.3378,TP,2,0.05,0.046913,0.1732,-0.0244,0.6038,-0.01,8,0.1732
sz.002614,2021-02-19,66.2578,2021-02-22,69.5706,TP,2,0.05,0.046913,0.1575,-0.0602,0.6967,0.0059,8,0.1575
sh.603038,2021-02-19,32.2513,2021-02-23,33.9487,TP,3,0.052632,0.049539,0.1271,-0.041,0.7438,-0.0009,8,0.1271
sz.002611,2021-02-19,30.7705,2021-02-23,29.8474,SL,3,-0.03,-0.032948,0.1237,0.0207,0.6596,0.0,8,0.1237
sh.603326,2021-02-19,24.3838,2021-02-22,23.6523,SL,2,-0.03,-0.032948,0.122,-0.0017,0.6974,-0.0041,8,0.122
sh.600356,2021-02-22,12.9315,2021-02-24,12.5435,SL,3,-0.03,-0.032947,0.1675,-0.0888,0.7146,0.0012,6,0.1675
sh.600704,2021-02-22,68.088,2021-03-01,67.5085,TIME,6,-0.008511,-0.011496,0.1187,0.0197,0.6738,0.0064,6,0.1187
sh.600272,2021-02-22,7.279,2021-02-22,7.6429,TP,1,0.05,0.046913,0.1022,0.0472,0.6737,-0.0044,6,0.1022
sh.600529,2021-02-22,259.123,2021-02-23,249.9521,SL,2,-0.035392,-0.03833,0.0909,0.059,0.6842,0.0012,6,0.0909
sz.002229,2021-02-22,31.0131,2021-02-26,30.0827,SL,5,-0.03,-0.032947,0.0825,0.0455,0.7254,0.0017,6,0.0825
sz.002134,2021-02-22,10.572,2021-02-26,10.2549,SL,5,-0.03,-0.032948,0.0699,0.0523,0.7467,0.0,6,0.0699
sh.600055,2021-02-23,140.7413,2021-02-25,136.5191,SL,3,-0.03,-0.032948,0.1794,-0.0287,0.5947,-0.017,4,0.1794
sz.002900,2021-02-23,13.2957,2021-03-02,13.3285,TIME,6,0.002463,-0.000541,0.1251,-0.0073,0.6981,-0.0085,4,0.1251
sh.603309,2021-02-23,35.4916,2021-02-25,34.4269,SL,3,-0.03,-0.032948,0.1146,0.0204,0.683,0.0077,4,0.1146
sh.603658,2021-02-23,132.4302,2021-02-24,128.4573,SL,2,-0.03,-0.032948,0.0992,0.0072,0.7411,-0.008,4,0.0992
sh.603345,2022-02-25,130.6125,2022-03-02,126.6942,SL,4,-0.03,-0.032948,0.1731,-0.0698,0.6721,0.0023,3,0.1731
sh.601155,2022-02-25,50.1862,2022-02-25,48.6806,SL,1,-0.03,-0.032947,0.1148,-0.005,0.7206,0.0006,3,0.1148
sz.000736,2022-02-25,19.3748,2022-02-25,20.3435,TP,1,0.05,0.046912,0.1097,0.0129,0.7064,0.0085,3,0.1097
sz.002150,2022-03-10,38.5314,2022-03-15,37.3754,SL,4,-0.03,-0.032948,0.2206,-0.1245,0.6352,0.0076,5,0.2206
sh.603326,2022-03-10,19.5058,2022-03-14,20.4811,TP,3,0.05,0.046912,0.2147,-0.0043,0.4698,0.0,5,0.2147
sh.605169,2022-03-10,22.1014,2022-03-11,21.4384,SL,2,-0.03,-0.032947,0.1793,-0.0724,0.6603,-0.0006,5,0.1793
sz.000713,2022-03-10,42.2876,2022-03-15,41.019,SL,4,-0.03,-0.032948,0.1754,-0.1008,0.7128,0.009,5,0.1754
sh.600824,2022-03-10,81.9475,2022-03-14,79.4891,SL,3,-0.03,-0.032948,0.1541,-0.0807,0.7359,-0.0098,5,0.1541
sz.000633,2022-03-16,41.6094,2022-03-16,43.6899,TP,1,0.05,0.046913,0.2448,-0.1179,0.5649,0.0099,4,0.2448
sz.002657,2022-03-16,48.7777,2022-03-16,47.3144,SL,1,-0.03,-0.032947,0.1599,-0.0934,0.7404,0.0083,4,0.1599
sh.603277,2022-03-16,19.3667,2022-03-18,20.3351,TP,3,0.05,0.046913,0.1301,-0.0468,0.745,0.0,4,0.1301
sz.002981,2022-03-16,21.0784,2022-03-21,22.1323,TP,4,0.05,0.046913,0.1249,-0.0407,0.7488,0.001,4,0.1249
sh.603838,2022-05-12,11.728,2022-05-13,12.3453,TP,2,0.052632,0.049539,0.146,-0.0432,0.6999,-0.0104,5,0.146
sz.002643,2022-05-12,104.7025,2022-05-19,107.5091,TIME,6,0.026805,0.023758,0.1002,0.0291,0.7058,-0.0049,5,0.1002
sh.603337,2022-05-12,52.0906,2022-05-13,54.6952,TP,2,0.05,0.046913,0.0965,0.0351,0.706,0.0035,5,0.0965
sz.002486,2022-05-12,11.295,2022-05-12,11.8597,TP,1,0.05,0.046912,0.0859,0.0502,0.71,-0.0074,5,0.0859
sh.603267,2022-05-12,174.1509,2022-05-16,182.8584,TP,3,0.05,0.046913,0.0725,0.0544,0.737,-0.0093,5,0.0725
sh.603301,2022-08-03,83.2527,2022-08-04,80.7551,SL,2,-0.03,-0.032948,0.1665,-0.0593,0.6727,0.0,4,0.1665
sz.002306,2022-08-03,13.4406,2022-08-04,13.0374,SL,2,-0.03,-0.032947,0.1566,-0.0499,0.6832,-0.0062,4,0.1566
sz.002724,2022-08-03,27.76,2022-08-03,29.148,TP,1,0.05,0.046913,0.1197,0.0553,0.6179,-0.0007,4,0.1197
sh.603009,2022-08-03,21.3597,2022-08-03,20.7189,SL,1,-0.03,-0.032948,0.0846,0.034,0.7377,0.0,4,0.0846
sh.603931,2022-11-14,54.9918,2022-11-14,57.7414,TP,1,0.05,0.046913,0.2103,-0.1317,0.6717,-0.0115,6,0.2103
sz.002322,2022-11-14,50.3171,2022-11-21,48.8076,SL,6,-0.03,-0.032948,0.1748,-0.0856,0.6913,-0.007,6,0.1748
sz.003025,2022-11-14,41.8386,2022-11-21,43.9305,TP,6,0.05,0.046912,0.1495,-0.0605,0.7171,0.0005,6,0.1495
sz.000738,2022-11-14,37.4427,2022-11-14,36.3195,SL,1,-0.03,-0.032948,0.1278,-0.0329,0.7298,-0.0074,6,0.1278
sh.600312,2022-11-14,43.3716,2022-11-18,45.5402,TP,5,0.05,0.046912,0.1141,-0.0116,0.7321,-0.0035,6,0.1141
sz.002978,2022-11-14,39.0351,2022-11-15,37.8641,SL,2,-0.03,-0.032947,0.1134,-0.0058,0.7251,0.0061,6,0.1134
sz.000995,2023-08-29,17.9344,2023-08-29,17.3963,SL,1,-0.03,-0.032947,0.2529,-0.2016,0.6702,-0.0175,7,0.2529
sz.002451,2023-08-29,19.2583,2023-08-30,20.2212,TP,2,0.05,0.046912,0.2474,-0.1905,0.6673,0.0,7,0.2474
sz.001317,2023-08-29,34.1353,2023-08-30,35.8421,TP,2,0.05,0.046913,0.2146,-0.1347,0.6655,-0.005,7,0.2146
sh.603122,2023-08-29,8.1099,2023-08-29,8.5154,TP,1,0.05,0.046913,0.2012,-0.1558,0.7308,-0.0076,7,0.2012
sz.002724,2023-08-29,15.2424,2023-08-30,16.0045,TP,2,0.05,0.046912,0.1832,-0.0949,0.6844,0.0079,7,0.1832
sz.002767,2023-08-29,19.5699,2023-08-29,20.5484,TP,1,0.05,0.046912,0.1451,-0.0609,0.7285,0.0008,7,0.1451
sz.000701,2023-08-29,7.7311,2023-08-30,8.1177,TP,2,0.05,0.046913,0.0889,0.0507,0.7017,-0.0175,7,0.0889
sz.002887,2024-01-19,35.9471,2024-01-19,34.8686,SL,1,-0.03,-0.032948,0.2457,-0.105,0.5433,0.0,8,0.2457
sz.003025,2024-01-19,42.5988,2024-01-19,41.3208,SL,1,-0.03,-0.032947,0.2414,-0.2094,0.7106,-0.0022,8,0.2414
sz.002819,2024-01-19,35.2255,2024-01-19,34.1687,SL,1,-0.03,-0.032948,0.2311,-0.1682,0.6744,-0.0023,8,0.2311
sh.605158,2024-01-19,10.6205,2024-01-19,10.3019,SL,1,-0.03,-0.032947,0.2216,-0.1395,0.6553,-0.0026,8,0.2216
sh.603798,2024-01-19,27.0756,2024-01-19,28.4294,TP,1,0.05,0.046912,0.195,-0.1358,0.7162,-0.0092,8,0.195
sh.603095,2024-01-19,23.0579,2024-01-19,22.3661,SL,1,-0.03,-0.032948,0.1948,-0.1459,0.7319,0.0,8,0.1948
sh.603280,2024-01-19,23.8422,2024-01-22,23.0927,SL,2,-0.031436,-0.034381,0.1501,-0.0415,0.6869,-0.0017,8,0.1501
sh.605259,2024-01-19,35.6007,2024-01-23,34.5327,SL,3,-0.03,-0.032947,0.1132,0.0013,0.715,-0.0008,8,0.1132
sh.605598,2024-02-05,23.778,2024-02-05,23.0647,SL,1,-0.03,-0.032948,0.2741,-0.2645,0.7113,-0.0082,9,0.2741
sh.600816,2024-02-05,80.5057,2024-02-05,78.0905,SL,1,-0.03,-0.032947,0.2695,-0.237,0.6817,-0.0152,9,0.2695
sh.605277,2024-02-05,22.7531,2024-02-05,22.0705,SL,1,-0.03,-0.032947,0.2454,-0.2085,0.6993,-0.0009,9,0.2454
sh.600748,2024-02-05,17.4155,2024-02-05,16.893,SL,1,-0.03,-0.032947,0.24,-0.1816,0.6723,-0.0118,9,0.24
sh.603163,2024-02-05,34.7093,2024-02-05,33.6681,SL,1,-0.03,-0.032947,0.2339,-0.1405,0.6261,0.0,9,0.2339
sz.000505,2024-02-05,26.8105,2024-02-05,26.0062,SL,1,-0.03,-0.032947,0.2324,-0.166,0.6679,-0.0202,9,0.2324
sh.603682,2024-02-05,6.3405,2024-02-05,6.1503,SL,1,-0.03,-0.032947,0.2282,-0.13,0.6245,0.0,9,0.2282
sh.603600,2024-02-05,30.5958,2024-02-05,29.6779,SL,1,-0.03,-0.032947,0.2248,-0.185,0.7155,-0.0141,9,0.2248
sh.603648,2024-02-19,8.6557,2024-02-19,9.0885,TP,1,0.05,0.046913,0.2812,-0.238,0.6538,0.0013,8,0.2812
sh.600629,2024-02-19,37.9919,2024-02-19,39.8915,TP,1,0.05,0.046912,0.2783,-0.2877,0.7357,0.0,8,0.2783
sh.600272,2024-02-19,9.0139,2024-02-19,9.4646,TP,1,0.05,0.046912,0.2314,-0.1482,0.6439,0.0,8,0.2314
sh.601968,2024-02-19,4.6582,2024-02-20,4.8911,TP,2,0.05,0.046913,0.2255,-0.1792,0.7052,0.0069,8,0.2255
sz.002731,2024-02-19,15.0536,2024-02-21,15.8063,TP,3,0.05,0.046913,0.2217,-0.1689,0.699,-0.0011,8,0.2217
sz.001212,2024-02-19,32.0537,2024-02-19,33.6564,TP,1,0.05,0.046913,0.1779,-0.1152,0.7281,-0.0058,8,0.1779
sh.600189,2024-02-19,14.679,2024-02-19,15.413,TP,1,0.05,0.046912,0.1733,-0.109,0.7301,0.0,8,0.1733
sh.600648,2024-02-19,51.3084,2024-02-20,53.8738,TP,2,0.05,0.046912,0.1026,-0.0042,0.7498,-0.0053,8,0.1026
sz.000513,2024-02-22,278.4727,2024-02-29,285.2919,TIME,6,0.024488,0.021445,0.1439,0.0124,0.6216,-0.0011,5,0.1439
sh.603638,2024-02-22,72.5462,2024-02-26,76.1736,TP,3,0.05,0.046912,0.1289,0.0084,0.6652,0.0006,5,0.1289
sz.002635,2024-02-22,62.6122,2024-02-26,65.7428,TP,3,0.05,0.046912,0.0871,0.0285,0.7396,0.0008,5,0.0871
sh.600566,2024-02-22,61.0005,2024-02-29,64.0505,TP,6,0.05,0.046913,0.0821,0.0479,0.7228,0.004,5,0.0821
sh.600379,2024-02-22,17.346,2024-02-23,18.2133,TP,2,0.05,0.046913,0.0734,0.0599,0.7266,-0.0013,5,0.0734
sh.600785,2024-02-27,80.7182,2024-02-28,78.2967,SL,2,-0.03,-0.032948,0.1709,-0.0214,0.6048,-0.0121,9,0.1709
sh.605090,2024-02-27,38.7299,2024-02-27,40.6664,TP,1,0.05,0.046912,0.1496,0.0288,0.5827,-0.0086,9,0.1496
sz.003006,2024-02-27,15.6005,2024-02-27,16.3805,TP,1,0.05,0.046913,0.1461,-0.0284,0.6773,0.0014,9,0.1461
sz.002096,2024-02-27,51.7557,2024-02-28,54.3435,TP,2,0.05,0.046912,0.1241,0.0019,0.6868,-0.0029,9,0.1241
sh.603181,2024-02-27,29.6028,2024-03-05,29.1084,TIME,6,-0.016701,-0.019672,0.1177,0.0073,0.6947,-0.0021,9,0.1177
sh.600345,2024-02-27,30.9514,2024-02-28,30.0229,SL,2,-0.03,-0.032948,0.1135,-0.0009,0.7176,-0.0069,9,0.1135
sz.002818,2024-02-27,30.1128,2024-03-05,30.2301,TIME,6,0.003897,0.00089,0.108,-0.0093,0.744,0.0,9,0.108
sh.600452,2024-02-27,84.3966,2024-03-05,83.9096,TIME,6,-0.005771,-0.008761,0.1076,0.0349,0.6787,-0.0025,9,0.1076
sh.603032,2024-04-16,29.9739,2024-04-16,29.0747,SL,1,-0.03,-0.032948,0.2812,-0.3006,0.7477,-0.0051,9,0.2812
sz.002023,2024-04-16,66.7718,2024-04-16,64.7686,SL,1,-0.03,-0.032948,0.2373,-0.1215,0.5889,-0.0121,9,0.2373
sh.603823,2024-04-16,14.226,2024-04-16,13.7992,SL,1,-0.03,-0.032948,0.1795,-0.1055,0.7095,-0.0139,9,0.1795
sh.603218,2024-04-16,23.8701,2024-04-16,23.154,SL,1,-0.03,-0.032947,0.1727,-0.0977,0.7147,-0.0073,9,0.1727
sz.002246,2024-04-16,13.2242,2024-04-16,12.8275,SL,1,-0.03,-0.032948,0.1704,-0.1083,0.7365,-0.0037,9,0.1704
sh.600990,2024-04-16,56.6055,2024-04-16,54.9074,SL,1,-0.03,-0.032947,0.1622,-0.0902,0.7297,0.0046,9,0.1622
sh.603026,2024-04-16,45.2293,2024-04-16,43.8724,SL,1,-0.03,-0.032948,0.1198,0.0091,0.6869,-0.0043,9,0.1198
sz.000966,2024-04-16,13.8743,2024-04-16,13.4581,SL,1,-0.03,-0.032948,0.114,-0.0144,0.7366,-0.0084,9,0.114
sz.000682,2024-04-30,136.2026,2024-05-07,143.0127,TP,3,0.05,0.046913,0.1572,-0.0308,0.6533,0.0087,8,0.1572
sh.605077,2024-04-30,42.9,2024-05-06,45.1383,TP,2,0.052174,0.049083,0.1551,-0.0382,0.6696,-0.0081,8,0.1551
sz.002651,2024-04-30,18.6838,2024-04-30,18.1233,SL,1,-0.03,-0.032947,0.1446,-0.0293,0.6826,0.0017,8,0.1446
sh.600301,2024-04-30,21.0717,2024-04-30,20.4396,SL,1,-0.03,-0.032948,0.1442,-0.0337,0.6902,0.006,8,0.1442
sh.603235,2024-04-30,27.2643,2024-05-07,28.6275,TP,3,0.05,0.046913,0.131,0.0149,0.6501,-0.0019,8,0.131
sz.002676,2024-04-30,20.4566,2024-05-10,20.4098,TIME,6,-0.002288,-0.005284,0.1153,-0.0023,0.7151,0.0069,8,0.1153
sz.002927,2024-04-30,34.4084,2024-04-30,33.3761,SL,1,-0.03,-0.032948,0.0836,0.038,0.7339,-0.0101,8,0.0836
sz.002111,2024-04-30,58.2845,2024-04-30,56.5359,SL,1,-0.03,-0.032948,0.0785,0.0515,0.7265,-0.0027,8,0.0785
sz.001208,2024-06-07,7.2669,2024-06-14,7.6302,TP,5,0.05,0.046913,0.2327,-0.1521,0.6465,-0.0028,4,0.2327
sh.603319,2024-06-07,42.3247,2024-06-11,41.055,SL,2,-0.03,-0.032948,0.2154,-0.1703,0.7168,0.0093,4,0.2154
sh.600486,2024-06-07,228.6361,2024-06-13,221.3518,SL,4,-0.03186,-0.034804,0.14,-0.0207,0.6811,0.0074,4,0.14
sh.600729,2024-06-07,88.1507,2024-06-13,85.5062,SL,4,-0.03,-0.032948,0.0969,0.0119,0.7398,-0.0048,4,0.0969
sh.603508,2024-08-01,45.2304,2024-08-01,47.4919,TP,1,0.05,0.046913,0.1093,0.0305,0.681,0.0092,2,0.1093
sz.001230,2024-08-01,18.83,2024-08-05,18.2651,SL,3,-0.03,-0.032948,0.0847,0.0553,0.7052,0.0007,2,0.0847
sz.002823,2024-08-06,27.5318,2024-08-06,26.7058,SL,1,-0.03,-0.032947,0.2055,-0.0635,0.5816,0.0062,9,0.2055
sz.002679,2024-08-06,12.0194,2024-08-13,12.1999,TIME,6,0.015015,0.011989,0.1823,-0.0393,0.6032,0.0091,9,0.1823
sh.601218,2024-08-06,7.0329,2024-08-12,7.3845,TP,5,0.05,0.046913,0.1734,-0.0949,0.7089,0.007,9,0.1734
sh.603122,2024-08-06,5.6742,2024-08-08,5.9579,TP,3,0.05,0.046913,0.1624,-0.0091,0.6078,0.0,9,0.1624
sz.000951,2024-08-06,56.8628,2024-08-13,57.3649,TIME,6,0.008832,0.005816,0.161,-0.0279,0.6393,0.0075,9,0.161
sh.603657,2024-08-06,17.5107,2024-08-12,16.9854,SL,5,-0.03,-0.032948,0.1414,-0.0054,0.6545,0.0027,9,0.1414
sh.603800,2024-08-06,21.3635,2024-08-08,20.7226,SL,3,-0.03,-0.032948,0.1248,-0.0083,0.7003,0.0073,9,0.1248
sh.603565,2024-08-06,31.1139,2024-08-13,30.716,TIME,6,-0.012791,-0.015768,0.115,-0.0115,0.7297,0.0047,9,0.115
sh.601199,2024-09-02,25.564,2024-09-09,24.7971,SL,6,-0.03,-0.032948,0.1088,-0.0131,0.7476,0.0,1,0.1088
sz.002150,2024-09-25,82.7765,2024-09-26,80.2932,SL,2,-0.03,-0.032947,0.0984,0.0499,0.6792,0.0051,1,0.0984
sz.002017,2024-09-27,57.4003,2024-09-30,60.7585,TP,2,0.058505,0.055402,0.1348,0.0431,0.5984,0.0033,3,0.1348
sh.603421,2024-09-27,8.4749,2024-09-30,8.8986,TP,2,0.05,0.046913,0.1138,0.0396,0.6563,-0.0242,3,0.1138
sz.001225,2024-09-27,31.4103,2024-09-27,32.9808,TP,1,0.05,0.046913,0.1134,0.0188,0.6884,0.0051,3,0.1134
sh.605162,2025-02-10,7.47,2025-02-17,7.697,TIME,6,0.030391,0.027338,0.1759,-0.1242,0.7466,0.0,3,0.1759
sh.605060,2025-02-10,20.6413,2025-02-12,21.6733,TP,3,0.05,0.046912,0.1414,-0.0527,0.7255,0.0026,3,0.1414
sz.002830,2025-02-10,29.193,2025-02-17,29.522,TIME,6,0.01127,0.00825,0.0968,0.0107,0.7421,0.0053,3,0.0968
sh.605588,2025-04-09,42.8222,2025-04-09,41.5375,SL,1,-0.03,-0.032947,0.2471,-0.2366,0.7371,-0.0419,3,0.2471
sz.001225,2025-04-09,31.0791,2025-04-09,30.1467,SL,1,-0.03,-0.032947,0.202,-0.1064,0.6547,0.0045,3,0.202
sz.002135,2025-04-09,12.8386,2025-04-09,12.4534,SL,1,-0.03,-0.032948,0.1627,-0.0665,0.693,-0.0076,3,0.1627
sz.002971,2025-04-10,23.372,2025-04-17,23.5585,TIME,6,0.007982,0.004968,0.1957,-0.1277,0.7022,0.0069,2,0.1957
sh.603217,2025-04-10,38.618,2025-04-15,40.5858,TP,4,0.050955,0.047866,0.194,-0.1293,0.7091,0.0096,2,0.194
sz.000788,2025-06-25,15.7031,2025-06-30,16.4883,TP,4,0.05,0.046913,0.1837,-0.0704,0.6463,-0.0097,6,0.1837
sh.605266,2025-06-25,63.5474,2025-07-02,63.699,TIME,6,0.002387,-0.000618,0.1629,-0.0404,0.6533,0.0024,6,0.1629
sh.600284,2025-06-25,19.7773,2025-07-02,19.8679,TIME,6,0.00458,0.001572,0.133,-0.0268,0.7078,0.0031,6,0.133
sh.600459,2025-06-25,76.9354,2025-06-26,80.7821,TP,2,0.05,0.046913,0.1294,-0.025,0.7139,0.0074,6,0.1294
sz.002968,2025-06-25,35.7944,2025-07-02,36.6358,TIME,6,0.023506,0.020465,0.1252,-0.0286,0.73,0.0029,6,0.1252
sz.002679,2025-06-25,17.1448,2025-07-02,17.3252,TIME,6,0.010526,0.007508,0.1127,-0.0063,0.7277,0.0,6,0.1127
sz.002120,2025-08-15,54.241,2025-08-18,56.9531,TP,2,0.05,0.046913,0.1962,-0.0805,0.6303,0.0,7,0.1962
sh.603327,2025-08-15,26.8276,2025-08-20,28.169,TP,4,0.05,0.046913,0.1492,-0.0459,0.6958,0.0,7,0.1492
sh.605166,2025-08-15,12.99,2025-08-20,13.6395,TP,4,0.05,0.046913,0.1442,0.0171,0.6139,-0.0025,7,0.1442
sz.000919,2025-08-15,20.6572,2025-08-22,21.6901,TP,6,0.05,0.046913,0.1341,-0.046,0.7337,0.0,7,0.1341
sz.002299,2025-08-15,44.2952,2025-08-22,45.9633,TIME,6,0.037657,0.034591,0.1203,-0.0024,0.7029,0.0006,7,0.1203
sh.601101,2025-08-15,36.5305,2025-08-22,36.5783,TIME,6,0.001307,-0.001695,0.1166,-0.0078,0.7202,0.0053,7,0.1166
sh.600587,2025-08-15,100.4145,2025-08-22,99.8324,TIME,6,-0.005797,-0.008787,0.0956,0.0112,0.7444,0.0012,7,0.0956
sh.600075,2025-08-19,43.0183,2025-08-26,44.3449,TIME,6,0.030837,0.027783,0.2297,-0.0401,0.4859,-0.0022,1,0.2297
sh.601139,2025-08-25,17.7057,2025-09-01,17.39,TIME,6,-0.017831,-0.020799,0.2649,-0.0615,0.4298,0.0015,9,0.2649
sh.603035,2025-08-25,18.3775,2025-08-28,17.8262,SL,4,-0.03,-0.032947,0.1515,-0.0419,0.684,0.0007,9,0.1515
sh.600452,2025-08-25,121.2339,2025-08-25,117.5969,SL,1,-0.03,-0.032948,0.1454,-0.0049,0.6439,0.0016,9,0.1454
sh.601677,2025-08-25,22.3234,2025-08-27,21.6537,SL,3,-0.03,-0.032947,0.1412,-0.0311,0.6936,0.0007,9,0.1412
sh.603755,2025-08-25,29.306,2025-08-28,28.4268,SL,4,-0.03,-0.032948,0.1275,-0.0193,0.7102,0.0004,9,0.1275
sh.603301,2025-08-25,57.9533,2025-08-27,56.2147,SL,3,-0.03,-0.032947,0.1191,0.0266,0.6624,0.0,9,0.1191
sh.605007,2025-08-25,13.3339,2025-09-01,13.2798,TIME,6,-0.004062,-0.007055,0.1087,0.0008,0.7271,0.0008,9,0.1087
sh.603960,2025-08-25,65.6348,2025-08-28,63.6658,SL,4,-0.03,-0.032947,0.1008,0.0099,0.7331,0.0083,9,0.1008
sh.600229,2025-08-26,9.862,2025-08-27,9.5661,SL,2,-0.03,-0.032947,0.1274,-0.0229,0.7158,0.0014,4,0.1274
sz.002166,2025-08-26,63.9267,2025-08-28,62.0089,SL,3,-0.03,-0.032948,0.1247,-0.0197,0.7179,-0.0024,4,0.1247
sh.605339,2025-08-26,18.8748,2025-08-27,18.3086,SL,2,-0.03,-0.032948,0.1201,-0.0116,0.7173,0.0006,4,0.1201
sz.002332,2025-08-26,32.332,2025-08-27,31.362,SL,2,-0.03,-0.032948,0.1006,0.0133,0.7286,-0.0018,4,0.1006
sh.603998,2025-08-28,53.2775,2025-08-28,51.6791,SL,1,-0.03,-0.032948,0.2087,-0.075,0.5908,-0.0034,5,0.2087
sh.601921,2025-08-28,9.9517,2025-09-04,9.6531,SL,6,-0.03,-0.032947,0.1709,-0.0308,0.619,-0.0012,5,0.1709
sh.600894,2025-08-28,47.3697,2025-08-28,45.9486,SL,1,-0.03,-0.032948,0.1373,-0.0456,0.7251,-0.0122,5,0.1373
sh.600197,2025-08-28,52.5092,2025-08-28,50.934,SL,1,-0.03,-0.032948,0.1339,-0.0453,0.7332,-0.0012,5,0.1339
sh.600282,2025-08-28,34.0247,2025-09-04,34.1692,TIME,6,0.004246,0.001239,0.1025,-0.0021,0.7469,0.0,5,0.1025
sh.601222,2025-09-12,34.8174,2025-09-19,33.8688,TIME,6,-0.027244,-0.030196,0.1157,0.0163,0.6864,0.0,6,0.1157
sh.600773,2025-09-12,51.2117,2025-09-18,49.6753,SL,5,-0.03,-0.032947,0.0995,0.0158,0.7277,0.0,6,0.0995
sh.601333,2025-09-12,4.9416,2025-09-15,4.7934,SL,2,-0.03,-0.032947,0.0954,0.0539,0.6807,0.0,6,0.0954
sz.003013,2025-09-12,18.0461,2025-09-18,17.5047,SL,5,-0.03,-0.032948,0.0886,0.0216,0.7461,0.0019,6,0.0886
sh.600993,2025-09-12,286.0561,2025-09-18,277.4744,SL,5,-0.03,-0.032948,0.0884,0.0232,0.7442,0.0004,6,0.0884
sh.603639,2025-09-12,51.4341,2025-09-16,49.891,SL,3,-0.03,-0.032947,0.0866,0.0239,0.7475,0.0,6,0.0866
sh.600612,2025-09-19,5857.4876,2025-09-25,5681.7629,SL,5,-0.03,-0.032948,0.1653,-0.0508,0.6629,-0.0038,2,0.1653
sz.002333,2025-09-19,20.42,2025-09-23,19.8074,SL,3,-0.03,-0.032948,0.1407,-0.0489,0.7216,0.0,2,0.1407
sh.603153,2025-09-24,18.8795,2025-09-30,19.8235,TP,5,0.05,0.046913,0.2253,-0.0942,0.578,-0.0066,7,0.2253
sz.002100,2025-09-24,96.2775,2025-10-09,93.3892,SL,6,-0.03,-0.032947,0.1913,-0.0659,0.6207,-0.0013,7,0.1913
sh.603199,2025-09-24,40.5474,2025-10-09,39.331,SL,6,-0.03,-0.032947,0.1781,-0.0676,0.6562,-0.0003,7,0.1781
sh.605365,2025-09-24,16.1815,2025-10-09,16.6034,TIME,6,0.02607,0.023024,0.1596,-0.0697,0.7055,0.0,7,0.1596
sh.603237,2025-09-24,37.5826,2025-10-09,36.727,TIME,6,-0.022766,-0.025726,0.1534,-0.0474,0.6875,-0.0062,7,0.1534
sz.000650,2025-09-24,117.1883,2025-09-29,113.6726,SL,4,-0.03,-0.032948,0.1461,-0.0684,0.7373,-0.0048,7,0.1461
sz.000913,2025-09-24,39.1205,2025-10-09,39.5115,TIME,6,0.009994,0.006977,0.1228,-0.0367,0.7481,-0.0035,7,0.1228
sz.002060,2025-10-10,16.9732,2025-10-17,16.464,SL,6,-0.03,-0.032947,0.2302,-0.0979,0.5712,-0.0078,6,0.2302
sz.002677,2025-10-10,36.7623,2025-10-13,35.6594,SL,2,-0.03,-0.032948,0.174,-0.0587,0.6529,0.0097,6,0.174
sh.600012,2025-10-10,30.6234,2025-10-13,32.1546,TP,2,0.05,0.046913,0.1684,0.003,0.5744,-0.0008,6,0.1684
sz.001376,2025-10-10,12.854,2025-10-17,13.2951,TIME,6,0.034318,0.031258,0.1305,-0.0384,0.7314,0.0,6,0.1305
sz.002016,2025-10-10,31.6425,2025-10-13,30.6932,SL,2,-0.03,-0.032948,0.1248,-0.023,0.7224,0.0,6,0.1248
sh.603998,2025-10-10,54.8283,2025-10-13,53.1835,SL,2,-0.03,-0.032948,0.1031,0.0008,0.741,0.0008,6,0.1031
sh.603833,2025-10-14,87.4267,2025-10-21,88.8105,TIME,6,0.015828,0.0128,0.1198,0.0008,0.6995,-0.0015,1,0.1198
sh.603215,2026-01-12,23.2025,2026-01-14,24.3626,TP,3,0.05,0.046913,0.1747,-0.0268,0.6035,-0.0065,7,0.1747
sh.600515,2026-01-12,13.8946,2026-01-14,13.4778,SL,3,-0.03,-0.032948,0.1481,-0.0788,0.748,-0.0061,7,0.1481
sh.603787,2026-01-12,14.9563,2026-01-12,15.7041,TP,1,0.05,0.046912,0.131,-0.0512,0.7494,0.0015,7,0.131
sz.002932,2026-01-12,74.8929,2026-01-19,74.933,TIME,6,0.000535,-0.002466,0.1262,-0.0219,0.7174,-0.0032,7,0.1262
sh.600681,2026-01-12,35.8696,2026-01-14,34.7935,SL,3,-0.03,-0.032947,0.1226,-0.0139,0.7142,0.0,7,0.1226
sz.002039,2026-01-12,51.6598,2026-01-15,54.2427,TP,4,0.05,0.046912,0.107,-0.0094,0.7465,0.0006,7,0.107
sh.605001,2026-01-12,10.9513,2026-01-19,11.346,TIME,6,0.036036,0.032973,0.1042,0.021,0.708,-0.0026,7,0.1042
sh.600648,2026-01-13,61.9217,2026-01-20,62.2149,TIME,6,0.004735,0.001727,0.153,-0.0213,0.6494,-0.0009,3,0.153
sh.600587,2026-01-13,97.9465,2026-01-20,95.0081,SL,6,-0.03,-0.032948,0.0925,0.0417,0.7061,0.0042,3,0.0925
sh.601155,2026-01-13,23.7583,2026-01-14,23.0455,SL,2,-0.03,-0.032948,0.0911,0.0358,0.7184,0.0,3,0.0911
sh.600983,2026-01-14,22.1133,2026-01-15,23.2189,TP,2,0.05,0.046913,0.1707,-0.04,0.6331,-0.0048,8,0.1707
sh.603507,2026-01-14,39.001,2026-01-14,37.8309,SL,1,-0.03,-0.032948,0.164,-0.0203,0.6204,-0.007,8,0.164
sh.603279,2026-01-14,31.3778,2026-01-21,31.6752,TIME,6,0.009479,0.006462,0.1601,-0.0047,0.6068,0.0018,8,0.1601
sh.600273,2026-01-14,14.9839,2026-01-14,15.7331,TP,1,0.05,0.046913,0.1462,-0.0334,0.6847,-0.0011,8,0.1462
sh.603219,2026-01-14,26.3312,2026-01-21,27.4346,TIME,6,0.041906,0.038833,0.1404,-0.0074,0.6602,-0.0011,8,0.1404
sh.603235,2026-01-14,29.1877,2026-01-21,29.1555,TIME,6,-0.001102,-0.0041,0.1349,0.0063,0.6533,0.0041,8,0.1349
sz.002598,2026-01-14,23.828,2026-01-19,25.0194,TP,4,0.05,0.046913,0.1252,0.0117,0.6694,0.0032,8,0.1252
sh.601512,2026-01-14,11.2104,2026-01-16,10.8741,SL,3,-0.03,-0.032948,0.0991,0.02,0.7223,-0.0196,8,0.0991
sz.002333,2026-01-15,21.9937,2026-01-22,22.9679,TIME,6,0.044293,0.041216,0.1239,-0.0151,0.713,0.0,2,0.1239
sh.605333,2026-01-15,31.293,2026-01-22,31.4451,TIME,6,0.004862,0.001854,0.1237,0.0087,0.6776,-0.0099,2,0.1237
sh.603466,2026-03-03,50.0435,2026-03-03,48.5422,SL,1,-0.03,-0.032948,0.1793,-0.0608,0.6429,-0.0018,2,0.1793
sh.603328,2026-03-03,38.3985,2026-03-03,37.2465,SL,1,-0.03,-0.032947,0.073,0.0591,0.7289,0.0008,2,0.073
sh.600883,2026-03-04,30.3525,2026-03-06,31.8701,TP,3,0.05,0.046913,0.1536,-0.0498,0.6908,-0.0119,1,0.1536
sz.002579,2026-07-20,57.7312,2026-07-20,55.9993,SL,1,-0.03,-0.032948,0.289,-0.3055,0.7359,-0.0032,1,0.289
sz.003020,2026-07-22,42.1049,2026-07-22,44.2101,TP,1,0.05,0.046913,0.24,-0.2274,0.7411,-0.0274,7,0.24
sz.002728,2026-07-22,45.3273,2026-07-23,47.5936,TP,2,0.05,0.046913,0.2151,-0.1219,0.6451,-0.0161,7,0.2151
sh.600129,2026-07-22,35.0931,2026-07-22,36.8478,TP,1,0.05,0.046913,0.2095,-0.1322,0.6745,-0.0131,7,0.2095
sh.600977,2026-07-22,13.2332,2026-07-29,13.6388,TIME,6,0.030655,0.027601,0.1327,0.0065,0.6584,-0.0058,7,0.1327
sh.600422,2026-07-22,74.731,2026-07-29,78.4676,TP,6,0.05,0.046913,0.1301,-0.0146,0.6967,-0.0034,7,0.1301
sh.600749,2026-07-22,32.2837,2026-07-29,32.621,TIME,6,0.010448,0.007429,0.1208,-0.0111,0.7146,-0.0015,7,0.1208
sh.600789,2026-07-22,17.6585,2026-07-29,18.0498,TIME,6,0.022161,0.019122,0.1001,0.0098,0.735,0.0,7,0.1001
sz.001206,2026-07-30,38.5954,2026-07-30,37.4375,SL,1,-0.03,-0.032948,0.2057,-0.1567,0.7208,-0.0098,7,0.2057
sh.603192,2026-07-30,29.1236,2026-07-30,28.2498,SL,1,-0.03,-0.032948,0.1561,-0.0674,0.7108,-0.0064,7,0.1561
sz.001395,2026-07-30,37.9074,2026-08-04,39.8811,TP,4,0.052068,0.048977,0.1561,-0.0492,0.6836,-0.0071,7,0.1561
sz.001388,2026-07-30,30.9003,2026-07-30,29.9733,SL,1,-0.03,-0.032948,0.1278,-0.0443,0.7471,-0.0179,7,0.1278
sh.603677,2026-07-30,36.0305,2026-08-06,37.832,TP,6,0.05,0.046913,0.1162,-0.0186,0.7373,-0.0016,7,0.1162
sh.603733,2026-07-30,24.3294,2026-07-30,23.5995,SL,1,-0.03,-0.032948,0.1156,-0.0133,0.7311,0.0039,7,0.1156
sz.002907,2026-07-30,12.9015,2026-08-04,13.5466,TP,4,0.05,0.046913,0.1082,0.0137,0.7089,-0.0079,7,0.1082
sz.000803,2026-07-31,25.0798,2026-07-31,26.3338,TP,1,0.05,0.046913,0.1229,-0.0353,0.7457,0.0,3,0.1229
sz.002339,2026-07-31,39.1421,2026-08-03,41.0992,TP,2,0.05,0.046913,0.1024,0.0028,0.7398,-0.0014,3,0.1024
sh.603151,2026-07-31,12.7995,2026-08-04,13.4395,TP,3,0.05,0.046913,0.0817,0.0554,0.7127,-0.005,3,0.0817
