code,entry_date,entry_price,exit_date,exit_price,ret,priority
113008,2021-01-04,109.09,2021-01-11,108.36,-0.006691722431020342,0
128140,2021-01-04,99.901,2021-01-11,97.39,-0.02513488353469928,0
127018,2021-01-04,79.629,2021-01-18,79.502,-0.0015948963317385934,0
128128,2021-01-04,103.95,2021-01-18,108.985,0.0484367484367485,0
113610,2021-01-04,104.1,2021-01-18,99.28,-0.04630163304514878,0
123089,2021-01-11,94.201,2021-01-18,94.634,0.004596554176707235,0
123084,2021-01-11,93.52,2021-01-18,94.315,0.008500855431993193,0
123092,2021-01-18,99.648,2021-01-25,100.402,0.007566634553628715,0
113612,2021-01-18,102.39,2021-01-25,102.21,-0.0017579841781424355,0
128140,2021-01-18,97.582,2021-01-25,96.97,-0.006271648459756918,0
113609,2021-01-04,93.68,2021-02-01,86.8,-0.07344150298889851,0
113008,2021-01-18,106.48,2021-02-01,106.48,0.0,0
113033,2021-01-18,102.14,2021-02-01,99.32,-0.02760916389269641,0
123089,2021-01-25,93.6,2021-02-01,91.081,-0.026912393162393022,0
128100,2021-01-04,89.887,2021-02-08,72.2,-0.19676927698109847,0
113610,2021-01-25,98.68,2021-02-08,92.86,-0.05897851641670049,0
113016,2021-02-01,104.01,2021-02-08,97.47,-0.06287856936833003,0
123080,2021-02-01,92.56,2021-02-08,89.1,-0.037381158167675066,0
128128,2021-02-08,95.25,2021-02-22,114.0,0.1968503937007875,0
113549,2021-02-08,91.4,2021-02-22,98.02,0.07242888402625813,0
128081,2021-02-08,90.701,2021-02-22,102.66,0.1318508064960695,0
113039,2021-02-01,98.84,2021-03-01,97.96,-0.008903278025091166,0
128140,2021-02-08,92.8,2021-03-01,99.15,0.06842672413793105,0
127018,2021-02-22,78.33,2021-03-01,79.91,0.020171071109408967,0
113601,2021-02-01,95.84,2021-03-08,96.07,0.002399833055091616,0
123097,2021-03-01,101.5,2021-03-08,103.2,0.016748768472906406,0
113595,2021-03-01,88.49,2021-03-08,90.32,0.02068030285908007,0
128066,2021-03-01,94.373,2021-03-08,95.663,0.013669163849829857,0
113033,2021-02-22,99.95,2021-03-15,98.4,-0.01550775387693848,0
123089,2021-03-08,98.5,2021-03-15,104.6,0.061928934010152314,0
110072,2021-01-04,86.99,2021-03-22,85.0,-0.022876192665823636,0
127018,2021-03-15,81.205,2021-03-22,84.4,0.03934486792685199,0
128140,2021-03-08,99.864,2021-03-29,100.58,0.00716975086117122,0
123086,2021-03-15,100.006,2021-03-29,103.68,0.03673779573225611,0
123097,2021-03-22,104.94,2021-03-29,101.949,-0.028502001143510536,0
128013,2021-03-08,103.4,2021-04-06,104.394,0.009613152804642144,0
113039,2021-03-08,103.65,2021-04-06,108.54,0.04717800289435603,0
128100,2021-03-29,85.64,2021-04-13,87.69,0.023937412424100746,0
110072,2021-03-29,80.31,2021-04-13,87.65,0.09139584111567678,0
123086,2021-04-06,102.801,2021-04-20,109.5,0.06516473575159765,0
127018,2021-04-13,94.0,2021-04-20,96.4,0.025531914893617058,0
113609,2021-02-22,92.25,2021-04-27,121.04,0.3120867208672087,0
123102,2021-04-06,101.7,2021-04-27,101.776,0.0007472959685348446,0
123106,2021-04-20,101.23,2021-04-27,100.3,-0.009186999901215076,0
123089,2021-04-13,100.0,2021-05-07,108.614,0.0861400000000001,0
128081,2021-04-27,108.0,2021-05-07,114.278,0.05812962962962964,0
110072,2021-04-27,88.17,2021-05-07,89.85,0.01905410003402519,0
113033,2021-03-22,98.52,2021-05-14,99.8,0.01299228583028822,0
127028,2021-04-20,103.345,2021-05-14,112.5,0.08858677246117375,0
127018,2021-05-07,98.93,2021-05-21,99.651,0.0072879814009905175,0
113564,2021-05-07,105.64,2021-05-21,105.64,0.0,0
123102,2021-05-14,105.0,2021-05-21,113.489,0.08084761904761906,0
113610,2021-03-29,103.6,2021-05-28,108.52,0.04749034749034742,0
127028,2021-05-21,110.029,2021-05-28,110.4,0.003371838333530386,0
128085,2021-01-04,82.3,2021-06-04,116.777,0.4189185905224788,0
113039,2021-05-21,105.22,2021-06-04,105.06,-0.0015206234556167653,0
113610,2021-06-04,108.73,2021-06-11,105.33,-0.03127011864250906,0
128105,2021-06-04,108.003,2021-06-11,104.6,-0.031508384026369685,0
113039,2021-06-11,106.19,2021-06-21,124.55,0.1728976363122705,0
127033,2021-05-28,101.2,2021-06-28,107.5,0.062252964426877444,0
127035,2021-06-21,104.591,2021-06-28,107.5,0.02781310055358488,0
128081,2021-05-28,109.874,2021-07-05,111.685,0.016482516336895126,0
110071,2021-06-28,108.72,2021-07-05,106.6,-0.019499632082413565,0
113610,2021-07-05,109.6,2021-07-12,112.87,0.029835766423357724,0
123097,2021-07-05,116.0,2021-07-12,119.678,0.031706896551724206,0
128129,2021-07-12,106.2,2021-07-19,106.818,0.005819209039547912,0
128085,2021-06-11,106.888,2021-07-26,124.15,0.16149614549809144,0
127034,2021-07-12,106.016,2021-07-26,105.35,-0.006282070630848291,0
128107,2021-07-19,108.76,2021-07-26,108.11,-0.005976461934534827,0
127027,2021-01-25,91.4,2021-08-02,103.22,0.1293216630196936,0
127018,2021-06-28,99.251,2021-08-02,111.0,0.1183766410414,0
128100,2021-07-26,80.61,2021-08-02,89.3,0.10780300210891935,0
113610,2021-07-26,117.79,2021-08-09,132.28,0.12301553612360983,0
128085,2021-08-02,118.98,2021-08-09,127.32,0.07009581442259183,0
128130,2021-08-02,112.599,2021-08-16,117.436,0.04295775273315039,0
127020,2021-08-09,120.15,2021-08-16,120.8,0.00540990428630872,0
127027,2021-08-09,105.33,2021-08-23,111.867,0.06206209057248646,0
127034,2021-08-16,104.51,2021-08-23,103.56,-0.009090039230695623,0
128107,2021-08-16,111.72,2021-08-23,113.222,0.013444325098460386,0
110033,2021-07-26,116.36,2021-08-30,127.16,0.09281540048126491,0
113508,2021-08-23,110.22,2021-09-06,110.22,0.0,0
110080,2021-05-14,99.67,2021-09-13,115.08,0.1546102137052272,0
128129,2021-08-02,105.83,2021-09-13,111.62,0.05471038457904198,0
113609,2021-09-06,121.6,2021-09-13,122.02,0.003453947368420973,0
128130,2021-08-23,116.13,2021-09-22,125.7,0.08240764660294508,0
113044,2021-08-30,103.3,2021-09-22,105.53,0.021587608906098676,0
127042,2021-09-13,121.46,2021-09-22,120.7,-0.006257204017783513,0
113591,2021-09-13,114.67,2021-09-22,113.38,-0.01124967297462287,0
127034,2021-09-13,107.88,2021-09-22,103.909,-0.036809417871709216,0
113628,2021-09-22,107.52,2021-09-29,108.0,0.0044642857142858094,0
128127,2021-01-04,97.706,2021-10-13,98.238,0.00544490614701254,0
113033,2021-05-21,99.4,2021-10-13,104.01,0.04637826961770619,0
123068,2021-09-22,113.0,2021-10-20,113.0,0.0,0
127027,2021-10-13,116.349,2021-10-20,120.169,0.0328322546820341,0
113549,2021-10-13,117.52,2021-10-20,126.73,0.07836963921034723,0
123051,2021-09-22,113.56,2021-10-27,113.56,0.0,0
113044,2021-10-20,105.77,2021-10-27,105.8,0.0002836343008414399,0
110080,2021-09-22,108.13,2021-11-03,106.42,-0.01581429760473496,0
127042,2021-10-20,119.534,2021-11-03,125.149,0.0469740826877707,0
127027,2021-10-27,115.61,2021-11-03,116.314,0.006089438629876209,0
128018,2021-09-22,121.68,2021-11-10,121.68,0.0,0
110033,2021-09-29,116.46,2021-11-10,116.46,0.0,0
128081,2021-10-27,115.68,2021-11-10,132.6,0.14626556016597503,0
113009,2021-11-03,124.34,2021-11-10,129.83,0.04415312851857811,0
113591,2021-11-03,122.9,2021-11-17,130.67,0.06322213181448322,0
128107,2021-11-10,113.645,2021-11-17,116.467,0.024831712789828098,0
128127,2021-11-17,99.15,2021-11-24,99.823,0.006787695410993333,0
127042,2021-11-17,125.0,2021-11-24,125.589,0.0047120000000000495,0
113609,2021-11-24,121.5,2021-12-01,130.07,0.07053497942386833,0
128130,2021-11-24,125.999,2021-12-01,128.29,0.01818268398955536,0
113033,2021-10-20,104.1,2021-12-08,107.04,0.028242074927953942,0
128129,2021-11-10,106.97,2021-12-08,109.202,0.020865663270075663,0
128034,2021-11-10,107.488,2021-12-08,108.947,0.013573608216731259,0
113011,2021-12-01,113.87,2021-12-08,114.0,0.0011416527619214634,0
113044,2021-11-03,105.29,2021-12-15,107.51,0.02108462342102757,0
127042,2021-12-08,120.65,2021-12-15,123.357,0.022436800663074852,0
128087,2021-05-07,100.452,2021-12-22,116.599,0.1607434396527696,0
128066,2021-11-10,107.02,2021-12-22,119.089,0.1127733133993647,0
127028,2021-12-15,124.0,2021-12-22,124.54,0.0043548387096774555,0
113591,2021-12-08,120.7,2021-12-29,128.12,0.06147473073736531,0
128127,2021-12-15,100.18,2021-12-29,112.0,0.11798762227989612,0
127007,2021-12-22,119.59,2021-12-29,118.6,-0.008278284137469782,0
113017,2021-12-08,106.69,2022-01-06,119.4,0.11913019027087834,0
113536,2021-12-22,130.42,2022-01-06,130.42,0.0,0
113011,2021-12-29,112.19,2022-01-06,114.03,0.016400748729833436,0
128129,2021-12-29,109.411,2022-01-06,112.2,0.025491038378225195,0
123053,2021-12-29,128.65,2022-01-13,128.65,0.0,0
127007,2022-01-06,130.8,2022-01-13,173.9,0.3295107033639142,0
127003,2021-12-08,122.403,2022-01-20,116.854,-0.04533385619633512,0
110034,2022-01-06,107.73,2022-01-20,107.73,0.0,0
113009,2021-12-01,124.14,2022-01-27,124.14,0.0,0
127042,2022-01-06,126.019,2022-01-27,125.0,-0.008086082257437455,0
128130,2022-01-13,129.48,2022-01-27,125.68,-0.029348161878282264,0
113609,2022-01-20,125.52,2022-01-27,118.66,-0.054652644996813216,0
113549,2022-01-20,132.48,2022-01-27,134.83,0.017738526570048485,0
128096,2022-01-27,132.204,2022-02-10,144.5,0.09300777586154729,0
127040,2022-01-27,132.485,2022-02-10,138.649,0.046526021813790175,0
113033,2022-01-27,114.33,2022-02-10,119.37,0.04408291786932561,0
127003,2022-02-10,118.52,2022-02-17,117.5,-0.008606142423219665,0
128130,2022-02-10,128.64,2022-02-17,125.7,-0.02285447761194015,0
110043,2022-02-10,126.29,2022-02-17,123.05,-0.02565523794441371,0
113591,2022-01-27,124.46,2022-02-24,124.58,0.0009641651936365125,0
110064,2022-02-17,127.65,2022-02-24,124.66,-0.023423423423423517,0
113033,2022-02-17,113.1,2022-02-24,115.06,0.01732979664014156,0
127042,2022-02-17,129.0,2022-02-24,130.4,0.010852713178294726,0
110052,2022-02-24,134.51,2022-03-03,127.79,-0.049959110846777066,0
113026,2022-01-06,134.82,2022-03-10,134.82,0.0,0
123111,2022-01-27,136.01,2022-03-10,136.01,0.0,0
128096,2022-02-24,130.0,2022-03-10,130.0,0.0,0
127040,2022-02-24,132.3,2022-03-10,126.1,-0.046863189720332654,0
128066,2022-03-03,122.023,2022-03-10,115.436,-0.053981626414692174,0
128081,2022-03-10,121.896,2022-03-17,124.0,0.017260615606746743,0
128087,2022-03-10,116.3,2022-03-17,114.415,-0.016208082545141833,0
128034,2022-03-10,108.072,2022-03-17,109.098,0.009493670886076,0
113033,2022-03-10,113.11,2022-03-24,109.73,-0.029882415347891378,0
113591,2022-03-10,117.07,2022-03-24,116.12,-0.008114803109250834,0
123024,2022-03-17,130.13,2022-03-24,136.8,0.051256435871820605,0
128085,2022-03-17,127.213,2022-03-24,132.198,0.039186246688624804,0
128130,2022-03-17,123.754,2022-03-24,124.55,0.006432115325565091,0
127040,2022-03-24,122.93,2022-03-31,120.73,-0.01789636378426751,0
110080,2022-03-24,114.45,2022-03-31,117.8,0.02927042376583655,0
127042,2022-03-24,118.191,2022-03-31,116.8,-0.011769085632577836,0
123107,2022-03-24,127.51,2022-03-31,128.3,0.006195592502548974,0
128034,2022-03-31,112.899,2022-04-11,114.739,0.016297752858749792,0
113591,2022-03-31,116.12,2022-04-11,115.91,-0.0018084739924216775,0
128127,2022-03-31,109.8,2022-04-11,109.02,-0.0071038251366120075,0
113033,2022-03-31,108.95,2022-04-11,109.6,0.005966039467645734,0
118002,2022-03-24,128.72,2022-04-18,128.72,0.0,0
127039,2022-04-11,122.691,2022-04-18,119.0,-0.030083706221320283,0
113550,2022-04-11,126.56,2022-04-18,154.46,0.22044879898862213,0
127003,2022-02-24,121.722,2022-04-25,109.57,-0.0998340480767651,0
128085,2022-04-11,121.0,2022-04-25,108.909,-0.09992561983471071,0
110052,2022-04-18,122.97,2022-04-25,109.25,-0.11157192811254779,0
123107,2022-04-25,121.1,2022-05-05,121.4,0.0024772914946327163,0
113567,2022-04-25,121.38,2022-05-05,129.73,0.06879222277146146,0
110079,2022-05-05,125.41,2022-05-12,122.31,-0.024718921936049743,0
110053,2022-04-25,119.82,2022-05-19,121.5,0.014021031547321039,0
128048,2022-05-12,119.8,2022-05-19,121.51,0.014273789649415836,0
127027,2022-04-11,126.734,2022-05-26,141.88,0.11951015512806351,0
113050,2022-04-18,123.32,2022-05-26,122.55,-0.0062439182614336675,0
113033,2022-04-18,111.67,2022-05-26,111.12,-0.004925226112653336,0
128066,2022-05-19,126.642,2022-05-26,116.68,-0.07866268694429956,0
128127,2022-05-19,116.291,2022-05-26,111.3,-0.042918196593029534,0
127040,2022-05-26,125.22,2022-06-02,129.245,0.03214342756748123,0
128087,2022-05-26,115.759,2022-06-02,115.798,0.0003369068495753247,0
127003,2022-05-05,109.91,2022-06-10,109.91,0.0,0
113033,2022-06-02,108.83,2022-06-10,109.06,0.002113387852614279,0
128130,2022-06-02,118.885,2022-06-10,121.349,0.020725911595239177,0
128107,2022-05-26,127.95,2022-06-17,135.911,0.06221961703790546,0
127040,2022-06-10,130.501,2022-06-17,134.281,0.028965295285093617,0
128034,2022-06-10,118.849,2022-06-17,121.5,0.02230561468754466,0
128081,2022-06-10,125.79,2022-06-17,128.001,0.017576913904125968,0
110084,2022-06-17,125.41,2022-06-24,122.63,-0.02216729128458661,0
110053,2022-06-17,123.03,2022-06-24,122.64,-0.0031699585466958835,0
113541,2022-05-26,122.54,2022-07-01,122.54,0.0,0
113599,2022-06-17,129.13,2022-07-01,143.15,0.10857275613722606,0
128107,2022-06-24,130.04,2022-07-01,135.1,0.03891110427560762,0
128130,2022-06-24,121.839,2022-07-01,123.369,0.012557555462536563,0
113033,2022-06-17,108.9,2022-07-08,108.36,-0.0049586776859504855,0
113591,2022-07-01,123.63,2022-07-08,127.65,0.03251637951953423,0
128119,2022-07-01,125.12,2022-07-08,127.339,0.017734974424552297,0
113630,2022-07-01,130.95,2022-07-15,132.12,0.008934707903780259,0
127040,2022-07-08,128.99,2022-07-15,126.7,-0.017753314210403937,0
128130,2022-07-08,121.2,2022-07-15,119.5,-0.014026402640264002,0
128107,2022-07-08,124.911,2022-07-22,124.911,0.0,0
110079,2022-07-15,123.78,2022-07-22,123.98,0.0016157699143641846,0
128013,2021-04-27,104.7,2022-07-29,104.7,0.0,0
128034,2022-07-15,121.739,2022-07-29,126.175,0.03643861046993968,0
110052,2022-07-22,127.94,2022-07-29,138.47,0.0823042050961389,0
110080,2022-07-22,118.09,2022-08-05,116.586,-0.012736048776357034,0
113630,2022-07-29,130.45,2022-08-05,130.45,0.0,0
128048,2022-07-29,126.49,2022-08-05,125.2,-0.010198434658866273,0
110043,2022-07-15,118.22,2022-08-12,123.328,0.043207579089832526,0
110084,2022-08-05,120.665,2022-08-12,125.617,0.041039240873492755,0
113620,2022-08-12,131.017,2022-08-19,140.931,0.07566956959783866,0
123097,2022-08-12,130.55,2022-08-19,140.608,0.07704327843738024,0
110053,2022-07-01,126.04,2022-08-26,126.35,0.002459536655029959,0
113050,2022-08-05,121.001,2022-08-26,122.371,0.011322220477516742,0
128081,2022-07-29,128.897,2022-09-02,122.351,-0.05078473509856707,0
110084,2022-08-19,125.501,2022-09-02,123.196,-0.01836638751882458,0
113033,2022-08-05,109.096,2022-09-09,110.888,0.01642590012466094,0
128087,2022-08-26,127.439,2022-09-09,127.88,0.0034604791311922956,0
123097,2022-08-26,118.73,2022-09-19,118.73,0.0,0
110053,2022-09-09,128.784,2022-09-19,126.996,-0.013883712262392822,0
128114,2022-05-26,111.998,2022-09-26,100.5,-0.10266254754549187,0
118001,2022-08-19,131.64,2022-09-26,108.794,-0.17354907323002122,0
113502,2022-09-19,117.524,2022-09-26,117.524,0.0,0
113011,2022-01-13,114.65,2022-10-10,105.0,-0.08416921064108163,0
113635,2022-09-02,123.262,2022-10-10,123.262,0.0,0
123023,2022-09-02,124.5,2022-10-10,124.5,0.0,0
113595,2022-09-26,111.497,2022-10-10,108.504,-0.026843771581298137,0
113050,2022-10-10,119.939,2022-10-17,120.63,0.005761261974837284,0
110084,2022-10-10,122.258,2022-10-17,126.253,0.03267679824633163,0
113033,2022-09-19,109.151,2022-10-24,107.15,-0.01833240190195229,0
128114,2022-10-17,103.648,2022-10-24,100.74,-0.028056498919419637,0
113011,2022-10-17,105.041,2022-10-24,104.906,-0.0012852124408563315,0
110038,2022-09-26,107.498,2022-10-31,142.763,0.3280526149323708,0
128015,2022-10-10,115.49,2022-10-31,153.997,0.33342280716945205,0
113050,2022-10-24,117.242,2022-11-07,117.925,0.00582555739410795,0
113591,2022-10-24,127.198,2022-11-07,130.711,0.02761835877922625,0
113642,2022-10-31,119.099,2022-11-07,142.086,0.19300749796387895,0
128081,2022-09-09,129.789,2022-11-14,133.3,0.027051599133979254,0
128073,2022-10-10,116.4,2022-11-14,116.4,0.0,0
110061,2022-10-24,128.951,2022-11-21,130.338,0.010756023605865694,0
128114,2022-11-07,91.96,2022-11-21,92.5,0.005872118312309826,0
128029,2022-11-07,128.96,2022-11-21,129.297,0.0026132133995036,0
113642,2022-11-14,128.339,2022-11-21,128.339,0.0,0
128048,2022-11-21,114.159,2022-11-28,117.11,0.025849911088919875,0
110047,2022-11-28,116.717,2022-12-05,120.002,0.02814500029987066,0
110056,2022-10-31,130.275,2022-12-12,130.275,0.0,0
123139,2022-11-14,121.7,2022-12-12,121.7,0.0,0
110084,2022-12-05,125.068,2022-12-12,123.483,-0.012673105830428244,0
128081,2022-11-21,126.17,2022-12-19,124.001,-0.0171910913846397,0
110047,2022-12-12,117.93,2022-12-19,116.82,-0.009412363266344537,0
113631,2022-12-12,121.978,2022-12-19,116.314,-0.04643460296118973,0
128015,2022-11-21,128.5,2022-12-26,128.5,0.0,0
113595,2022-11-21,112.708,2023-01-03,108.183,-0.040147993043971986,0
128087,2022-12-19,121.888,2023-01-03,122.101,0.0017475059070621857,0
128081,2022-12-26,120.959,2023-01-10,126.112,0.04260121198091915,0
110063,2023-01-03,115.061,2023-01-10,117.702,0.022953042299302062,0
123125,2022-12-19,116.711,2023-01-17,116.711,0.0,0
128081,2023-01-17,129.6,2023-01-31,131.199,0.01233796296296319,0
113050,2023-01-03,117.695,2023-02-07,119.92,0.018904796295509563,0
113033,2022-12-12,107.831,2023-02-14,107.589,-0.00224425258042682,0
123134,2023-02-07,131.569,2023-02-14,133.795,0.01691887906725742,0
128081,2023-02-14,129.8,2023-02-21,129.501,-0.0023035439137134572,0
110053,2022-09-26,125.983,2023-02-28,123.814,-0.01721660859004792,0
128048,2023-02-14,119.0,2023-03-07,118.35,-0.0054621848739496714,0
128145,2023-02-28,122.499,2023-03-07,122.499,0.0,0
110043,2023-01-10,113.035,2023-03-14,111.421,-0.014278763214933377,0
128034,2023-01-31,116.22,2023-03-14,112.38,-0.03304078471863714,0
113567,2023-03-07,125.315,2023-03-14,126.199,0.00705422335714001,0
113011,2022-11-07,104.639,2023-03-21,104.639,0.0,0
113595,2023-01-10,109.859,2023-03-21,135.467,0.233098790267525,0
123134,2023-03-07,120.589,2023-03-21,116.223,-0.0362056240618962,0
113622,2023-03-14,119.454,2023-03-28,119.454,0.0,0
113570,2023-03-14,126.292,2023-03-28,126.292,0.0,0
128014,2023-02-21,112.45,2023-04-04,107.725,-0.0420186749666519,0
127012,2023-03-28,118.16,2023-04-04,120.0,0.015572105619499066,0
128048,2023-03-21,115.825,2023-04-12,115.18,-0.005568745952946208,0
128081,2023-03-28,125.6,2023-04-12,127.075,0.011743630573248565,0
113013,2023-04-04,104.66,2023-04-26,104.72,0.000573284922606554,0
123077,2023-04-12,129.997,2023-04-26,120.55,-0.07267090779017993,0
110053,2023-03-14,120.895,2023-05-08,131.11,0.08449480954547339,0
110083,2023-04-26,128.343,2023-05-08,133.305,0.03866202286061582,0
111006,2023-04-04,117.527,2023-05-15,117.527,0.0,0
127021,2023-04-26,113.66,2023-05-15,106.333,-0.06446419144817872,0
113021,2023-05-08,122.11,2023-05-22,120.763,-0.01103103758905899,0
113013,2023-05-08,105.847,2023-05-29,104.801,-0.009882188441807438,0
127006,2023-05-22,123.652,2023-05-29,124.989,0.010812603111959307,0
123136,2023-05-29,124.32,2023-06-12,138.67,0.115427927927928,0
110057,2023-05-29,127.021,2023-06-19,127.021,0.0,0
128081,2023-05-15,126.9,2023-06-28,127.0,0.0007880220646176994,0
110053,2023-05-15,128.275,2023-06-28,125.506,-0.02158643539271099,0
113013,2023-06-12,104.86,2023-06-28,104.813,-0.00044821666984551367,0
128048,2023-06-19,114.9,2023-06-28,115.004,0.0009051348999129516,0
123136,2023-06-28,108.909,2023-07-05,106.76,-0.019732069893213633,0
113535,2023-06-28,121.199,2023-07-05,125.0,0.03136164489806026,0
123014,2023-06-28,116.025,2023-07-12,125.639,0.08286145227321695,0
128034,2023-03-21,113.327,2023-07-19,109.13,-0.0370344225118463,0
110043,2023-03-21,112.58,2023-07-19,109.676,-0.02579499022917031,0
128127,2023-07-05,103.63,2023-07-19,104.964,0.012872720254752501,0
123004,2023-07-19,114.199,2023-07-26,115.88,0.014719918738342663,0
123015,2023-07-12,29.506,2023-08-02,29.506,0.0,0
123014,2023-07-19,114.795,2023-08-02,114.795,0.0,0
127033,2023-06-28,91.5,2023-08-09,105.179,0.14949726775956296,0
128100,2021-08-23,101.51,2023-08-16,101.51,0.0,0
128017,2023-08-16,118.451,2023-08-23,111.29,-0.06045537817325297,0
128034,2023-08-02,110.768,2023-08-30,108.5,-0.020475227502527837,0
113017,2023-08-23,108.302,2023-09-13,106.489,-0.01674022640394457,0
128034,2023-09-13,108.24,2023-09-20,108.16,-0.0007390983000739038,0
123004,2023-08-09,112.99,2023-10-19,105.26,-0.06841313390565529,0
113044,2021-12-22,108.12,2023-11-02,116.361,0.07622086570477249,0
110043,2023-08-02,111.8,2023-11-02,105.922,-0.052576028622540294,0
128017,2023-08-30,113.057,2023-11-02,113.057,0.0,0
127029,2023-10-19,118.8,2023-11-02,115.72,-0.025925925925925908,0
128062,2023-07-19,109.35,2023-11-09,118.4,0.08276177411979901,0
123140,2023-11-02,116.202,2023-11-09,116.202,0.0,0
113044,2023-11-09,115.085,2023-11-23,115.004,-0.0007038276056826609,0
128021,2023-11-09,105.918,2023-11-23,105.828,-0.000849713929643725,0
113017,2023-11-23,108.029,2023-11-30,108.162,0.0012311508946671879,0
113578,2023-07-05,101.332,2023-12-07,97.032,-0.04243476887853781,0
128023,2023-11-30,107.701,2023-12-07,107.701,0.0,0
113017,2023-12-07,107.5,2023-12-14,106.46,-0.009674418604651236,0
113595,2023-04-12,126.902,2023-12-21,115.881,-0.08684654300168637,0
113576,2023-09-20,106.271,2023-12-28,101.84,-0.04169528846063364,0
128033,2023-11-02,108.999,2023-12-28,108.999,0.0,0
123164,2023-12-21,108.785,2024-01-05,105.2,-0.03295491106310611,0
404002,2023-11-02,12.23,2024-01-12,23.08,0.8871627146361405,0
113044,2023-12-28,116.361,2024-01-12,118.154,0.015408942858861518,0
123044,2023-11-23,108.0,2024-01-19,99.96,-0.07444444444444454,0
113504,2023-12-28,109.6,2024-01-19,106.064,-0.03226277372262776,0
113535,2024-01-12,117.855,2024-01-19,117.855,0.0,0
113578,2023-12-14,97.032,2024-01-26,97.032,0.0,0
128114,2022-12-19,100.599,2024-02-02,100.599,0.0,0
123096,2023-07-26,102.66,2024-02-02,86.701,-0.15545489966880965,0
113505,2024-01-05,110.454,2024-02-02,107.586,-0.025965560323754633,0
110043,2024-01-12,105.932,2024-02-02,105.932,0.0,0
128037,2024-01-19,108.464,2024-02-02,107.509,-0.008804764714559599,0
128042,2024-01-26,117.185,2024-02-02,111.544,-0.04813756026795246,0
127033,2024-01-19,95.742,2024-02-19,76.42,-0.20181320632533273,0
113595,2024-02-02,123.827,2024-02-19,135.953,0.0979269464656336,0
110045,2024-02-02,125.342,2024-02-19,132.991,0.06102503550286431,0
113066,2024-02-02,126.091,2024-02-19,139.691,0.1078586100514709,0
113050,2024-02-02,109.281,2024-02-19,110.129,0.0077598118611652556,0
404001,2023-11-02,26.82,2024-02-26,46.542,0.7353467561521254,0
127032,2024-02-19,117.71,2024-02-26,118.64,0.007900773086398916,0
128081,2024-02-19,115.986,2024-02-26,113.8,-0.018847102236476898,0
128087,2024-02-02,111.421,2024-03-04,114.277,0.025632510927024565,0
123107,2024-02-02,120.954,2024-03-04,121.032,0.0006448732576020966,0
404002,2024-02-26,7.277,2024-03-04,20.019,1.7509962896798128,0
128048,2024-02-19,108.275,2024-03-11,108.58,0.0028169014084507005,0
127015,2024-03-04,103.858,2024-03-11,104.2,0.003292957692233589,0
123207,2024-03-04,113.306,2024-03-11,112.4,-0.007996046105237076,0
127006,2023-12-07,111.954,2024-03-18,111.954,0.0,0
113021,2024-02-19,115.645,2024-03-18,116.262,0.005335293354663095,0
404002,2024-03-11,0.619,2024-03-18,0.001,-0.9983844911147012,0
123204,2024-03-11,113.4,2024-03-18,122.9,0.08377425044091713,0
128039,2024-03-18,107.97,2024-04-01,106.788,-0.010947485412614588,0
128087,2024-03-18,116.3,2024-04-01,116.75,0.0038693035253654084,0
127033,2024-03-11,75.01,2024-04-10,70.0,-0.06679109452073062,0
110088,2024-03-18,116.13,2024-04-10,116.13,0.0,0
123207,2024-03-18,116.63,2024-04-10,113.725,-0.024907828174569158,0
128044,2024-04-01,97.451,2024-04-10,93.16,-0.04403238550656219,0
127015,2024-04-01,106.714,2024-04-10,106.82,0.0009933092190339554,0
127063,2024-04-10,124.917,2024-04-17,147.21,0.17846249909940215,0
128039,2024-04-10,106.305,2024-04-17,105.891,-0.003894454635247624,0
404001,2024-03-04,69.574,2024-04-24,106.681,0.5333457900940006,0
128087,2024-04-10,118.1,2024-04-24,120.71,0.022099915325994868,0
128048,2024-04-10,108.751,2024-04-24,109.208,0.004202260209101416,0
127049,2024-02-19,98.959,2024-05-06,103.056,0.041400984246000805,0
110092,2024-04-17,84.578,2024-05-06,90.004,0.06415379886022365,0
127075,2024-04-24,93.7,2024-05-06,118.0,0.2593383137673426,0
127015,2024-04-24,104.841,2024-05-06,105.489,0.0061807880504765045,0
113044,2024-01-19,117.796,2024-05-13,119.489,0.014372304662297442,0
128039,2024-05-06,106.249,2024-05-13,105.866,-0.00360473980931586,0
128042,2024-05-06,124.0,2024-05-13,119.0,-0.040322580645161255,0
123044,2024-02-26,102.401,2024-05-20,127.971,0.2497045927285868,0
127075,2024-05-13,120.999,2024-05-20,121.9,0.007446342531756578,0
123207,2024-05-13,113.2,2024-05-20,111.1,-0.01855123674911663,0
113021,2024-04-10,115.701,2024-05-27,123.472,0.06716450160327048,0
127049,2024-05-20,112.81,2024-05-27,113.445,0.005628933605176689,0
113516,2024-04-17,109.72,2024-06-03,110.861,0.010399197958439688,0
128048,2024-05-06,109.976,2024-06-03,110.2,0.0020368080308430514,0
113044,2024-05-20,119.649,2024-06-03,119.42,-0.001913931583214179,0
128042,2024-05-20,120.9,2024-06-18,113.666,-0.059834574028122534,0
110063,2024-06-03,84.943,2024-06-18,85.894,0.011195743027677452,0
123010,2024-04-24,108.35,2024-06-25,107.745,-0.005583756345177604,0
123096,2024-02-26,97.789,2024-07-02,90.45,-0.07504934092791626,0
110092,2024-06-03,69.488,2024-07-02,68.883,-0.008706539258577117,0
127033,2024-06-03,46.0,2024-07-02,39.06,-0.15086956521739125,0
123156,2024-06-18,72.19,2024-07-02,80.4,0.11372766311123428,0
110063,2024-06-25,74.203,2024-07-02,89.823,0.2105036184520841,0
123010,2024-07-02,107.915,2024-07-09,107.915,0.0,0
113516,2024-07-02,110.052,2024-07-09,109.882,-0.001544724312143364,0
128048,2024-07-02,109.75,2024-07-09,109.046,-0.006414578587699227,0
128044,2024-05-27,72.631,2024-07-16,97.503,0.34244330933072664,0
123156,2024-07-09,70.16,2024-07-16,72.69,0.036060433295324934,0
123049,2024-07-09,79.675,2024-07-16,81.68,0.025164731722623346,0
127075,2024-07-02,102.89,2024-07-23,91.626,-0.10947613956652735,0
123146,2024-07-16,89.25,2024-07-23,87.174,-0.023260504201680576,0
113629,2024-06-18,104.654,2024-07-30,100.986,-0.03504882756511929,0
127019,2024-07-16,96.97,2024-07-30,93.5,-0.0357842631741776,0
123096,2024-07-16,95.0,2024-08-06,117.497,0.23681052631578958,0
127103,2024-07-23,86.244,2024-08-06,86.66,0.004823523955289621,0
404001,2024-05-06,6.527,2024-08-13,8.339,0.2776160563811858,0
113602,2024-07-30,109.363,2024-08-13,101.866,-0.06855152108117002,0
123207,2024-07-23,93.485,2024-08-20,94.0,0.005508905171952794,0
128044,2024-08-06,92.933,2024-08-20,71.372,-0.23200585367953264,0
123056,2024-08-13,84.889,2024-08-27,87.05,0.02545677296233917,0
123168,2024-08-20,88.45,2024-08-27,90.871,0.027371396269078474,0
113058,2024-08-20,105.764,2024-08-27,108.038,0.021500699670965462,0
110072,2024-05-27,97.199,2024-09-03,97.199,0.0,0
123156,2024-07-30,69.86,2024-09-10,78.63,0.12553678786143707,0
127103,2024-08-13,86.57,2024-09-10,85.64,-0.010742751530553263,0
127049,2024-08-27,92.535,2024-09-10,92.9,0.003944453450046126,0
113596,2024-08-27,85.902,2024-09-10,88.168,0.026378896882494063,0
123056,2024-09-03,88.03,2024-09-19,86.374,-0.01881176871521084,0
113033,2024-05-13,112.89,2024-09-26,106.446,-0.057082115333510486,0
127075,2024-08-06,98.76,2024-09-26,95.65,-0.03149048197650872,0
123207,2024-08-27,92.596,2024-09-26,99.688,0.07659078145924236,0
110063,2024-09-26,86.055,2024-10-10,99.244,0.15326244843414094,0
123056,2024-09-26,89.851,2024-10-10,104.0,0.15747181444836444,0
123198,2024-09-10,98.729,2024-10-17,115.2,0.16683041456917413,0
113596,2024-09-26,88.855,2024-10-17,133.874,0.5066569129480614,0
123049,2024-10-10,93.61,2024-10-17,95.598,0.021237047324003777,0
123056,2024-10-17,100.197,2024-10-24,113.0,0.12777827679471443,0
123207,2024-10-17,109.55,2024-10-24,109.778,0.002081241442263959,0
127033,2024-09-10,52.96,2024-10-31,74.32,0.40332326283987907,0
113021,2024-10-24,117.283,2024-10-31,115.615,-0.014222010009975916,0
113629,2024-10-24,113.802,2024-10-31,114.427,0.0054919948682798925,0
118026,2024-09-10,90.926,2024-11-07,117.644,0.2938433451378044,0
123056,2024-10-31,109.8,2024-11-07,114.7,0.04462659380692169,0
123207,2024-10-31,109.622,2024-11-07,111.896,0.020744011238619908,0
113044,2024-10-31,115.921,2024-11-07,118.476,0.022040872663279254,0
128048,2024-10-17,109.399,2024-11-14,109.399,0.0,0
123056,2024-11-14,109.887,2024-11-21,107.85,-0.018537224603456304,0
113033,2024-10-10,112.301,2024-11-28,115.202,0.025832361243443902,0
127049,2024-09-19,87.11,2024-12-05,103.25,0.18528297554815754,0
110095,2024-11-07,103.857,2024-12-12,108.294,0.04272220456974485,0
113033,2024-12-05,120.137,2024-12-12,125.363,0.0435003371151268,0
123247,2024-09-10,90.296,2024-12-19,106.526,0.17974218127048802,0
113524,2024-12-12,112.791,2024-12-19,112.791,0.0,0
123135,2024-12-12,120.2,2024-12-19,120.2,0.0,0
123018,2024-12-19,109.929,2024-12-26,109.929,0.0,0
118026,2024-12-19,119.32,2025-01-03,119.32,0.0,0
123099,2024-11-28,104.001,2025-01-10,62.999,-0.3942462091710657,0
113532,2024-12-26,112.886,2025-01-10,112.701,-0.0016388214659036615,0
113691,2024-11-21,104.925,2025-01-17,113.264,0.07947581605908982,0
113576,2025-01-10,119.117,2025-01-17,111.656,-0.06263589579992779,0
110092,2024-07-09,60.963,2025-01-24,82.01,0.3452421960861507,0
128081,2025-01-10,118.298,2025-01-24,120.3,0.016923363032341987,0
113527,2025-01-17,114.911,2025-01-24,114.831,-0.0006961909651816978,0
110052,2025-01-24,117.526,2025-02-10,135.387,0.15197488215373633,0
113024,2025-01-24,106.207,2025-02-10,105.783,-0.003992203903697478,0
113044,2024-12-19,120.004,2025-02-17,120.004,0.0,0
127032,2025-02-10,122.8,2025-02-17,123.211,0.0033469055374593104,0
127061,2024-07-02,96.661,2025-02-24,99.493,0.029298269208884564,0
113024,2025-02-17,105.509,2025-02-24,105.311,-0.0018766171606212634,0
127032,2025-02-24,119.934,2025-03-03,120.55,0.005136158220354625,0
113021,2025-01-03,121.323,2025-03-10,121.323,0.0,0
110092,2025-02-24,81.729,2025-03-10,80.122,-0.01966254328328987,0
110055,2025-02-10,112.436,2025-03-17,109.956,-0.022056992422355814,0
123022,2025-02-17,119.2,2025-03-24,119.2,0.0,0
128062,2025-03-17,116.409,2025-03-24,114.915,-0.012834059222225136,0
127061,2025-03-10,104.02,2025-03-31,100.651,-0.03238800230724859,0
113530,2025-03-10,118.584,2025-03-31,118.584,0.0,0
113608,2025-03-24,116.163,2025-03-31,113.907,-0.019420986028253373,0
113532,2025-01-17,114.758,2025-04-08,114.758,0.0,0
113024,2025-03-03,106.629,2025-04-08,104.951,-0.01573680705999314,0
110092,2025-03-31,86.51,2025-04-08,80.107,-0.07401456479019775,0
128066,2025-03-31,113.8,2025-04-08,112.081,-0.015105448154657197,0
123100,2025-03-31,116.02,2025-04-08,115.59,-0.003706257541803093,0
127033,2024-11-07,78.018,2025-04-15,87.07,0.116024507165013,0
123226,2025-03-24,118.0,2025-04-15,100.088,-0.15179661016949153,0
123190,2025-04-08,101.25,2025-04-15,101.566,0.0031209876543210058,0
123152,2025-04-08,105.211,2025-04-15,105.211,0.0,0
128072,2025-04-08,107.327,2025-04-22,108.651,0.012336131635096503,0
128066,2025-04-15,111.97,2025-04-22,111.97,0.0,0
127049,2025-04-15,110.7,2025-04-22,110.496,-0.0018428184281843452,0
123099,2025-01-24,56.84,2025-04-29,77.85,0.36963406052075976,0
127051,2025-04-08,105.688,2025-04-29,106.15,0.004371357202331394,0
118046,2025-04-08,113.611,2025-04-29,113.611,0.0,0
127015,2025-04-22,110.22,2025-04-29,108.234,-0.018018508437670167,0
123078,2025-04-29,113.604,2025-05-09,128.7,0.13288264497728952,0
113637,2025-04-29,124.767,2025-05-09,139.654,0.11931840951533657,0
123247,2025-04-29,120.169,2025-05-09,123.036,0.023858066556266655,0
127015,2025-05-09,108.842,2025-05-16,108.599,-0.002232594035390667,0
113033,2025-04-22,112.99,2025-05-23,110.612,-0.02104611027524561,0
123078,2025-05-16,123.999,2025-05-23,123.999,0.0,0
127061,2025-04-15,98.65,2025-05-30,99.392,0.007521540800810911,0
110059,2025-05-23,110.032,2025-05-30,110.2,0.001526828558964688,0
110092,2025-04-15,81.348,2025-06-09,88.795,0.0915449673009785,0
127047,2024-11-07,89.129,2025-06-16,119.182,0.3371854278629851,0
110063,2025-05-09,111.304,2025-06-16,114.172,0.025767268022712564,0
123256,2025-05-30,100.0,2025-06-16,,,0
128070,2025-06-09,114.1,2025-06-16,112.759,-0.011752848378615233,0
128081,2025-04-29,112.501,2025-06-23,113.79,0.011457675931769495,0
128071,2025-05-09,113.985,2025-06-23,112.501,-0.013019256919770128,0
113542,2025-05-23,113.956,2025-06-23,110.83,-0.02743164028221423,0
123218,2025-05-30,118.5,2025-06-23,114.7,-0.03206751054852319,0
113598,2025-06-16,121.427,2025-06-23,121.427,0.0,0
127109,2025-06-16,100.0,2025-06-30,,,0
123128,2025-06-23,120.7,2025-06-30,114.98,-0.04739022369511181,0
123257,2025-06-16,100.0,2025-07-07,135.505,0.35504999999999987,0
113695,2025-06-23,100.0,2025-07-07,,,0
128070,2025-06-23,112.193,2025-07-07,112.193,0.0,0
118056,2025-06-16,100.0,2025-07-14,137.409,0.3740899999999998,0
111022,2025-06-23,100.0,2025-07-14,139.923,0.39923,0
123204,2025-06-23,115.914,2025-07-14,113.57,-0.020221888641579144,0
118057,2025-06-30,100.0,2025-07-14,,,0
111023,2025-07-07,100.0,2025-07-21,,,0
123093,2025-07-14,123.01,2025-07-21,123.01,0.0,0
127033,2025-04-22,86.888,2025-07-28,94.004,0.08189853604640462,0
113696,2025-07-07,100.0,2025-07-28,129.01,0.2900999999999998,0
127110,2025-07-14,100.0,2025-07-28,129.42,0.2941999999999998,0
128122,2025-07-14,110.186,2025-07-28,110.186,0.0,0
113542,2025-07-14,110.21,2025-08-04,110.21,0.0,0
113629,2025-07-21,120.091,2025-08-04,120.091,0.0,0
128081,2025-07-21,120.145,2025-08-04,133.341,0.10983395064297308,0
123082,2025-07-28,125.1,2025-08-11,133.0,0.06314948041566759,0
123141,2025-08-04,129.478,2025-08-11,134.2,0.036469516056781615,0
128071,2025-07-07,115.2,2025-08-18,115.2,0.0,0
113065,2025-07-28,126.057,2025-08-18,126.057,0.0,0
123049,2025-08-04,120.037,2025-08-18,119.364,-0.005606604630238987,0
113549,2025-08-11,129.428,2025-08-18,133.424,0.030874308495843383,0
118023,2025-07-28,119.006,2025-08-25,126.987,0.0670638455203938,0
127047,2025-07-28,127.0,2025-08-25,137.299,0.08109448818897635,0
118058,2025-08-11,100.0,2025-08-25,,,0
127033,2025-08-04,95.121,2025-09-01,88.6,-0.06855478811198368,0
123048,2025-08-18,127.908,2025-09-01,125.334,-0.020123839009287936,0
113549,2025-08-25,132.04,2025-09-01,132.04,0.0,0
113698,2025-08-18,100.0,2025-09-08,,,0
123206,2025-08-18,125.13,2025-09-08,124.657,-0.0037800687285223233,0
127111,2025-08-25,100.0,2025-09-08,138.0,0.3799999999999999,0
123258,2025-09-01,100.0,2025-09-08,,,0
123130,2025-08-25,124.427,2025-09-15,110.19,-0.11442050358844957,0
127052,2025-09-01,122.8,2025-09-15,137.0,0.11563517915309451,0
128081,2025-09-08,131.029,2025-09-15,136.151,0.03909058300070978,0
123145,2025-09-15,131.68,2025-09-22,131.68,0.0,0
110062,2025-09-15,123.741,2025-09-22,135.983,0.09893244761235165,0
123232,2025-09-01,126.036,2025-09-29,118.009,-0.0636881525913231,0
123049,2025-09-08,126.287,2025-09-29,123.407,-0.022805197684639067,0
113545,2025-08-18,116.103,2025-10-14,109.942,-0.05306495094872654,0
128076,2025-09-08,126.89,2025-10-14,117.444,-0.07444243045157217,0
113569,2025-09-15,131.618,2025-10-14,125.805,-0.04416569162272632,0
127015,2025-09-08,110.456,2025-10-21,107.41,-0.027576591583979182,0
113697,2025-09-22,100.0,2025-10-21,,,0
123089,2025-09-22,123.35,2025-10-21,123.799,0.0036400486420755662,0
127097,2025-10-14,126.154,2025-10-21,126.154,0.0,0
110059,2025-06-30,112.749,2025-10-28,110.8,-0.01728618435640228,0
113699,2025-09-29,100.0,2025-10-28,149.584,0.49584000000000006,0
123166,2025-09-29,129.55,2025-10-28,141.799,0.09455036665380168,0
110099,2025-10-14,100.0,2025-10-28,,,0
113577,2025-10-21,122.246,2025-10-28,139.103,0.13789408242396495,0
128105,2025-10-14,125.2,2025-11-04,117.358,-0.06263578274760384,0
123259,2025-10-21,100.0,2025-11-04,,,0
110063,2025-10-28,114.777,2025-11-04,115.007,0.002003885795934801,0
128095,2025-10-28,127.714,2025-11-04,127.714,0.0,0
127020,2025-10-28,128.7,2025-11-11,130.888,0.01700077700077718,0
123049,2025-11-04,125.222,2025-11-11,126.698,0.011787066170481308,0
113685,2025-10-21,119.934,2025-11-18,119.934,0.0,0
113621,2025-11-04,125.9,2025-11-18,125.9,0.0,0
110064,2025-11-11,114.803,2025-11-18,113.365,-0.012525805074780294,0
118059,2025-11-04,100.0,2025-11-25,144.991,0.44991000000000003,0
123260,2025-11-11,100.0,2025-11-25,172.4,0.724,0
127086,2025-10-21,121.29,2025-12-02,110.499,-0.08896858768241411,0
110062,2025-10-28,120.705,2025-12-02,105.968,-0.12209104842384322,0
127015,2025-10-28,107.085,2025-12-09,105.815,-0.011859737591632724,0
113047,2025-11-04,127.654,2025-12-09,127.654,0.0,0
118060,2025-11-18,100.0,2025-12-09,,,0
118061,2025-11-25,100.0,2025-12-09,,,0
110082,2025-11-25,129.108,2025-12-09,130.305,0.009271307742355184,0
123049,2025-12-02,122.1,2025-12-16,122.21,0.0009009009009008917,0
123177,2025-12-09,128.696,2025-12-16,128.696,0.0,0
110063,2025-12-09,111.706,2025-12-16,111.706,0.0,0
113033,2025-12-09,111.244,2025-12-16,114.036,0.025097982812556152,0
123212,2025-11-18,118.299,2025-12-23,118.26,-0.0003296731164252886,0
123240,2025-11-18,124.134,2025-12-23,108.999,-0.1219246942819856,0
113683,2025-12-02,125.34,2025-12-23,125.34,0.0,0
123261,2025-12-09,100.0,2025-12-23,163.931,0.63931,0
113663,2025-12-09,129.605,2025-12-23,127.178,-0.0187261293931561,0
118062,2025-12-16,100.0,2025-12-30,,,0
123263,2025-12-16,100.0,2025-12-30,,,0
123262,2025-12-16,100.0,2025-12-30,156.36,0.5636000000000001,0
123185,2025-12-23,113.346,2025-12-30,113.346,0.0,0
123230,2025-12-23,121.571,2025-12-30,159.0,0.3078777010964786,0
127015,2025-12-23,105.848,2026-01-08,105.848,0.0,0
110067,2025-12-30,124.256,2026-01-08,131.278,0.056512361576100956,0
113042,2025-12-30,127.413,2026-01-08,127.411,-1.5696985393942597e-05,0
113672,2025-12-30,134.199,2026-01-08,137.378,0.023688701108055765,0
111024,2025-12-16,100.0,2026-01-15,,,0
118063,2025-12-30,100.0,2026-01-15,188.76,0.8876,0
123264,2025-12-30,100.0,2026-01-15,,,0
118009,2026-01-08,133.356,2026-01-15,142.271,0.06685113530699782,0
128116,2026-01-08,128.62,2026-01-22,124.6,-0.03125485927538496,0
113563,2026-01-08,107.902,2026-01-22,107.902,0.0,0
113593,2026-01-15,134.256,2026-01-22,135.022,0.00570551781670825,0
113042,2026-01-15,127.166,2026-01-22,128.449,0.010089174779422283,0
110070,2026-01-15,122.073,2026-01-22,126.496,0.03623241830707857,0
118064,2026-01-08,100.0,2026-01-29,188.76,0.8876,0
113672,2026-01-15,136.212,2026-01-29,136.554,0.002510792000704809,0
123265,2026-01-22,100.0,2026-01-29,,,0
127039,2026-01-22,133.9,2026-01-29,135.1,0.008961911874533213,0
127112,2026-01-22,100.0,2026-02-05,157.3,0.5730000000000002,0
118029,2026-01-29,128.441,2026-02-05,145.966,0.13644397038328893,0
123242,2026-01-29,130.0,2026-02-05,131.1,0.00846153846153852,0
123049,2025-12-23,123.801,2026-02-12,133.724,0.08015282590609107,0
110100,2026-01-22,100.0,2026-02-12,154.135,0.54135,0
110070,2026-01-29,128.96,2026-02-12,124.801,-0.03225031017369728,0
123128,2026-02-05,126.03,2026-02-12,141.799,0.12512100293580897,0
118065,2026-01-22,100.0,2026-02-27,172.019,0.7201900000000001,0
111016,2026-01-29,128.823,2026-02-27,128.823,0.0,0
127039,2026-02-12,132.518,2026-02-27,132.518,0.0,0
113033,2025-12-23,115.463,2026-03-06,109.955,-0.0477035933589115,0
127071,2026-02-12,125.155,2026-03-06,140.0,0.11861291997922585,0
128101,2026-02-12,111.565,2026-03-06,110.048,-0.013597454398780906,0
123242,2026-02-27,130.489,2026-03-06,130.489,0.0,0
113700,2026-02-05,100.0,2026-03-13,142.338,0.42337999999999987,0
110067,2026-02-05,118.502,2026-03-13,118.502,0.0,0
123221,2026-02-12,124.249,2026-03-13,117.605,-0.05347326739048197,0
113574,2026-02-27,127.604,2026-03-13,124.087,-0.027561831917494728,0
113623,2026-03-06,120.584,2026-03-13,120.584,0.0,0
123210,2026-02-27,116.9,2026-03-20,116.6,-0.0025662959794697793,0
118066,2026-03-06,100.0,2026-03-20,131.182,0.31182,0
113701,2026-03-06,100.0,2026-03-20,100.0,0.0,0
110070,2026-03-13,120.573,2026-03-20,113.66,-0.057334560805487156,0
118034,2026-03-13,124.054,2026-03-20,123.822,-0.0018701533203282494,0
127113,2026-03-13,100.0,2026-03-27,,,0
127022,2026-03-20,114.5,2026-03-27,114.5,0.0,0
110092,2026-03-13,105.048,2026-04-03,101.501,-0.03376551671616779,0
123239,2026-03-20,113.6,2026-04-03,112.4,-0.010563380281690016,0
118000,2026-03-20,117.27,2026-04-03,117.27,0.0,0
113574,2026-03-20,117.033,2026-04-03,117.033,0.0,0
123049,2026-03-27,122.161,2026-04-03,117.84,-0.03537135419651116,0
118008,2026-03-06,110.761,2026-04-13,110.761,0.0,0
110070,2026-03-27,112.403,2026-04-13,111.938,-0.004136900260669263,0
113575,2026-04-03,81.438,2026-04-13,81.438,0.0,0
123254,2026-04-03,119.2,2026-04-13,138.905,0.16531040268456376,0
118006,2026-04-03,121.073,2026-04-13,134.98,0.11486458582838455,0
127094,2026-03-20,110.9,2026-04-20,104.0,-0.062218214607754785,0
110092,2026-04-13,103.947,2026-04-20,103.005,-0.009062310600594592,0
113654,2026-04-13,131.369,2026-04-20,127.339,-0.030676948138449678,0
113584,2026-04-13,110.389,2026-04-20,110.255,-0.0012138890650336132,0
127041,2026-04-13,120.275,2026-04-20,118.996,-0.010633963832883064,0
113653,2026-03-13,114.32,2026-04-27,114.32,0.0,0
123267,2026-04-20,100.0,2026-04-27,,,0
123268,2026-04-20,100.0,2026-04-27,,,0
113702,2026-04-20,100.0,2026-04-27,,,0
123269,2026-04-20,100.0,2026-04-27,,,0
118027,2026-04-20,93.48,2026-05-07,77.51,-0.17083868207103126,0
128121,2026-04-27,113.8,2026-05-07,124.685,0.09565026362038664,0
128119,2026-04-03,86.702,2026-05-14,84.998,-0.019653525870222066,0
128108,2026-04-03,113.062,2026-05-14,107.515,-0.049061576833949516,0
110081,2026-04-13,110.061,2026-05-14,89.019,-0.1911848883800802,0
128141,2026-04-27,125.647,2026-05-14,156.688,0.2470492729631426,0
113654,2026-04-27,129.006,2026-05-14,129.006,0.0,0
123129,2026-05-07,126.3,2026-05-14,126.3,0.0,0
127061,2026-05-07,99.132,2026-05-21,99.365,0.0023504014848887422,0
128125,2026-05-14,115.118,2026-05-21,114.065,-0.009147135982209509,0
113042,2026-05-14,119.804,2026-05-28,117.031,-0.023146138693198814,0
128128,2026-05-14,121.0,2026-05-28,113.297,-0.06366115702479336,0
111013,2026-05-21,120.046,2026-05-28,123.483,0.02863069156823217,0
127041,2026-04-27,120.969,2026-06-04,117.558,-0.028197306748009687,0
118027,2026-05-14,77.576,2026-06-04,88.833,0.1451093121583995,0
113588,2026-05-14,112.587,2026-06-04,108.958,-0.032232851039640464,0
128121,2026-05-14,125.99,2026-06-04,108.053,-0.14236844193983644,0
128127,2026-05-21,113.698,2026-06-04,114.439,0.006517265035444808,0
113644,2026-05-28,122.917,2026-06-11,125.641,0.02216129583377402,0
123270,2026-06-04,100.0,2026-06-11,,,0
118068,2026-06-04,100.0,2026-06-11,100.0,0.0,0
127061,2026-05-28,95.35,2026-06-18,92.299,-0.03199790246460399,0
127066,2026-05-28,125.45,2026-06-18,124.975,-0.0037863690713432208,0
123271,2026-06-04,100.0,2026-06-18,188.76,0.8876,0
113703,2026-06-11,100.0,2026-06-18,100.0,0.0,0
123198,2026-06-04,118.242,2026-06-26,109.93,-0.07029651054616803,0
111023,2026-06-04,121.745,2026-06-26,121.745,0.0,0
123272,2026-06-11,100.0,2026-06-26,,,0
113705,2026-06-18,100.0,2026-06-26,100.0,0.0,0
113704,2026-06-11,100.0,2026-07-03,,,0
111025,2026-06-26,100.0,2026-07-03,100.0,0.0,0
118070,2026-06-18,100.0,2026-07-10,157.3,0.5730000000000002,0
113706,2026-06-18,100.0,2026-07-10,157.3,0.5730000000000002,0
127114,2026-07-03,100.0,2026-07-10,,,0
123061,2026-07-03,105.049,2026-07-10,105.049,0.0,0
128119,2026-06-26,59.92,2026-07-17,59.92,0.0,0
118071,2026-06-26,100.0,2026-07-17,157.3,0.5730000000000002,0
110101,2026-07-10,100.0,2026-07-17,141.473,0.41473000000000004,0
123275,2026-07-10,100.0,2026-07-17,100.0,0.0,0
110092,2026-04-27,103.824,2026-07-24,75.881,-0.2691381568808753,0
118027,2026-06-26,84.174,2026-07-24,87.033,0.033965357473804136,0
118040,2026-07-17,100.921,2026-07-24,100.801,-0.0011890488599994864,0
110081,2026-06-18,93.426,2026-07-31,101.621,0.08771648149337441,0
113707,2026-07-10,100.0,2026-07-31,157.3,0.5730000000000002,0
113632,2026-07-10,116.408,2026-07-31,116.408,0.0,0
113708,2026-07-24,100.0,2026-07-31,100.0,0.0,0
127061,2026-07-17,104.01,2026-08-07,108.397,0.042178636669550906,0
113658,2026-07-17,115.902,2026-08-07,122.192,0.05426998671291261,0
110102,2026-07-17,100.0,2026-08-07,163.917,0.63917,0
127115,2026-07-24,100.0,2026-08-07,100.0,0.0,0
110103,2026-07-24,100.0,2026-08-14,148.396,0.48395999999999995,0
118074,2026-07-31,100.0,2026-08-14,175.123,0.7512299999999998,0
123278,2026-07-31,100.0,2026-08-14,,,0
123277,2026-07-31,100.0,2026-08-14,157.3,0.5730000000000002,0
123280,2026-08-07,100.0,2026-08-14,,,0
123279,2026-08-07,100.0,2026-08-14,,,0
404004,2024-11-07,25.932,2026-08-21,33.431,0.2891793922566712,0
123281,2026-08-07,100.0,2026-08-21,,,0
111026,2026-08-07,100.0,2026-08-21,,,0
118027,2026-07-31,80.601,2026-08-27,80.177,-0.005260480639197929,0
118076,2026-08-14,100.0,2026-08-27,177.265,0.7726499999999998,0
110092,2026-08-14,70.646,2026-08-27,73.531,0.04083741471562452,0
110081,2026-08-14,104.358,2026-08-27,106.922,0.024569271162728334,0
127061,2026-08-14,109.998,2026-08-27,114.98,0.045291732576955956,0
128134,2026-08-14,115.651,2026-08-27,117.207,0.013454271904263626,0
113042,2026-08-14,117.369,2026-08-27,118.513,0.009747037122238567,0
123284,2026-08-21,100.0,2026-08-27,100.0,0.0,0
123282,2026-08-21,100.0,2026-08-27,100.0,0.0,0
123283,2026-08-21,100.0,2026-08-27,100.0,0.0,0
