code,entry_date,entry_price,exit_date,exit_price,reason,bars,gross_ret,ret
sh.600011,2016-12-19,23.6995,2017-02-07,24.232,TIME,31,0.022472,0.019433
sh.600011,2017-03-24,24.1988,2017-04-24,25.5635,HIGH,20,0.056396,0.053297
sh.600016,2021-07-21,92.2961,2021-08-04,87.88,DESEL,11,-0.047847,-0.050763
sh.600028,2018-06-27,13.5577,2018-07-19,13.7782,DESEL,17,0.01626,0.013232
sh.600028,2018-10-12,14.3369,2018-10-19,14.2466,DESEL,6,-0.006299,-0.009288
sh.600028,2018-11-23,13.2758,2018-12-14,13.2984,DESEL,16,0.001701,-0.001302
sh.600028,2019-03-27,12.892,2019-05-14,12.1017,TIME,31,-0.061296,-0.064189
sh.600028,2019-05-16,12.1695,2019-05-20,12.3275,DESEL,3,0.012987,0.009964
sh.600033,2018-06-25,16.5377,2018-07-19,15.9432,DESEL,19,-0.035948,-0.038885
sh.600039,2023-11-01,80.6445,2023-12-13,77.8204,TIME,31,-0.035019,-0.037958
sh.600039,2023-12-18,76.7744,2024-01-26,83.1549,HIGH,29,0.083106,0.079961
sh.600057,2024-07-01,62.0772,2024-07-16,57.111,SL,12,-0.08,-0.08286
sh.600057,2024-07-18,57.5908,2024-07-25,52.9835,SL,6,-0.08,-0.08286
sh.600066,2016-12-15,649.1915,2017-01-26,681.9182,HIGH,30,0.050412,0.047323
sh.600066,2017-04-21,671.5659,2017-05-31,680.9164,DESEL,26,0.013923,0.010899
sh.600104,2016-12-16,134.7225,2017-01-17,145.1904,HIGH,22,0.0777,0.074564
sh.600123,2024-03-27,106.0505,2024-04-19,113.6115,HIGH,16,0.071296,0.068172
sh.600123,2024-04-24,91.4194,2024-05-23,97.2129,HIGH,19,0.063373,0.060262
sh.600123,2024-06-24,89.7501,2024-06-27,87.3934,DESEL,4,-0.026258,-0.029212
sh.600153,2024-06-04,179.4426,2024-06-25,165.0872,SL,15,-0.08,-0.08286
sh.600153,2024-06-27,168.4175,2024-07-09,154.9441,SL,9,-0.08,-0.08286
sh.600153,2024-07-11,158.9131,2024-07-25,149.7889,DESEL,11,-0.057416,-0.060316
sh.600153,2025-01-23,184.2919,2025-02-14,198.7423,HIGH,11,0.07841,0.075273
sh.600177,2016-12-26,223.1809,2017-02-14,230.4797,TIME,31,0.032703,0.029646
sh.600188,2020-02-03,22.2001,2020-03-06,24.545,HIGH,25,0.105626,0.102441
sh.600188,2020-03-17,22.5825,2020-03-19,20.7759,SL,3,-0.08,-0.08286
sh.600188,2020-03-23,21.4355,2020-05-08,21.359,TIME,31,-0.003567,-0.006561
sh.600188,2020-11-02,24.3614,2020-11-17,26.4927,HIGH,12,0.087486,0.084333
sh.600188,2023-08-02,91.7961,2023-09-04,97.3579,HIGH,24,0.060589,0.057483
sh.600188,2023-10-24,102.0881,2023-11-28,105.8306,HIGH,26,0.03666,0.033596
sh.600188,2024-03-13,126.8824,2024-04-12,129.4294,HIGH,21,0.020074,0.017039
sh.600188,2024-04-25,120.4369,2024-05-22,130.0531,HIGH,17,0.079845,0.076705
sh.600188,2024-07-11,109.1781,2024-07-25,106.362,DESEL,11,-0.025794,-0.028749
sh.600188,2024-11-27,106.876,2025-01-09,98.3259,SL,31,-0.08,-0.08286
sh.600188,2025-01-13,96.1078,2025-03-04,96.0346,TIME,31,-0.000762,-0.003761
sh.600188,2025-04-08,88.9291,2025-05-22,95.8881,HIGH,30,0.078254,0.075117
sh.600210,2018-08-20,17.3659,2018-09-13,18.2769,DESEL,19,0.052459,0.049367
sh.600256,2024-08-28,250.6121,2024-09-03,272.5957,HIGH,5,0.087719,0.084566
sh.600256,2024-12-25,295.0188,2025-01-08,271.4173,SL,10,-0.08,-0.08286
sh.600256,2025-01-10,269.9576,2025-03-03,268.199,TIME,31,-0.006515,-0.009503
sh.600256,2025-04-08,240.9394,2025-05-07,258.9659,HIGH,19,0.074818,0.071687
sh.600256,2025-09-02,249.2376,2025-10-13,254.1246,HIGH,24,0.019608,0.016574
sh.600256,2025-11-24,248.2602,2026-01-07,245.328,TIME,31,-0.011811,-0.01479
sh.600256,2026-04-27,294.6868,2026-05-06,324.9863,HIGH,5,0.102819,0.099639
sh.600256,2026-05-08,306.9044,2026-06-02,329.8733,HIGH,18,0.074841,0.07171
sh.600256,2026-06-11,297.1303,2026-06-16,273.3599,SL,4,-0.08,-0.08286
sh.600256,2026-06-18,261.4552,2026-06-25,239.4636,SL,5,-0.084112,-0.086965
sh.600256,2026-06-29,234.0879,2026-07-15,263.8987,HIGH,13,0.127349,0.124126
sh.600273,2023-09-28,12.1652,2023-10-30,12.2238,DESEL,17,0.004819,0.001811
sh.600282,2022-05-11,19.8232,2022-06-07,19.9459,DESEL,19,0.006192,0.003181
sh.600295,2022-11-04,60.161,2022-11-25,65.248,HIGH,16,0.084556,0.081408
sh.600295,2022-12-21,66.1309,2023-01-19,68.1909,HIGH,21,0.031151,0.028096
sh.600295,2023-03-15,66.4252,2023-04-21,61.1111,SL,27,-0.08,-0.08286
sh.600295,2023-04-25,59.9508,2023-06-09,58.2692,TIME,31,-0.02805,-0.031001
sh.600295,2023-06-14,56.7977,2023-06-30,56.9606,DESEL,11,0.002868,-0.000137
sh.600295,2024-07-11,65.9621,2024-07-22,60.6851,SL,8,-0.08,-0.08286
sh.600295,2024-07-24,58.6329,2024-07-25,58.1535,DESEL,2,-0.008178,-0.011163
sh.600312,2018-02-02,43.9046,2018-02-06,40.3923,SL,3,-0.08,-0.08286
sh.600312,2018-02-08,40.9809,2018-03-13,44.197,HIGH,19,0.078478,0.075341
sh.600312,2018-04-17,41.322,2018-04-26,38.0163,SL,8,-0.08,-0.08286
sh.600312,2018-05-02,35.572,2018-05-23,35.8644,DESEL,16,0.008219,0.005205
sh.600325,2017-07-18,46.9144,2017-08-29,48.6094,TIME,31,0.036129,0.033066
sh.600325,2017-10-19,45.6432,2017-11-20,41.9917,SL,23,-0.08,-0.08286
sh.600325,2018-02-08,50.486,2018-02-09,46.4471,SL,2,-0.08,-0.08286
sh.600325,2018-02-13,45.7037,2018-04-03,44.8562,TIME,31,-0.018543,-0.021511
sh.600325,2018-04-09,44.493,2018-05-07,49.578,HIGH,19,0.114286,0.111086
sh.600325,2018-05-31,49.0937,2018-06-19,45.1662,SL,13,-0.08,-0.08286
sh.600325,2018-06-21,45.8248,2018-06-21,45.4011,DESEL,1,-0.009247,-0.012231
sh.600325,2022-06-14,50.786,2022-06-22,56.597,HIGH,7,0.11442,0.11122
sh.600327,2020-10-15,45.8427,2020-11-26,45.3639,TIME,31,-0.010444,-0.013426
sh.600327,2020-12-30,49.3138,2021-01-12,45.3687,SL,9,-0.08,-0.08286
sh.600327,2021-01-14,44.8851,2021-02-22,48.1169,HIGH,23,0.072,0.068874
sh.600327,2021-08-06,75.5448,2021-08-30,69.5012,SL,17,-0.08,-0.08286
sh.600327,2021-10-08,71.6725,2021-10-08,72.3194,DESEL,1,0.009025,0.006009
sh.600329,2026-04-28,116.0585,2026-05-12,126.474,HIGH,8,0.089744,0.086587
sh.600329,2026-08-24,112.2672,2026-08-25,114.0051,DESEL,2,0.01548,0.012453
sh.600337,2017-05-03,55.1383,2017-05-10,50.7272,SL,6,-0.08,-0.08286
sh.600337,2017-05-12,51.3646,2017-06-08,54.5093,HIGH,18,0.061224,0.058117
sh.600340,2020-09-09,303.5551,2020-10-20,279.2707,SL,24,-0.08,-0.08286
sh.600340,2020-10-22,278.0084,2020-11-02,255.7677,SL,8,-0.08,-0.08286
sh.600340,2020-11-04,258.4727,2020-12-01,276.13,HIGH,20,0.068314,0.065194
sh.600340,2020-12-14,261.666,2020-12-25,240.7327,SL,10,-0.08,-0.08286
sh.600340,2020-12-29,235.1801,2021-01-08,216.3657,SL,8,-0.08,-0.08286
sh.600340,2021-01-12,211.8875,2021-01-25,194.9365,SL,10,-0.08,-0.08286
sh.600340,2021-01-27,188.9706,2021-01-28,173.8529,SL,2,-0.08,-0.08286
sh.600340,2021-02-01,177.5121,2021-02-19,159.8548,SL,10,-0.099471,-0.102297
sh.600340,2021-02-23,129.4242,2021-03-24,119.0703,SL,22,-0.08,-0.08286
sh.600340,2021-03-26,112.894,2021-04-08,132.6175,HIGH,9,0.174709,0.171403
sh.600340,2021-04-28,115.3359,2021-04-30,106.109,SL,3,-0.08,-0.08286
sh.600340,2021-05-07,101.2477,2021-05-25,93.1478,SL,13,-0.08,-0.08286
sh.600340,2021-05-27,95.988,2021-06-03,104.6288,HIGH,6,0.09002,0.086862
sh.600340,2021-06-16,92.6069,2021-07-09,106.1316,HIGH,18,0.146045,0.142789
sh.600340,2021-07-21,95.4245,2021-07-26,87.7905,SL,4,-0.08,-0.08286
sh.600340,2021-07-28,82.6511,2021-08-04,78.7064,DESEL,6,-0.047727,-0.050644
sh.600350,2018-06-25,6.5181,2018-07-19,6.3583,DESEL,19,-0.02451,-0.027467
sh.600382,2023-06-07,22.0233,2023-06-30,22.4919,DESEL,16,0.021277,0.018239
sh.600389,2023-08-07,95.4261,2023-08-18,87.792,SL,10,-0.08,-0.08286
sh.600389,2023-08-22,86.6721,2023-10-11,79.7383,SL,31,-0.08,-0.08286
sh.600389,2023-10-16,77.7998,2023-10-23,71.5759,SL,6,-0.08,-0.08286
sh.600389,2023-10-25,72.6737,2023-10-30,74.2509,DESEL,4,0.021704,0.018666
sh.600395,2019-08-15,18.6729,2019-09-03,20.1561,HIGH,14,0.07943,0.076291
sh.600398,2017-05-04,56.3144,2017-05-11,51.8093,SL,6,-0.08,-0.08286
sh.600398,2017-05-15,52.7948,2017-05-31,53.8166,DESEL,11,0.019355,0.016321
sh.600398,2024-10-29,53.2391,2024-10-31,48.98,SL,3,-0.08,-0.08286
sh.600398,2024-11-04,48.5645,2024-11-14,55.7496,HIGH,9,0.14795,0.144691
sh.600398,2026-05-28,53.6236,2026-06-23,53.1507,DESEL,18,-0.008818,-0.011803
sh.600403,2023-05-24,21.6069,2023-05-29,19.8783,SL,4,-0.08,-0.08286
sh.600403,2023-05-31,20.1315,2023-05-31,19.7032,DESEL,1,-0.021277,-0.024239
sh.600403,2024-01-25,16.9904,2024-02-02,15.6312,SL,7,-0.08,-0.08286
sh.600403,2024-02-06,13.8969,2024-02-23,17.7519,HIGH,8,0.277397,0.273912
sh.600403,2024-03-26,16.0862,2024-04-22,14.7993,SL,18,-0.08,-0.08286
sh.600403,2024-04-24,14.0873,2024-04-26,13.9921,DESEL,3,-0.006757,-0.009745
sh.600469,2017-01-17,20.1159,2017-03-07,21.7361,TIME,31,0.080543,0.077402
sh.600469,2017-05-10,17.8039,2017-05-11,16.3796,SL,2,-0.08,-0.08286
sh.600469,2017-05-15,14.9276,2017-05-23,13.7334,SL,7,-0.08,-0.08286
sh.600469,2017-05-25,13.4895,2017-06-21,14.4833,HIGH,18,0.073676,0.070547
sh.600479,2021-11-03,88.002,2021-11-26,103.6326,HIGH,18,0.177616,0.174305
sh.600507,2018-05-18,104.7853,2018-05-25,96.4024,SL,6,-0.08,-0.08286
sh.600507,2018-05-29,94.3067,2018-06-26,86.7622,SL,20,-0.08,-0.08286
sh.600507,2018-06-28,88.4126,2018-07-06,81.3396,SL,7,-0.08,-0.08286
sh.600507,2018-07-10,85.6292,2018-07-16,93.4881,HIGH,5,0.091778,0.088618
sh.600507,2018-08-17,94.4705,2018-09-11,86.9128,SL,18,-0.08,-0.08286
sh.600507,2018-09-13,87.1846,2018-10-16,80.2098,SL,18,-0.08,-0.08286
sh.600507,2018-10-18,81.6179,2018-10-29,90.8685,HIGH,8,0.11334,0.110142
sh.600507,2018-11-20,86.0385,2018-11-28,79.1554,SL,7,-0.08,-0.08286
sh.600507,2018-11-30,80.2262,2018-12-18,87.4302,HIGH,13,0.089796,0.086639
sh.600507,2019-01-03,79.5713,2019-01-14,88.8219,HIGH,8,0.116255,0.113052
sh.600507,2019-05-22,90.4816,2019-05-30,83.0192,SL,7,-0.082474,-0.08533
sh.600507,2019-06-03,85.258,2019-06-25,92.7204,HIGH,16,0.087527,0.084374
sh.600507,2019-07-19,86.0042,2019-08-06,79.1239,SL,13,-0.08,-0.08286
sh.600507,2019-08-08,75.3703,2019-09-05,83.3924,HIGH,21,0.106436,0.103249
sh.600507,2019-10-08,78.0754,2019-11-19,81.3402,HIGH,31,0.041816,0.038743
sh.600507,2020-01-22,87.59,2020-02-03,76.8628,SL,3,-0.122471,-0.125256
sh.600507,2020-02-05,79.5679,2020-03-18,76.3031,TIME,31,-0.041032,-0.04396
sh.600507,2020-03-20,75.4636,2020-04-28,69.4265,SL,27,-0.08,-0.08286
sh.600507,2020-04-30,70.844,2020-05-14,70.9829,DESEL,8,0.001961,-0.001043
sh.600507,2021-06-10,115.6108,2021-06-23,106.3619,SL,9,-0.08,-0.08286
sh.600507,2021-06-25,109.2846,2021-07-16,113.8711,HIGH,16,0.041968,0.038895
sh.600507,2021-09-27,129.5283,2021-10-12,119.1661,SL,7,-0.08,-0.08286
sh.600507,2021-10-14,119.4065,2021-11-02,109.8539,SL,14,-0.08,-0.08286
sh.600507,2021-11-04,111.1824,2021-11-24,118.6157,HIGH,15,0.066856,0.063739
sh.600507,2022-02-07,123.6766,2022-02-21,136.6453,HIGH,11,0.104859,0.101676
sh.600507,2022-03-16,118.4575,2022-03-21,140.5991,HIGH,4,0.186916,0.183589
sh.600507,2022-04-26,128.2631,2022-06-07,132.6914,DESEL,27,0.034525,0.031465
sh.600507,2022-07-18,119.5706,2022-08-29,120.2974,TIME,31,0.006079,0.003068
sh.600507,2022-09-02,116.6631,2022-10-24,109.0309,TIME,31,-0.065421,-0.068306
sh.600507,2022-11-01,103.5794,2022-12-12,114.3007,HIGH,30,0.103509,0.100328
sh.600507,2023-03-21,103.5794,2023-05-04,95.293,SL,29,-0.08,-0.08286
sh.600507,2023-05-08,91.2225,2023-05-25,83.9247,SL,14,-0.08,-0.08286
sh.600507,2023-05-29,85.0441,2023-06-30,84.1355,DESEL,23,-0.010684,-0.013665
sh.600546,2022-12-20,105.6856,2023-01-03,96.4509,SL,10,-0.087379,-0.090226
sh.600546,2023-01-05,95.288,2023-01-13,108.285,HIGH,7,0.136396,0.133158
sh.600546,2023-02-17,99.8028,2023-02-22,112.1841,HIGH,4,0.124058,0.12084
sh.600546,2023-03-15,105.2752,2023-04-06,109.4479,HIGH,16,0.039636,0.036567
sh.600546,2023-06-02,100.8966,2023-06-19,109.9926,HIGH,12,0.090152,0.086994
sh.600546,2023-08-01,112.7443,2023-08-24,120.4644,HIGH,18,0.068475,0.065355
sh.600546,2023-10-24,135.9811,2023-10-30,123.7512,SL,5,-0.089938,-0.092781
sh.600516,2018-08-20,124.4289,2018-09-17,114.4746,SL,21,-0.08,-0.08286
sh.600516,2018-09-19,116.0392,2018-10-11,106.7561,SL,11,-0.08,-0.08286
sh.600516,2018-10-15,103.8905,2018-10-19,100.7308,DESEL,5,-0.030414,-0.033361
sh.600516,2018-11-26,97.0807,2018-12-25,89.3142,SL,22,-0.08,-0.08286
sh.600516,2018-12-27,93.5941,2019-01-21,101.33,HIGH,16,0.082654,0.07951
sh.600516,2019-05-22,99.9136,2019-06-04,91.9205,SL,10,-0.08,-0.08286
sh.600516,2019-06-06,90.7612,2019-06-18,91.306,DESEL,8,0.006002,0.002992
sh.600594,2020-09-09,77.0475,2020-10-29,77.6649,TIME,31,0.008013,0.004999
sh.600594,2020-11-30,71.4912,2020-12-28,65.7719,SL,21,-0.08,-0.08286
sh.600594,2020-12-30,64.4532,2021-02-04,59.297,SL,26,-0.08,-0.08286
sh.600603,2020-05-18,852.5326,2020-06-11,816.1441,DESEL,19,-0.042683,-0.045608
sh.600603,2020-08-27,911.4475,2020-09-11,933.9738,HIGH,12,0.024715,0.021672
sh.600603,2020-09-25,895.8524,2020-11-02,824.1842,SL,21,-0.08,-0.08286
sh.600603,2020-11-04,826.5408,2020-12-11,907.9819,HIGH,28,0.098532,0.09536
sh.600603,2020-12-25,830.0064,2021-01-25,763.6059,SL,21,-0.08,-0.08286
sh.600603,2021-01-27,739.9013,2021-02-22,793.6178,HIGH,14,0.0726,0.069472
sh.600664,2017-05-03,55.233,2017-05-10,50.8144,SL,6,-0.08,-0.08286
sh.600664,2017-05-12,50.3194,2017-06-07,52.4122,HIGH,17,0.041591,0.038519
sh.600664,2017-07-18,50.0464,2017-08-08,53.5951,HIGH,16,0.070909,0.067785
sh.600664,2018-02-28,47.3166,2018-04-13,47.7715,TIME,31,0.009615,0.006599
sh.600664,2018-05-31,47.2352,2018-06-19,42.1314,SL,13,-0.108051,-0.110862
sh.600664,2018-06-21,40.1299,2018-08-02,38.5287,TIME,31,-0.0399,-0.04283
sh.600664,2018-08-07,38.0283,2018-09-18,37.8282,TIME,31,-0.005263,-0.008254
sh.600664,2018-10-12,35.1262,2018-11-13,37.1277,HIGH,23,0.05698,0.05388
sh.600664,2018-12-10,36.5272,2018-12-18,39.5295,HIGH,7,0.082192,0.079048
sh.600664,2019-01-30,36.1269,2019-02-19,39.3293,HIGH,10,0.088643,0.085488
sh.600664,2019-04-23,54.0403,2019-04-29,49.7171,SL,5,-0.08,-0.08286
sh.600664,2019-05-06,45.9342,2019-05-20,42.2595,SL,11,-0.08,-0.08286
sh.600681,2019-05-22,43.6062,2019-06-17,40.1177,SL,18,-0.08,-0.08286
sh.600681,2021-10-12,34.4653,2021-10-27,31.7081,SL,12,-0.08,-0.08286
sh.600681,2021-10-29,30.7703,2021-11-05,30.3881,DESEL,6,-0.012422,-0.015401
sh.600694,2022-06-09,79.8668,2022-07-05,79.9567,DESEL,19,0.001125,-0.001877
sh.600704,2017-10-31,96.0706,2017-12-12,90.7474,TIME,31,-0.055409,-0.058312
sh.600704,2017-12-26,85.551,2018-01-25,93.6625,HIGH,22,0.094815,0.091649
sh.600704,2018-02-02,86.1847,2018-02-09,79.2899,SL,6,-0.08,-0.08286
sh.600704,2018-02-13,81.622,2018-04-03,82.0022,TIME,31,0.004658,0.00165
sh.600704,2018-04-09,80.1011,2018-05-23,82.7626,TIME,31,0.033228,0.03017
sh.600729,2021-06-10,72.4566,2021-07-23,75.1464,TIME,31,0.037122,0.034057
sh.600729,2021-07-30,72.7339,2021-09-02,66.9152,SL,25,-0.08,-0.08286
sh.600729,2021-09-06,68.4082,2021-10-25,62.9355,SL,29,-0.08,-0.08286
sh.600729,2021-10-28,61.559,2021-11-30,67.3822,HIGH,24,0.094595,0.091429
sh.600729,2021-12-30,71.3752,2022-01-07,79.6663,HIGH,6,0.116162,0.112958
sh.600729,2022-02-23,72.928,2022-03-09,67.0938,SL,11,-0.08,-0.08286
sh.600729,2022-03-11,65.4134,2022-03-28,73.7599,HIGH,12,0.127596,0.124373
sh.600729,2022-09-20,68.8772,2022-10-12,63.3671,SL,12,-0.08,-0.08286
sh.600729,2022-10-14,64.0415,2022-11-07,67.5092,HIGH,17,0.054148,0.051053
sh.600729,2023-04-11,78.4533,2023-04-18,87.4566,HIGH,6,0.114761,0.11156
sh.600738,2019-03-26,46.0123,2019-04-04,51.1384,HIGH,8,0.111409,0.108214
sh.600738,2019-05-07,47.8033,2019-06-19,46.7534,TIME,31,-0.021964,-0.024925
sh.600738,2019-06-26,45.5799,2019-07-04,41.9335,SL,7,-0.08,-0.08286
sh.600738,2019-07-08,42.6154,2019-07-12,39.2061,SL,5,-0.08,-0.08286
sh.600738,2019-07-16,40.392,2019-08-02,36.5628,SL,14,-0.094801,-0.097635
sh.600738,2019-08-06,36.6863,2019-08-15,38.2921,HIGH,8,0.043771,0.040694
sh.600738,2019-09-25,36.1304,2019-11-13,34.7717,TIME,31,-0.037607,-0.040541
sh.600738,2019-11-15,32.7953,2019-12-12,30.1717,SL,20,-0.08,-0.08286
sh.600738,2019-12-16,29.8374,2020-01-03,33.4205,HIGH,14,0.120087,0.116877
sh.600738,2020-02-03,29.1859,2020-02-04,26.2543,SL,2,-0.100446,-0.103271
sh.600738,2020-02-06,29.4465,2020-03-09,34.984,HIGH,23,0.188053,0.184724
sh.600746,2023-03-13,51.1023,2023-04-21,46.5735,SL,29,-0.088623,-0.091468
sh.600746,2023-04-25,41.555,2023-05-31,40.8818,DESEL,24,-0.0162,-0.019172
sh.600761,2018-06-25,82.8803,2018-07-06,76.2499,SL,10,-0.08,-0.08286
sh.600761,2018-07-10,77.4037,2018-07-24,86.5314,HIGH,11,0.117925,0.114718
sh.600808,2019-07-23,4.6825,2019-08-15,4.3003,SL,18,-0.081633,-0.08449
sh.600808,2019-08-19,4.2684,2019-10-08,4.2843,TIME,31,0.003731,0.000725
sh.600808,2019-11-14,4.0295,2019-11-26,4.3958,HIGH,9,0.090909,0.08775
sh.600808,2020-05-25,3.9021,2020-05-28,4.2366,HIGH,4,0.085714,0.082564
sh.600808,2022-12-27,5.1288,2023-01-30,5.5018,HIGH,19,0.072727,0.0696
sh.600810,2022-06-23,28.977,2022-07-05,30.8105,DESEL,9,0.063277,0.060166
sh.600816,2018-09-17,158.8439,2018-10-11,146.1364,SL,13,-0.08,-0.08286
sh.600816,2018-10-15,136.8596,2018-10-16,125.9109,SL,2,-0.08,-0.08286
sh.600816,2018-10-18,120.1392,2018-10-26,153.2704,HIGH,7,0.275773,0.272291
sh.600816,2018-12-26,137.7886,2019-01-28,126.7655,SL,22,-0.08,-0.08286
sh.600816,2019-01-30,125.7127,2019-02-19,166.2752,HIGH,10,0.32266,0.319095
sh.600861,2026-06-25,34.7518,2026-07-16,36.7336,HIGH,16,0.057028,0.053928
sh.600873,2017-06-02,24.9614,2017-06-28,25.5888,DESEL,19,0.025135,0.022091
sh.600873,2020-08-27,32.8137,2020-09-07,32.5935,DESEL,8,-0.006711,-0.0097
sh.600894,2024-12-18,52.5083,2024-12-23,54.7599,DESEL,4,0.04288,0.039805
sh.600894,2025-03-31,49.9169,2025-04-07,45.9235,SL,5,-0.08,-0.08286
sh.600894,2025-04-09,47.8352,2025-04-24,50.3842,DESEL,12,0.053286,0.050193
sh.600894,2025-09-16,44.9877,2025-10-23,45.2125,DESEL,22,0.004995,0.001986
sh.600971,2024-06-25,115.8408,2024-06-27,116.4318,DESEL,3,0.005102,0.002093
sh.600983,2026-06-25,16.545,2026-07-17,17.5223,HIGH,17,0.059072,0.055968
sh.600997,2023-06-02,21.3288,2023-06-30,21.6552,DESEL,19,0.015306,0.012279
sh.601000,2022-03-11,15.8895,2022-03-15,14.6183,SL,3,-0.08,-0.08286
sh.601000,2022-03-17,15.3117,2022-04-01,17.1029,HIGH,12,0.116981,0.113776
sh.601000,2022-04-26,15.7162,2022-05-09,15.8317,DESEL,7,0.007353,0.00434
sh.601000,2022-08-04,15.4068,2022-08-31,16.5251,HIGH,20,0.072581,0.069454
sh.601000,2022-11-01,15.6553,2022-11-25,16.7736,HIGH,19,0.071429,0.068304
sh.601003,2018-05-25,27.2003,2018-06-07,30.3174,HIGH,10,0.1146,0.111399
sh.601003,2019-10-22,23.4516,2019-11-25,24.3859,HIGH,25,0.039841,0.036771
sh.601003,2020-01-22,24.6195,2020-02-03,21.6764,SL,3,-0.119545,-0.122335
sh.601003,2020-02-05,22.1435,2020-03-06,24.7597,HIGH,23,0.118143,0.114937
sh.601003,2020-03-24,23.218,2020-05-11,24.1524,TIME,31,0.040241,0.037171
sh.601003,2020-06-01,22.3573,2020-06-11,22.4596,DESEL,9,0.004577,0.001569
sh.601003,2020-09-25,23.3805,2020-11-09,24.9665,HIGH,26,0.067834,0.064715
sh.601086,2022-01-26,4.4872,2022-02-17,5.0121,HIGH,12,0.116992,0.113787
sh.601086,2022-03-10,4.8121,2022-03-21,5.4996,HIGH,8,0.142857,0.139607
sh.601086,2022-04-28,5.1371,2022-04-29,4.6996,SL,2,-0.085158,-0.088009
sh.601086,2022-05-06,4.9621,2022-06-20,4.8605,TIME,31,-0.02048,-0.023444
sh.601086,2022-06-23,4.7579,2022-08-04,4.7323,TIME,31,-0.005391,-0.008381
sh.601086,2022-10-24,5.2452,2022-10-25,4.8256,SL,2,-0.08,-0.08286
sh.601086,2022-10-27,4.7835,2022-11-02,4.604,DESEL,5,-0.037534,-0.040468
sh.601126,2021-05-13,17.9479,2021-06-09,18.7821,HIGH,20,0.046477,0.043395
sh.601225,2023-10-31,27.2187,2023-11-24,29.4289,HIGH,19,0.081204,0.078062
sh.601225,2024-07-23,39.3722,2024-07-25,38.5919,DESEL,3,-0.019818,-0.022784
sh.601288,2018-06-28,5.083,2018-07-19,5.0382,DESEL,16,-0.008824,-0.011808
sh.601566,2017-10-31,19.8553,2017-11-23,18.2669,SL,18,-0.08,-0.08286
sh.601566,2017-11-27,18.0514,2018-01-09,18.1922,TIME,31,0.007796,0.004782
sh.601566,2018-03-29,18.4097,2018-04-23,18.7295,DESEL,16,0.017373,0.014343
sh.601568,2024-01-23,5.7458,2024-02-05,5.2861,SL,10,-0.08,-0.08286
sh.601568,2024-03-25,5.8908,2024-04-24,5.4195,SL,21,-0.08,-0.08286
sh.601568,2024-04-26,5.5349,2024-04-26,5.6272,DESEL,1,0.016667,0.013637
sh.601568,2024-06-07,5.4295,2024-06-24,4.9952,SL,11,-0.08,-0.08286
sh.601568,2024-06-26,5.0473,2024-06-27,5.0744,DESEL,2,0.005362,0.002353
sh.601699,2023-08-03,119.8799,2023-09-04,131.2036,HIGH,23,0.094458,0.091293
sh.601699,2024-01-23,160.4187,2024-02-01,178.5365,HIGH,8,0.112941,0.109744
sh.601699,2024-03-29,150.8313,2024-04-16,169.7041,HIGH,11,0.125125,0.121906
sh.601699,2024-09-05,112.3372,2024-09-23,112.9889,DESEL,11,0.005801,0.002791
sh.601699,2024-11-27,117.6323,2024-12-12,127.3264,HIGH,12,0.08241,0.079266
sh.601699,2025-01-03,113.885,2025-01-21,104.7742,SL,13,-0.08,-0.08286
sh.601699,2025-01-23,103.7836,2025-03-14,102.8061,HIGH,31,-0.009419,-0.012403
sh.601699,2025-04-08,90.831,2025-05-23,90.994,TIME,31,0.001794,-0.001209
sh.601717,2026-06-25,47.2659,2026-06-29,43.4846,SL,3,-0.08,-0.08286
sh.601717,2026-07-01,44.0979,2026-07-22,48.2163,HIGH,16,0.093391,0.090227
sh.601636,2018-05-31,13.7314,2018-06-28,12.6329,SL,20,-0.08,-0.08286
sh.601636,2018-07-02,13.0609,2018-07-05,12.016,SL,4,-0.08,-0.08286
sh.601636,2018-07-09,12.0114,2018-07-19,12.4487,DESEL,9,0.036408,0.033344
sh.601666,2025-03-03,30.3221,2025-04-15,30.3575,TIME,31,0.00117,-0.001832
sh.601919,2022-12-30,17.2906,2023-02-02,18.6194,HIGH,19,0.076847,0.073713
sh.601919,2023-06-01,17.7336,2023-07-05,19.7282,HIGH,23,0.112479,0.109282
sh.601919,2023-08-22,18.2632,2023-10-11,18.4976,TIME,31,0.012834,0.009812
sh.601919,2024-01-11,19.2283,2024-01-29,21.0342,HIGH,13,0.093917,0.090752
sh.601919,2025-09-23,33.2973,2025-10-28,35.6373,HIGH,20,0.070274,0.067151
sh.601919,2026-04-01,36.1399,2026-05-19,33.555,TIME,31,-0.071523,-0.074398
sh.601919,2026-06-22,32.9806,2026-06-23,33.4832,DESEL,2,0.015239,0.012213
sh.603025,2019-04-26,24.5109,2019-05-06,22.55,SL,4,-0.08,-0.08286
sh.603025,2019-05-08,22.9142,2019-05-28,23.7218,HIGH,15,0.035242,0.03218
sh.603088,2021-06-16,23.7967,2021-07-07,24.1001,DESEL,16,0.01275,0.009728
sh.603156,2020-02-04,53.9532,2020-03-17,53.6334,TIME,31,-0.005927,-0.008916
sh.603156,2020-03-19,52.7168,2020-04-21,55.6372,HIGH,23,0.055398,0.052301
sh.603165,2026-03-02,36.4667,2026-03-10,41.28,HIGH,7,0.131991,0.12876
sh.603165,2026-06-25,39.4291,2026-07-20,36.2748,SL,18,-0.08,-0.08286
sh.603165,2026-07-22,35.9372,2026-08-04,40.9713,HIGH,10,0.140081,0.136836
sh.603185,2024-06-04,78.9363,2024-06-11,72.6214,SL,5,-0.08,-0.08286
sh.603185,2024-06-13,74.7534,2024-06-21,68.7732,SL,7,-0.08,-0.08286
sh.603185,2024-06-25,66.0041,2024-07-08,60.7237,SL,10,-0.08,-0.08286
sh.603185,2024-07-10,60.0944,2024-07-25,61.127,DESEL,12,0.017183,0.014153
sh.603208,2024-07-29,42.9297,2024-08-12,46.1434,HIGH,11,0.07486,0.071729
sh.603208,2025-03-28,42.0727,2025-04-07,38.7069,SL,6,-0.08,-0.08286
sh.603208,2025-04-09,36.4219,2025-05-26,39.7427,TIME,31,0.091176,0.088017
sh.603303,2025-11-24,33.9365,2026-01-07,34.0946,TIME,31,0.004658,0.00165
sh.603303,2026-03-26,35.2012,2026-04-09,40.2601,HIGH,10,0.143713,0.140461
sh.603328,2017-06-30,28.9142,2017-07-17,26.6011,SL,12,-0.08,-0.08286
sh.603328,2017-07-19,24.8198,2017-08-17,28.5343,HIGH,22,0.14966,0.146398
sh.603328,2017-10-20,30.8426,2017-10-30,34.9206,HIGH,7,0.13222,0.128989
sh.603328,2017-11-20,30.7139,2018-01-02,31.1646,TIME,31,0.014675,0.011649
sh.603328,2018-01-18,29.8983,2018-01-29,27.5064,SL,8,-0.08,-0.08286
sh.603328,2018-01-31,27.3656,2018-02-01,25.1763,SL,2,-0.08,-0.08286
sh.603328,2018-02-05,25.2193,2018-03-02,28.5031,HIGH,15,0.130213,0.126985
sh.603328,2018-03-21,26.7861,2018-03-23,24.6432,SL,3,-0.08,-0.08286
sh.603328,2018-03-27,25.949,2018-05-14,24.4681,TIME,31,-0.057072,-0.059972
sh.603328,2018-05-16,24.4251,2018-06-15,22.4711,SL,23,-0.08,-0.08286
sh.603328,2018-06-20,20.4544,2018-06-21,20.8408,DESEL,2,0.018888,0.015855
sh.603328,2019-10-18,28.7986,2019-10-30,26.4947,SL,9,-0.08,-0.08286
sh.603328,2019-11-01,26.7359,2019-12-04,27.3441,HIGH,24,0.02275,0.01971
sh.603328,2020-02-04,26.1805,2020-02-19,32.686,HIGH,12,0.248485,0.24505
sh.603328,2020-03-10,29.9357,2020-03-23,27.5409,SL,10,-0.08,-0.08286
sh.603328,2020-03-25,28.6399,2020-04-28,26.3487,SL,24,-0.08,-0.08286
sh.603328,2020-04-30,26.3128,2020-06-16,25.969,TIME,31,-0.013065,-0.016042
sh.603328,2020-07-27,27.0121,2020-09-07,25.7024,TIME,31,-0.048485,-0.0514
sh.603328,2020-09-09,25.6478,2020-10-13,24.8293,DESEL,19,-0.031915,-0.034859
sh.603355,2019-04-23,27.3464,2019-05-06,25.1587,SL,7,-0.08,-0.08286
sh.603355,2019-05-08,24.7655,2019-05-20,23.5245,DESEL,9,-0.050111,-0.053023
sh.603365,2026-06-25,23.7067,2026-07-07,25.5506,HIGH,9,0.077778,0.074642
sh.603508,2025-10-20,81.3656,2025-11-03,74.4719,SL,11,-0.084724,-0.087576
sh.603508,2025-11-05,66.8863,2025-11-26,74.1131,HIGH,16,0.108046,0.104857
sh.603508,2025-12-17,70.8073,2026-01-30,67.4501,TIME,31,-0.047412,-0.050329
sh.603508,2026-02-03,66.6301,2026-03-23,61.2997,SL,29,-0.08,-0.08286
sh.603508,2026-03-25,62.581,2026-04-30,67.0914,HIGH,26,0.072072,0.068946
sh.603508,2026-05-26,62.1536,2026-06-08,57.1813,SL,10,-0.08,-0.08286
sh.603508,2026-06-10,57.8374,2026-07-23,58.9884,TIME,31,0.0199,0.016866
sh.603508,2026-08-17,56.1109,2026-08-25,56.6341,DESEL,7,0.009324,0.006308
sh.603519,2023-10-19,56.1875,2023-11-21,60.5333,HIGH,24,0.077344,0.074208
sh.603519,2023-12-11,56.0119,2024-01-22,51.531,SL,30,-0.08,-0.08286
sh.603519,2024-01-24,52.4563,2024-02-05,48.2598,SL,9,-0.08,-0.08286
sh.603519,2024-02-07,50.042,2024-02-27,55.9242,HIGH,9,0.117544,0.114338
sh.603519,2024-03-26,53.3782,2024-04-16,56.1875,HIGH,14,0.052632,0.049539
sh.603519,2024-07-09,49.7535,2024-07-24,45.7732,SL,12,-0.08,-0.08286
sh.603519,2024-07-26,44.5886,2024-09-06,43.1197,TIME,31,-0.032944,-0.035886
sh.603528,2018-02-26,22.8299,2018-03-09,24.0443,HIGH,10,0.053191,0.050098
sh.603528,2018-03-26,22.2228,2018-04-02,27.8695,HIGH,6,0.254098,0.250654
sh.603565,2022-09-01,36.646,2022-09-28,33.7143,SL,19,-0.08,-0.08286
sh.603565,2022-09-30,32.792,2022-10-28,30.1687,SL,16,-0.08,-0.08286
sh.603565,2022-11-01,29.6732,2022-11-18,32.9703,HIGH,14,0.111111,0.107917
sh.603565,2022-12-20,33.594,2023-01-30,35.6435,HIGH,24,0.061008,0.057901
sh.603565,2023-04-25,35.9554,2023-05-17,33.079,SL,14,-0.08,-0.08286
sh.603565,2023-05-19,32.9022,2023-06-26,36.2493,HIGH,25,0.101729,0.098551
sh.603565,2023-08-24,35.1783,2023-08-31,32.364,SL,6,-0.08,-0.08286
sh.603565,2023-09-04,32.3332,2023-09-22,32.3332,DESEL,15,0.0,-0.003
sh.603565,2025-11-18,43.181,2025-12-30,40.9426,TIME,31,-0.051838,-0.054747
sh.603565,2026-04-24,44.2799,2026-05-25,42.9368,DESEL,19,-0.030331,-0.033278
sh.603569,2021-02-05,10.099,2021-03-02,11.0535,HIGH,13,0.094512,0.091347
sh.603569,2026-06-25,9.2182,2026-07-15,9.7399,HIGH,15,0.056604,0.053505
sh.603610,2024-08-27,22.8588,2024-09-18,21.0301,SL,15,-0.08,-0.08286
sh.603665,2021-01-08,24.8654,2021-02-01,22.8761,SL,17,-0.08,-0.08286
sh.603665,2021-02-03,22.5904,2021-02-08,20.7832,SL,4,-0.08,-0.08286
sh.603665,2021-02-10,21.445,2021-02-23,24.229,HIGH,5,0.129822,0.126595
sh.603665,2021-04-15,24.579,2021-05-11,23.7995,DESEL,16,-0.031715,-0.03466
sh.603682,2021-09-28,6.051,2021-11-05,5.7511,DESEL,24,-0.049558,-0.052471
sh.603688,2024-05-31,104.9028,2024-06-07,96.5106,SL,6,-0.08,-0.08286
sh.603688,2024-06-12,96.1897,2024-06-20,88.4945,SL,7,-0.08,-0.08286
sh.603688,2024-06-24,85.0592,2024-07-01,78.2545,SL,6,-0.08,-0.08286
sh.603688,2024-07-03,76.9305,2024-07-08,70.7761,SL,4,-0.08,-0.08286
sh.603688,2024-07-10,68.7221,2024-08-01,75.7351,HIGH,17,0.102049,0.09887
sh.603688,2024-08-19,68.2439,2024-08-22,62.7844,SL,4,-0.08,-0.08286
sh.603688,2024-08-26,61.0981,2024-09-27,68.5096,HIGH,23,0.121304,0.118092
sh.603688,2024-11-19,77.9931,2024-12-31,76.3195,TIME,31,-0.021458,-0.02442
sh.603688,2025-01-03,71.8833,2025-01-13,66.0922,SL,7,-0.080562,-0.083421
sh.603688,2025-01-15,68.9612,2025-03-06,69.7315,TIME,31,0.011171,0.008151
sh.603688,2025-04-29,85.6436,2025-05-27,80.1448,DESEL,18,-0.064206,-0.067094
sh.603696,2019-05-24,19.6669,2019-06-17,21.2281,HIGH,16,0.079383,0.076244
sh.603696,2019-07-12,21.7051,2019-08-06,19.6886,SL,18,-0.092907,-0.095745
sh.603696,2019-08-08,19.5151,2019-08-13,19.6018,DESEL,4,0.004444,0.001437
sh.603696,2019-09-30,20.4041,2019-11-13,18.7718,SL,28,-0.08,-0.08286
sh.603696,2019-11-15,18.9297,2019-12-27,18.3442,TIME,31,-0.030928,-0.033874
sh.603758,2023-05-10,10.7856,2023-05-12,11.8388,HIGH,3,0.097643,0.094472
sh.603766,2017-06-02,18.8132,2017-07-14,19.9873,TIME,31,0.062409,0.0593
sh.603766,2017-10-31,20.3695,2017-11-24,18.74,SL,19,-0.08,-0.08286
sh.603766,2017-11-28,18.622,2017-12-27,19.1681,HIGH,22,0.029326,0.026274
sh.603766,2018-02-02,18.4582,2018-02-06,16.9815,SL,3,-0.08,-0.08286
sh.603766,2018-02-08,17.2841,2018-03-07,19.0589,HIGH,15,0.102686,0.099506
sh.603766,2018-03-26,16.6834,2018-05-11,16.4103,TIME,31,-0.016367,-0.019338
sh.603833,2026-05-27,66.1931,2026-06-04,60.8976,SL,7,-0.08,-0.08286
sh.603833,2026-06-08,60.6966,2026-06-22,55.8409,SL,10,-0.08,-0.08286
sh.603858,2020-08-12,53.0541,2020-09-02,56.1103,HIGH,16,0.057605,0.054505
sh.603888,2017-11-24,60.1264,2017-12-20,63.897,HIGH,19,0.062712,0.059602
sh.603888,2018-01-16,57.3239,2018-01-18,57.6551,DESEL,3,0.005778,0.002768
sh.603889,2026-05-27,58.1508,2026-06-11,62.7362,HIGH,12,0.078853,0.075715
sh.603897,2024-07-24,19.9994,2024-09-02,21.9809,HIGH,29,0.099077,0.095904
sh.603897,2025-05-29,32.7988,2025-06-19,30.1749,SL,15,-0.08,-0.08286
sh.603897,2025-06-23,30.0045,2025-06-25,31.9171,DESEL,3,0.063743,0.060632
sh.603948,2024-04-30,22.6254,2024-06-04,20.8154,SL,23,-0.08,-0.08286
sh.603948,2024-06-06,20.4497,2024-06-27,19.4272,DESEL,15,-0.05,-0.052912
sh.605377,2024-10-31,28.306,2024-11-22,30.5279,HIGH,17,0.078496,0.075358
sh.605377,2025-01-07,29.6021,2025-02-26,28.144,TIME,31,-0.049257,-0.052171
sh.605377,2025-04-08,26.6165,2025-05-23,25.1583,TIME,31,-0.054783,-0.057687
sh.605336,2024-08-21,15.3493,2024-08-22,15.0143,DESEL,2,-0.021825,-0.024787
sh.605368,2024-04-30,20.9324,2024-05-14,23.289,HIGH,8,0.112583,0.109386
sh.605368,2024-10-30,20.634,2024-12-11,20.957,TIME,31,0.015652,0.012625
sh.605368,2025-01-14,19.2704,2025-03-05,18.6603,TIME,31,-0.031657,-0.034602
sh.605368,2025-12-22,15.0562,2026-01-21,16.4391,HIGH,21,0.09185,0.088689
sh.605368,2026-03-24,15.9327,2026-05-11,14.9393,TIME,31,-0.062347,-0.065238
sh.605368,2026-05-13,14.8809,2026-05-25,13.8875,DESEL,9,-0.066754,-0.069637
sz.000036,2018-08-06,37.2151,2018-08-16,34.2379,SL,9,-0.08,-0.08286
sz.000036,2018-08-20,33.6901,2018-10-09,33.6901,TIME,31,0.0,-0.003
sz.000036,2018-10-12,30.3008,2018-10-16,27.8767,SL,3,-0.08,-0.08286
sz.000036,2018-10-18,27.7927,2018-11-01,31.8599,HIGH,11,0.146341,0.143085
sz.000036,2019-07-18,46.8407,2019-08-02,43.0934,SL,12,-0.08,-0.08286
sz.000036,2019-08-06,41.2849,2019-09-18,41.1892,TIME,31,-0.00232,-0.005316
sz.000036,2019-09-24,40.7102,2019-11-01,37.4534,SL,24,-0.08,-0.08286
sz.000036,2019-11-07,38.3155,2019-12-10,38.8902,HIGH,24,0.015,0.011974
sz.000036,2020-02-03,33.9092,2020-03-05,37.0702,HIGH,24,0.09322,0.090057
sz.000036,2020-03-17,33.9092,2020-04-23,35.4418,HIGH,27,0.045198,0.042119
sz.000036,2020-09-11,44.2136,2020-10-13,45.6666,HIGH,17,0.032864,0.029806
sz.000036,2021-01-26,39.4394,2021-02-22,41.1,HIGH,15,0.042105,0.039032
sz.000036,2021-04-15,39.2318,2021-06-01,38.4015,TIME,31,-0.021164,-0.024127
sz.000048,2021-05-28,126.5491,2021-06-08,125.6534,DESEL,8,-0.007078,-0.010065
sz.000048,2021-07-29,112.09,2021-08-04,120.2152,DESEL,5,0.072489,0.069362
sz.000488,2018-08-20,49.8803,2018-09-03,45.8898,SL,11,-0.08,-0.08286
sz.000488,2018-09-05,47.0701,2018-09-10,43.3045,SL,4,-0.08,-0.08286
sz.000488,2018-09-12,43.4872,2018-10-11,40.0082,SL,16,-0.08,-0.08286
sz.000488,2018-10-15,40.4662,2018-11-05,42.1523,HIGH,16,0.041667,0.038594
sz.000488,2018-12-21,40.1852,2019-02-13,42.6441,HIGH,32,0.061189,0.058082
sz.000488,2019-03-29,46.1568,2019-04-08,50.5828,HIGH,6,0.09589,0.092723
sz.000488,2019-04-16,45.384,2019-04-29,41.7533,SL,10,-0.08,-0.08286
sz.000488,2019-05-06,40.958,2019-05-20,37.6814,SL,11,-0.08,-0.08286
sz.000488,2019-05-22,38.2884,2019-07-05,40.0447,HIGH,32,0.045872,0.042791
sz.000517,2023-11-30,37.2078,2024-01-12,35.4569,TIME,31,-0.047059,-0.049976
sz.000517,2024-01-23,32.2468,2024-01-26,36.4783,HIGH,4,0.131222,0.127992
sz.000517,2024-02-02,32.9764,2024-02-05,30.3383,SL,2,-0.08,-0.08286
sz.000517,2024-02-07,29.9122,2024-03-13,35.0192,HIGH,20,0.170732,0.167433
sz.000517,2024-04-11,31.6631,2024-04-30,36.0405,HIGH,14,0.138249,0.135007
sz.000517,2024-11-25,39.4967,2024-12-09,44.1434,HIGH,11,0.117647,0.114441
sz.000517,2024-12-24,38.667,2025-01-03,35.5736,SL,8,-0.08,-0.08286
sz.000517,2025-01-07,35.6798,2025-01-27,32.8254,SL,15,-0.08,-0.08286
sz.000517,2025-02-06,31.1991,2025-03-20,33.0246,TIME,31,0.058511,0.055408
sz.000536,2018-05-29,7.8847,2018-06-15,7.2539,SL,14,-0.08,-0.08286
sz.000536,2018-06-20,6.4447,2018-06-21,6.2558,DESEL,2,-0.029304,-0.032253
sz.000541,2018-05-31,149.0698,2018-06-19,137.1442,SL,13,-0.08,-0.08286
sz.000541,2018-06-21,134.2072,2018-06-21,131.5452,DESEL,1,-0.019835,-0.0228
sz.000550,2021-08-27,49.4253,2021-09-16,45.4713,SL,15,-0.08,-0.08286
sz.000550,2021-09-22,44.5719,2021-09-24,41.0062,SL,3,-0.08,-0.08286
sz.000550,2021-09-28,39.9414,2021-11-16,39.05,TIME,31,-0.022319,-0.02528
sz.000550,2021-12-27,39.9909,2022-01-12,42.2195,HIGH,12,0.055728,0.05263
sz.000550,2022-01-26,39.0004,2022-03-07,35.8804,SL,24,-0.08,-0.08286
sz.000550,2022-03-09,35.4099,2022-03-09,32.5771,SL,1,-0.08,-0.08286
sz.000550,2022-03-11,34.0728,2022-03-16,31.3469,SL,4,-0.08,-0.08286
sz.000550,2022-03-18,33.3299,2022-04-21,30.6635,SL,23,-0.08,-0.08286
sz.000550,2022-04-25,30.0365,2022-04-26,27.6336,SL,2,-0.08,-0.08286
sz.000550,2022-04-28,27.2879,2022-05-13,31.9185,HIGH,9,0.169691,0.166395
sz.000581,2019-08-06,66.8304,2019-08-13,65.1007,DESEL,6,-0.025882,-0.028837
sz.000631,2018-05-28,38.1534,2018-06-19,35.1011,SL,16,-0.08,-0.08286
sz.000631,2018-06-21,36.0628,2018-07-05,33.1777,SL,11,-0.08,-0.08286
sz.000631,2018-07-09,33.0314,2018-07-27,36.5854,HIGH,15,0.107595,0.104407
sz.000631,2018-08-07,33.9722,2018-09-18,34.2858,TIME,31,0.009231,0.006215
sz.000631,2018-10-12,30.2091,2018-10-19,27.7004,SL,6,-0.083045,-0.0859
sz.000631,2018-10-23,29.791,2018-11-13,30.7317,HIGH,16,0.031579,0.028524
sz.000631,2019-04-26,36.5854,2019-05-06,33.6586,SL,4,-0.08,-0.08286
sz.000631,2019-05-08,33.5851,2019-05-20,34.3636,DESEL,9,0.023179,0.020138
sz.000635,2018-10-23,26.6094,2018-10-29,24.4806,SL,5,-0.08,-0.08286
sz.000635,2018-10-31,25.5343,2018-11-20,27.804,HIGH,15,0.088889,0.085733
sz.000635,2018-11-30,25.1759,2019-01-15,26.8782,HIGH,31,0.067616,0.064497
sz.000635,2019-01-25,24.28,2019-02-25,26.0718,HIGH,17,0.073801,0.070672
sz.000635,2019-04-26,29.1479,2019-05-06,26.8161,SL,4,-0.08,-0.08286
sz.000635,2019-05-08,26.2809,2019-06-20,26.4617,TIME,31,0.006881,0.003869
sz.000635,2019-08-05,24.5328,2019-08-13,22.5702,SL,7,-0.08,-0.08286
sz.000635,2019-08-15,21.8806,2019-09-10,24.6233,HIGH,19,0.125344,0.122125
sz.000635,2019-09-27,22.9054,2019-10-16,23.6588,DESEL,9,0.032895,0.029837
sz.000651,2021-10-28,4934.2795,2021-11-05,4919.3968,DESEL,7,-0.003016,-0.006011
sz.000656,2022-06-09,13.8384,2022-06-10,12.7313,SL,2,-0.08,-0.08286
sz.000656,2022-06-14,12.3524,2022-07-15,11.3642,SL,24,-0.08,-0.08286
sz.000656,2022-07-19,11.7951,2022-08-02,11.2379,DESEL,11,-0.047244,-0.050161
sz.000672,2025-06-16,37.1742,2025-06-25,39.0694,DESEL,8,0.05098,0.047891
sz.000761,2021-11-09,6.3844,2021-12-08,6.7756,HIGH,22,0.061275,0.058167
sz.000761,2022-01-26,6.5722,2022-01-28,6.0464,SL,3,-0.08,-0.08286
sz.000761,2022-02-08,6.1966,2022-03-04,6.7913,HIGH,19,0.09596,0.092792
sz.000761,2022-03-10,6.2905,2022-03-15,5.7873,SL,4,-0.08,-0.08286
sz.000761,2022-03-17,5.6646,2022-03-28,6.3844,HIGH,8,0.127072,0.123849
sz.000761,2022-04-26,6.4001,2022-05-09,6.4313,DESEL,7,0.00489,0.001881
sz.000761,2022-07-07,6.2809,2022-08-18,6.1198,TIME,31,-0.025641,-0.028596
sz.000761,2022-09-27,5.7977,2022-10-28,5.3339,SL,19,-0.08,-0.08286
sz.000761,2022-11-01,5.0641,2022-11-28,5.7977,HIGH,20,0.144876,0.141623
sz.000761,2022-12-23,5.3504,2023-01-31,5.5114,HIGH,22,0.0301,0.027048
sz.000761,2023-04-04,6.7998,2023-04-20,7.4082,HIGH,12,0.089474,0.086317
sz.000761,2023-06-27,6.9072,2023-06-30,7.1577,DESEL,4,0.036269,0.033206
sz.000825,2022-02-07,40.9961,2022-02-07,42.1349,DESEL,1,0.027778,0.024729
sz.000825,2022-05-11,33.0246,2022-06-07,35.2423,HIGH,19,0.067151,0.064033
sz.000825,2022-09-30,27.0815,2022-10-28,24.915,SL,16,-0.08,-0.08286
sz.000825,2022-11-01,24.0522,2022-11-23,26.8997,HIGH,17,0.118388,0.115181
sz.000830,2020-06-01,34.5766,2020-06-11,35.3536,DESEL,9,0.022472,0.019433
sz.000830,2022-08-04,75.3904,2022-09-16,76.1828,TIME,31,0.010511,0.007492
sz.000830,2022-09-20,76.296,2022-10-24,70.1923,SL,20,-0.08,-0.08286
sz.000830,2022-10-26,70.3531,2022-10-31,64.7248,SL,4,-0.08,-0.08286
sz.000830,2022-11-02,66.3345,2022-11-24,76.1262,HIGH,17,0.147611,0.144353
sz.000830,2022-12-23,69.8437,2023-01-30,75.6734,HIGH,21,0.083468,0.080322
sz.000830,2023-03-13,77.428,2023-04-21,71.2337,SL,29,-0.08,-0.08286
sz.000830,2023-04-25,66.8439,2023-05-04,61.0708,SL,5,-0.086367,-0.089216
sz.000830,2023-05-08,61.5801,2023-06-19,59.0898,TIME,31,-0.040441,-0.04337
sz.000830,2023-06-27,56.8824,2023-07-10,62.6555,HIGH,10,0.101493,0.098315
sz.000895,2016-12-13,305.5374,2017-01-25,310.2755,HIGH,31,0.015508,0.01248
sz.000895,2017-07-17,331.3526,2017-08-25,338.9524,HIGH,30,0.022936,0.019896
sz.000899,2017-06-02,18.9803,2017-06-21,20.407,HIGH,14,0.075168,0.072036
sz.000863,2018-09-18,10.9819,2018-10-17,10.1033,SL,16,-0.08,-0.08286
sz.000863,2018-10-19,9.5568,2018-11-07,10.7863,HIGH,14,0.128655,0.12543
sz.000863,2020-09-09,12.5025,2020-09-25,11.5023,SL,13,-0.08,-0.08286
sz.000863,2020-09-29,11.1402,2020-10-16,12.5025,HIGH,8,0.122283,0.119069
sz.000863,2021-05-06,10.5953,2021-05-11,12.1089,DESEL,4,0.142857,0.139607
sz.000863,2021-06-15,11.4074,2021-07-27,10.807,TIME,31,-0.052632,-0.055539
sz.000863,2021-08-23,10.0732,2021-09-08,11.0405,HIGH,13,0.096026,0.092858
sz.000863,2021-09-28,10.4734,2021-10-27,9.6356,SL,17,-0.08,-0.08286
sz.000863,2021-10-29,9.3727,2021-12-10,9.4728,TIME,31,0.010676,0.007657
sz.000863,2022-03-09,11.4407,2022-03-09,10.5255,SL,1,-0.08,-0.08286
sz.000863,2022-03-11,11.0405,2022-03-16,10.1572,SL,4,-0.08,-0.08286
sz.000863,2022-03-18,11.1072,2022-03-23,12.0411,HIGH,4,0.084084,0.080937
sz.000876,2018-02-09,103.6566,2018-02-22,102.9791,DESEL,5,-0.006536,-0.009525
sz.001323,2025-09-19,35.5475,2025-11-10,35.8522,TIME,31,0.008573,0.005558
sz.001323,2025-12-15,32.9582,2026-01-19,34.3406,DESEL,24,0.041944,0.038871
sz.001323,2026-03-05,34.121,2026-03-23,31.3913,SL,13,-0.08,-0.08286
sz.001323,2026-03-25,32.2993,2026-05-12,31.7696,TIME,31,-0.0164,-0.019371
sz.001323,2026-05-21,29.444,2026-05-25,27.0885,SL,3,-0.08,-0.08286
sz.001323,2026-05-27,26.873,2026-06-11,24.7232,SL,12,-0.08,-0.08286
sz.001323,2026-06-15,25.5353,2026-06-22,23.4925,SL,5,-0.08,-0.08286
sz.001323,2026-06-24,23.9934,2026-06-25,22.0739,SL,2,-0.08,-0.08286
sz.001323,2026-06-29,21.3696,2026-07-30,23.2225,HIGH,24,0.086709,0.083557
sz.002027,2026-08-20,65.487,2026-08-25,65.7515,DESEL,4,0.00404,0.001033
sz.002030,2023-08-24,210.8788,2023-09-19,223.2702,HIGH,19,0.058761,0.055658
sz.002030,2023-10-23,211.78,2023-11-21,237.6892,HIGH,22,0.12234,0.119126
sz.002030,2023-12-13,220.7919,2024-01-17,203.1285,SL,25,-0.08,-0.08286
sz.002030,2024-01-19,197.8115,2024-01-31,181.9866,SL,9,-0.08,-0.08286
sz.002030,2024-02-02,168.7481,2024-02-05,155.2482,SL,2,-0.08,-0.08286
sz.002030,2024-02-07,171.4517,2024-02-26,191.7285,HIGH,8,0.118265,0.115058
sz.002030,2024-03-26,186.5466,2024-04-08,171.6229,SL,8,-0.08,-0.08286
sz.002030,2024-04-10,173.254,2024-04-30,159.3937,SL,15,-0.08,-0.08286
sz.002030,2024-05-14,159.0603,2024-05-27,146.3355,SL,10,-0.08,-0.08286
sz.002030,2024-05-29,144.1906,2024-06-13,132.6554,SL,11,-0.08,-0.08286
sz.002030,2024-06-17,126.3814,2024-06-21,116.2709,SL,5,-0.08,-0.08286
sz.002030,2024-06-25,113.9689,2024-06-27,114.1946,DESEL,3,0.00198,-0.001023
sz.002042,2018-08-03,31.7545,2018-08-16,32.8581,DESEL,10,0.034755,0.031694
sz.002048,2021-12-29,163.3869,2022-01-17,177.2307,HIGH,13,0.08473,0.081582
sz.002048,2022-01-21,156.6932,2022-02-11,144.1577,SL,11,-0.08,-0.08286
sz.002048,2022-02-15,143.534,2022-02-24,132.0513,SL,8,-0.08,-0.08286
sz.002048,2022-02-28,132.8089,2022-03-08,122.1842,SL,7,-0.08,-0.08286
sz.002048,2022-03-10,124.5939,2022-03-15,114.6264,SL,4,-0.08,-0.08286
sz.002048,2022-03-17,121.3231,2022-04-12,111.6173,SL,17,-0.08,-0.08286
sz.002048,2022-04-14,116.0747,2022-04-26,106.7887,SL,9,-0.08,-0.08286
sz.002048,2022-04-28,101.3181,2022-05-24,113.3363,HIGH,16,0.118619,0.115411
sz.002048,2022-07-12,116.9084,2022-07-28,128.7909,HIGH,13,0.101639,0.098461
sz.002048,2022-08-25,119.5915,2022-08-31,110.0242,SL,5,-0.08,-0.08286
sz.002048,2022-09-02,106.5591,2022-09-15,98.0344,SL,9,-0.08,-0.08286
sz.002048,2022-09-19,96.0565,2022-10-19,102.1894,HIGH,18,0.063847,0.060735
sz.002110,2018-05-25,17.6943,2018-06-12,19.8461,HIGH,13,0.121613,0.1184
sz.002110,2018-06-29,18.5948,2018-07-03,17.1072,SL,3,-0.08,-0.08286
sz.002110,2018-07-05,17.7294,2018-07-12,20.7583,HIGH,6,0.170844,0.167545
sz.002110,2018-09-17,19.39,2018-10-19,17.8346,SL,19,-0.080217,-0.083077
sz.002110,2018-11-20,17.9633,2018-11-26,16.4196,SL,5,-0.085938,-0.088787
sz.002110,2018-11-28,15.7179,2019-01-04,14.4604,SL,26,-0.08,-0.08286
sz.002110,2019-06-20,16.6884,2019-06-25,18.6041,HIGH,4,0.114793,0.111592
sz.002110,2019-07-19,17.0834,2019-08-06,15.6219,SL,13,-0.085549,-0.088399
sz.002110,2019-08-08,15.7602,2019-09-05,16.8069,HIGH,21,0.066416,0.0633
sz.002110,2019-11-01,14.9109,2019-11-19,16.1354,HIGH,13,0.082119,0.078975
sz.002110,2020-01-22,16.9846,2020-02-03,15.0294,SL,3,-0.115116,-0.117915
sz.002110,2020-02-05,15.2664,2020-03-03,17.1229,HIGH,20,0.121604,0.118391
sz.002110,2020-03-19,15.6614,2020-04-21,14.4085,SL,23,-0.08,-0.08286
sz.002110,2020-04-23,14.2197,2020-06-09,13.8444,TIME,31,-0.026389,-0.029343
sz.002110,2022-08-04,13.3084,2022-09-16,12.6467,TIME,31,-0.049724,-0.052637
sz.002110,2022-09-29,12.1565,2022-10-28,10.9065,SL,17,-0.102823,-0.105643
sz.002110,2022-11-01,10.2693,2022-11-15,11.6908,HIGH,11,0.138425,0.135183
sz.002110,2022-12-23,11.6663,2023-01-30,12.2055,HIGH,21,0.046218,0.043138
sz.002110,2023-03-24,12.3036,2023-05-04,11.3193,SL,26,-0.08,-0.08286
sz.002110,2023-05-08,11.3477,2023-06-19,10.4399,SL,31,-0.08,-0.08286
sz.002110,2023-06-27,10.1405,2023-06-30,10.4628,DESEL,4,0.031785,0.028729
sz.002191,2024-08-28,25.9174,2024-09-23,25.8405,DESEL,17,-0.002967,-0.005962
sz.002206,2017-10-17,62.3466,2017-11-23,57.3589,SL,28,-0.08,-0.08286
sz.002206,2017-11-27,57.5946,2018-01-09,58.2599,TIME,31,0.011551,0.008531
sz.002206,2018-01-24,53.7929,2018-01-31,49.136,SL,6,-0.086572,-0.089421
sz.002206,2018-02-02,47.0451,2018-03-13,50.8467,HIGH,23,0.080808,0.077667
sz.002228,2026-07-23,35.2755,2026-08-04,38.5826,HIGH,9,0.09375,0.090586
sz.002238,2020-08-27,24.299,2020-09-07,22.3551,SL,8,-0.08,-0.08286
sz.002238,2020-09-09,22.5838,2020-09-30,20.7771,SL,16,-0.08,-0.08286
sz.002238,2020-10-29,19.8839,2020-12-09,21.2815,HIGH,30,0.070288,0.067165
sz.002238,2021-01-06,21.0274,2021-01-25,19.3452,SL,14,-0.08,-0.08286
sz.002238,2021-01-27,19.1851,2021-02-04,17.6503,SL,7,-0.08,-0.08286
sz.002238,2021-02-08,17.7875,2021-03-05,19.5027,HIGH,15,0.096429,0.09326
sz.002238,2021-05-06,19.0263,2021-05-19,21.345,HIGH,10,0.12187,0.118657
sz.002238,2021-06-21,20.2497,2021-07-07,19.6692,DESEL,13,-0.028662,-0.031612
sz.002271,2025-04-29,443.0022,2025-06-16,421.0714,TIME,31,-0.049505,-0.052418
sz.002271,2025-06-20,416.6853,2025-07-08,446.5909,HIGH,13,0.07177,0.068645
sz.002271,2025-11-10,530.5817,2025-12-03,582.1362,HIGH,18,0.097166,0.093996
sz.002271,2026-03-10,711.8817,2026-03-19,654.9311,SL,8,-0.08,-0.08286
sz.002271,2026-03-23,622.9502,2026-04-14,700.2819,HIGH,16,0.124138,0.120921
sz.002293,2025-09-24,76.8674,2025-10-16,85.5475,HIGH,11,0.112923,0.109726
sz.002299,2020-03-17,49.9032,2020-03-31,54.8059,HIGH,11,0.098244,0.095072
sz.002303,2024-12-19,44.7369,2025-01-03,41.158,SL,11,-0.08,-0.08286
sz.002303,2025-01-07,38.9332,2025-02-11,42.0769,HIGH,20,0.080745,0.077604
sz.002303,2025-02-19,39.5378,2025-03-18,43.4069,HIGH,20,0.097859,0.094688
sz.002303,2025-04-08,37.3614,2025-04-23,43.1651,HIGH,12,0.15534,0.152068
sz.002303,2025-06-20,42.0534,2025-07-15,47.1849,HIGH,18,0.122024,0.11881
sz.002327,2021-06-10,85.1327,2021-07-07,82.1343,DESEL,19,-0.03522,-0.038158
sz.002363,2021-07-29,12.4466,2021-08-12,14.5743,HIGH,11,0.17094,0.167641
sz.002367,2018-10-23,29.8995,2018-11-06,32.3052,HIGH,11,0.08046,0.077319
sz.002367,2018-12-17,37.6665,2019-01-10,40.6908,HIGH,17,0.080292,0.077151
sz.002367,2019-04-29,59.1804,2019-05-07,54.446,SL,4,-0.08,-0.08286
sz.002367,2019-05-09,52.1008,2019-05-20,54.4377,DESEL,8,0.044855,0.041776
sz.002367,2019-07-23,54.3989,2019-08-16,55.9364,HIGH,19,0.028264,0.025214
sz.002367,2019-09-26,55.2659,2019-10-16,58.867,DESEL,10,0.06516,0.062046
sz.002372,2017-05-03,74.8264,2017-06-08,82.1438,HIGH,25,0.097792,0.094621
sz.002372,2026-05-27,98.6372,2026-06-16,90.7462,SL,15,-0.08,-0.08286
sz.002372,2026-06-18,87.8456,2026-06-23,86.5345,DESEL,3,-0.014925,-0.017899
sz.002458,2021-01-12,88.4553,2021-02-04,81.3789,SL,18,-0.08,-0.08286
sz.002458,2021-02-08,80.8284,2021-02-22,94.0926,HIGH,6,0.164103,0.160815
sz.002458,2021-03-16,83.4813,2021-03-23,91.6056,HIGH,6,0.097319,0.094148
sz.002466,2024-07-01,247.2935,2024-07-10,227.1063,SL,8,-0.081633,-0.08449
sz.002466,2024-07-24,233.3307,2024-07-25,237.0317,DESEL,2,0.015862,0.012834
sz.002478,2017-05-03,14.1629,2017-05-08,13.0299,SL,4,-0.08,-0.08286
sz.002478,2017-05-10,13.2063,2017-05-26,13.883,HIGH,13,0.051237,0.048147
sz.002478,2017-06-23,12.9263,2017-07-14,13.9296,HIGH,16,0.077617,0.074481
sz.002478,2017-09-26,13.9063,2017-10-30,12.7938,SL,20,-0.08,-0.08286
sz.002478,2017-11-01,12.6463,2017-11-22,11.6346,SL,16,-0.08,-0.08286
sz.002478,2017-12-06,12.343,2018-01-18,12.0163,TIME,31,-0.026465,-0.029419
sz.002478,2018-01-25,11.6663,2018-02-01,10.733,SL,6,-0.08,-0.08286
sz.002478,2018-02-05,10.8264,2018-02-07,9.9603,SL,3,-0.08,-0.08286
sz.002478,2018-02-09,11.363,2018-02-13,11.5964,HIGH,3,0.020534,0.017498
sz.002478,2018-03-26,11.083,2018-04-10,12.553,HIGH,10,0.132632,0.129399
sz.002516,2018-12-18,21.024,2019-01-15,21.681,DESEL,19,0.03125,0.028195
sz.002516,2019-03-29,23.9441,2019-04-08,26.3531,HIGH,6,0.10061,0.097434
sz.002516,2019-05-24,23.4241,2019-07-08,22.7191,TIME,31,-0.0301,-0.033048
sz.002516,2019-08-07,22.249,2019-09-19,22.8758,TIME,31,0.028169,0.02512
sz.002540,2019-11-18,29.9144,2019-11-22,33.2729,HIGH,5,0.112272,0.109075
sz.002540,2020-04-29,32.2575,2020-05-14,33.9758,DESEL,9,0.053269,0.050176
sz.002543,2017-09-26,48.8099,2017-10-25,52.0143,DESEL,17,0.065651,0.062536
sz.002563,2017-05-11,40.5291,2017-05-31,41.1541,DESEL,13,0.015421,0.012394
sz.002563,2022-08-04,31.8343,2022-09-16,31.5258,TIME,31,-0.00969,-0.012673
sz.002563,2022-09-21,30.477,2022-09-28,29.7367,DESEL,6,-0.024291,-0.027249
sz.002563,2025-10-27,38.6051,2025-11-06,43.04,HIGH,9,0.114878,0.111677
sz.002563,2026-03-05,38.5324,2026-04-17,37.7327,TIME,31,-0.020755,-0.023718
sz.002572,2026-05-27,235.3626,2026-06-03,216.5336,SL,6,-0.08,-0.08286
sz.002572,2026-06-05,216.1145,2026-06-17,198.8254,SL,9,-0.08,-0.08286
sz.002572,2026-06-22,195.6482,2026-06-23,192.2372,DESEL,2,-0.017435,-0.020404
sz.002601,2018-11-27,106.1749,2018-12-14,104.5042,DESEL,14,-0.015736,-0.018708
sz.002582,2021-10-28,37.7197,2021-12-09,37.7649,TIME,31,0.001196,-0.001806
sz.002582,2022-01-26,36.4113,2022-03-16,33.4984,SL,31,-0.08,-0.08286
sz.002582,2022-03-18,34.2456,2022-04-21,37.81,HIGH,23,0.104084,0.100902
sz.002582,2022-04-26,32.4408,2022-04-27,29.8455,SL,2,-0.08,-0.08286
sz.002582,2022-04-29,30.0495,2022-06-01,33.3115,HIGH,21,0.108554,0.105364
sz.002582,2024-08-22,24.7815,2024-09-25,28.6723,HIGH,23,0.157006,0.153731
sz.002582,2024-12-18,39.7254,2024-12-25,45.1425,HIGH,6,0.136364,0.133125
sz.002582,2025-01-08,39.616,2025-01-10,45.5803,HIGH,3,0.150552,0.147289
sz.002582,2025-06-18,59.9314,2025-07-30,57.7824,TIME,31,-0.035857,-0.038794
sz.002582,2025-09-19,58.2003,2025-10-13,53.5443,SL,11,-0.08,-0.08286
sz.002582,2025-10-15,54.6187,2025-10-23,58.4987,HIGH,7,0.071038,0.067914
sz.002662,2017-05-03,37.0853,2017-05-09,34.1185,SL,5,-0.08,-0.08286
sz.002662,2017-05-11,32.5423,2017-05-31,33.145,DESEL,13,0.018519,0.015486
sz.002706,2017-05-12,66.1153,2017-05-31,62.9774,DESEL,12,-0.04746,-0.050377
sz.002713,2019-11-15,24.408,2019-12-06,29.1394,HIGH,16,0.193846,0.190507
sz.002713,2020-01-21,24.7459,2020-02-03,21.8921,SL,4,-0.115326,-0.118124
sz.002713,2020-02-05,20.5403,2020-02-21,25.5721,HIGH,13,0.244973,0.241544
sz.002713,2020-03-13,26.0227,2020-03-19,23.9409,SL,5,-0.08,-0.08286
sz.002713,2020-03-23,24.1451,2020-04-28,22.2135,SL,26,-0.08,-0.08286
sz.002713,2020-04-30,22.2676,2020-05-12,24.6708,HIGH,6,0.107926,0.104737
sz.002713,2020-06-19,28.2006,2020-06-30,25.9446,SL,6,-0.08,-0.08286
sz.002713,2020-07-02,25.91,2020-07-10,30.7916,HIGH,7,0.188406,0.185076
sz.002749,2018-10-23,57.5182,2018-11-07,61.0933,HIGH,12,0.062156,0.059047
sz.002749,2018-11-30,55.6515,2018-12-18,59.6696,HIGH,13,0.0722,0.069074
sz.002749,2019-01-02,55.0504,2019-01-17,58.5306,HIGH,12,0.063218,0.060108
sz.002749,2019-04-16,71.0277,2019-04-25,65.3455,SL,8,-0.08,-0.08286
sz.002749,2019-04-29,64.5102,2019-05-06,59.3494,SL,3,-0.08,-0.08286
sz.002749,2019-05-08,61.3464,2019-05-20,64.447,DESEL,9,0.050542,0.047453
sz.002749,2025-12-31,105.7611,2026-02-02,110.356,HIGH,22,0.043446,0.04037
sz.002756,2023-11-23,135.0749,2023-12-07,145.9728,HIGH,11,0.08068,0.077539
sz.002763,2021-08-09,20.0482,2021-08-25,21.3327,HIGH,13,0.064073,0.060961
sz.002763,2021-11-09,19.2683,2021-11-25,21.1722,HIGH,13,0.09881,0.095637
sz.002763,2022-04-27,17.6855,2022-04-28,16.2707,SL,2,-0.08,-0.08286
sz.002763,2022-05-05,16.5157,2022-06-17,16.8139,TIME,31,0.018056,0.015024
sz.002763,2026-05-28,23.2164,2026-06-22,21.3591,SL,17,-0.08,-0.08286
sz.002763,2026-06-25,21.6965,2026-06-29,19.9607,SL,3,-0.08,-0.08286
sz.002763,2026-07-01,20.2659,2026-08-04,22.2031,HIGH,25,0.095588,0.092421
sz.002775,2020-12-10,21.7651,2021-01-06,20.0239,SL,19,-0.08,-0.08286
sz.002775,2021-01-08,19.8484,2021-01-29,18.2605,SL,16,-0.08,-0.08286
sz.002775,2021-02-02,18.1446,2021-02-23,19.5928,HIGH,11,0.079812,0.076673
sz.002775,2021-04-14,19.7206,2021-05-11,21.8502,HIGH,17,0.107991,0.104802
sz.002775,2021-05-19,20.3779,2021-07-01,20.472,TIME,31,0.004619,0.001611
sz.002775,2021-08-06,19.2955,2021-09-09,20.1897,HIGH,25,0.046341,0.04326
sz.002775,2021-09-28,18.6366,2021-10-15,17.1457,SL,9,-0.08,-0.08286
sz.002775,2021-10-19,17.2247,2021-10-28,15.8468,SL,8,-0.08,-0.08286
sz.002775,2021-11-01,16.2835,2021-11-16,17.3189,HIGH,12,0.063584,0.060473
sz.002775,2022-01-18,18.2131,2022-02-17,19.9544,HIGH,18,0.095607,0.09244
sz.002775,2022-03-09,17.8366,2022-03-23,22.4016,HIGH,11,0.255937,0.252489
sz.002775,2022-04-22,18.7778,2022-04-26,17.2756,SL,3,-0.08,-0.08286
sz.002775,2022-04-28,16.9424,2022-05-09,18.1189,DESEL,5,0.069444,0.066323
sz.002818,2025-05-13,34.3184,2025-05-27,34.3451,DESEL,11,0.000778,-0.002224
sz.002843,2019-06-20,14.5769,2019-07-08,13.4108,SL,13,-0.08,-0.08286
sz.002843,2019-07-10,13.6008,2019-07-16,13.8773,DESEL,5,0.020335,0.017299
sz.002843,2019-09-27,13.0964,2019-11-13,14.5281,HIGH,29,0.109317,0.106125
sz.002843,2020-02-03,11.5021,2020-02-04,10.3633,SL,2,-0.09901,-0.101837
sz.002843,2020-02-06,11.0791,2020-03-04,12.8524,HIGH,20,0.160059,0.156779
sz.002843,2020-05-18,13.2754,2020-06-05,13.4218,HIGH,15,0.011029,0.00801
sz.002867,2025-06-27,40.3529,2025-07-23,41.536,DESEL,19,0.029321,0.02627
sz.002869,2021-05-13,29.3473,2021-05-18,35.9354,HIGH,4,0.22449,0.221097
sz.002884,2019-07-10,37.8304,2019-07-16,37.913,DESEL,5,0.002182,-0.000822
sz.002911,2021-05-13,17.5865,2021-06-08,16.651,DESEL,19,-0.053191,-0.056098
sz.002932,2023-07-04,97.7013,2023-07-17,89.8852,SL,10,-0.08,-0.08286
sz.002932,2023-07-19,89.619,2023-08-24,82.4495,SL,27,-0.08,-0.08286
sz.002932,2023-08-28,87.0628,2023-10-17,88.6417,TIME,31,0.018135,0.015103
sz.002932,2023-10-19,84.7321,2023-11-09,93.9797,HIGH,16,0.109139,0.105948
sz.002932,2023-12-11,88.2281,2024-01-17,81.1699,SL,27,-0.08,-0.08286
sz.002932,2024-01-19,79.0557,2024-01-23,72.7313,SL,3,-0.08,-0.08286
sz.002932,2024-01-25,73.8305,2024-01-31,66.9135,SL,5,-0.093686,-0.096522
sz.002932,2024-02-02,64.9964,2024-02-02,59.7967,SL,1,-0.08,-0.08286
sz.002932,2024-02-06,56.4254,2024-02-28,72.5147,HIGH,11,0.285143,0.281644
sz.002932,2024-04-17,75.1462,2024-05-10,80.0707,HIGH,15,0.065533,0.062418
sz.002932,2024-05-24,71.8757,2024-06-24,66.1256,SL,21,-0.08,-0.08286
sz.002932,2024-06-26,62.8733,2024-06-27,64.0461,DESEL,2,0.018652,0.01562
sz.002998,2025-11-24,8.5648,2025-12-18,8.485,DESEL,19,-0.009309,-0.012292
