date,close,bond_value,convert_value,bond_premium,convert_premium
2022-07-22,,90.665179,95.646880,10.295928,4.551241
2022-07-25,,90.773682,92.389650,10.164090,8.237232
2022-07-26,,90.833011,93.089802,10.092133,7.423152
2022-07-27,,90.901295,94.216134,10.009434,6.138934
2022-07-28,,90.898401,91.324201,10.012936,9.500000
2022-07-29,,90.994809,89.436834,9.896379,11.810756
2022-08-01,,91.110228,96.377473,9.757162,3.758686
2022-08-02,,91.179237,93.272451,9.674092,7.212794
2022-08-03,,91.232743,90.319635,9.609771,10.717897
2022-08-04,,91.405464,90.776256,9.402650,10.160966
2022-08-05,,91.411768,89.345510,9.395106,11.925043
2022-08-08,,91.383879,85.875190,9.428492,16.448068
2022-08-09,,91.301450,83.866058,9.527286,19.237750
2022-08-10,,91.304245,83.866058,9.523932,19.237750
2022-08-11,,91.241252,82.161339,9.599548,21.711745
2022-08-12,128.238000,91.188042,82.648402,40.630282,55.160895
2022-08-15,129.970000,91.452453,84.961948,42.117566,52.974364
2022-08-16,133.924000,91.606388,84.079148,46.195045,59.283251
2022-08-17,132.021000,91.683289,82.587519,43.996797,59.855874
2022-08-18,130.600000,91.834474,81.704718,42.212389,59.843890
2022-08-19,129.005000,91.893374,81.400304,40.385530,58.482208
2022-08-22,130.044000,91.970836,81.735160,41.396997,59.104112
2022-08-23,130.718000,91.953531,82.374429,42.156586,58.687594
2022-08-24,128.795000,91.978254,79.482496,40.027663,62.041967
2022-08-25,128.550000,91.941215,81.126332,39.817600,58.456567
2022-08-26,128.043000,91.873324,82.435312,39.369073,55.325427
2022-08-29,126.300000,91.943715,79.238965,37.366648,59.391279
2022-08-30,125.905000,92.004140,79.452055,36.847102,58.466638
2022-08-31,124.770000,92.078510,77.503805,35.503931,60.985644
2022-09-01,123.843000,92.100236,76.803653,34.465454,61.246237
2022-09-02,125.501000,92.153018,77.351598,36.187617,62.247456
2022-09-05,125.444000,92.199447,77.138508,36.057216,62.621760
2022-09-06,128.274000,92.167386,79.756469,39.175044,60.832095
2022-09-07,127.931000,92.249317,79.969559,38.679618,59.974623
2022-09-08,126.920000,92.300060,79.056317,37.508037,60.543781
2022-09-09,126.735000,92.384865,79.056317,37.181561,60.309771
2022-09-13,127.371000,92.420751,78.325723,37.816452,62.617075
2022-09-14,126.808000,92.474932,77.686454,37.126891,63.230517
2022-09-15,125.555000,92.494825,75.646880,35.742730,65.975121
2022-09-16,124.899000,92.459312,73.211568,35.085365,70.600089
2022-09-19,124.124000,92.530522,73.789954,34.143845,68.212599
2022-09-20,124.446000,92.532386,73.972603,34.489130,68.232556
2022-09-21,125.501000,92.496940,73.150685,35.681245,71.565037
2022-09-22,124.881000,92.523104,72.054795,34.972774,73.313935
2022-09-23,123.967000,92.548526,70.898021,33.948108,74.852553
2022-09-26,123.509000,92.504117,71.567732,33.517301,72.576378
2022-09-27,125.014000,92.499037,74.003044,35.151678,68.930889
2022-09-28,123.641000,92.436494,72.298326,33.757778,71.015025
2022-09-29,122.692000,92.399245,71.628615,32.784634,71.289086
2022-09-30,122.519000,92.412891,71.202435,32.577824,72.071362
2022-10-10,121.262000,92.588880,69.101979,30.968212,75.482674
2022-10-11,122.150000,92.643194,70.015221,31.849945,74.462065
2022-10-12,123.237000,92.705189,71.232877,32.934307,73.005788
2022-10-13,124.263000,92.770447,71.567732,33.946752,73.629926
2022-10-14,126.088000,92.869210,73.637747,35.769433,71.227400
2022-10-17,126.004000,93.000746,74.003044,35.487086,70.268671
2022-10-18,126.087000,93.024894,75.494673,35.541137,67.014433
2022-10-19,124.064000,93.058749,73.302892,33.317932,69.248439
2022-10-20,120.602000,93.106737,65.966514,29.530906,82.823060
2022-10-21,119.000000,93.092622,60.821918,27.829679,95.653153
2022-10-24,119.863000,93.159015,61.796043,28.664950,93.965495
2022-10-25,119.981000,93.169898,61.978691,28.776571,93.584276
2022-10-26,119.933000,93.172358,61.461187,28.721653,95.136159
2022-10-27,119.077000,93.209621,60.761035,27.751834,95.975924
2022-10-28,115.470000,93.214775,58.143075,23.875212,98.596309
2022-10-31,115.761000,93.259624,57.625571,24.127672,100.884778
2022-11-01,116.128000,93.280364,59.238965,24.493511,96.033135
2022-11-02,117.171000,93.303838,59.391172,25.580043,97.286896
2022-11-03,117.214000,93.301810,59.726027,25.628859,96.252798
2022-11-04,118.118000,93.234891,62.648402,26.688624,88.541122
2022-11-07,118.319000,93.275944,65.388128,26.848355,80.948750
2022-11-08,118.476000,93.249899,65.327245,27.052148,81.357717
2022-11-09,117.940000,93.193829,66.057839,26.553444,78.540507
2022-11-10,117.909000,93.141647,66.240487,26.591062,78.001409
2022-11-11,118.501000,92.958945,67.519026,27.476705,75.507568
2022-11-14,117.556000,92.431884,63.257230,27.181222,85.838046
2022-11-15,117.891000,92.334897,64.261796,27.677621,83.454256
2022-11-16,116.463000,92.098447,64.383562,26.454901,80.889340
2022-11-17,115.066000,92.099479,63.348554,24.936646,81.639505
2022-11-18,115.598000,92.134924,62.283105,25.465996,85.600894
2022-11-21,115.641000,92.163166,61.978691,25.474205,86.581869
2022-11-22,115.527000,92.223251,61.217656,25.268843,88.715164
2022-11-23,115.590000,92.320763,61.461187,25.204771,88.069911
2022-11-24,116.600000,92.359690,61.400304,26.245552,89.901339
2022-11-25,116.400000,92.388329,60.761035,25.989940,91.570140
2022-11-28,115.790000,92.461202,60.395738,25.230904,91.718826
2022-11-29,117.135000,92.301693,61.552511,26.904498,90.300927
2022-11-30,117.038000,92.357585,62.100457,26.722672,88.465603
2022-12-01,117.077000,92.323541,61.674277,26.811644,89.831167
2022-12-02,117.330000,92.244086,61.217656,27.195146,91.660393
2022-12-05,118.035000,92.233807,60.578387,27.973684,94.846721
2022-12-06,117.571000,92.140434,61.095890,27.599790,92.436839
2022-12-07,117.446000,91.571889,60.517504,28.255518,94.069472
2022-12-08,116.670000,91.525237,60.213090,27.473038,93.761855
2022-12-09,116.090000,91.503397,59.086758,26.869606,96.473802
2022-12-12,115.012000,91.388565,58.356164,25.849442,97.086291
2022-12-13,113.539000,90.916048,57.777778,24.883343,96.509808
2022-12-14,112.900000,90.948702,57.777778,24.135912,95.403846
2022-12-15,114.148000,90.956559,58.051750,25.497272,96.631453
2022-12-16,113.400000,90.939359,57.168950,24.698482,98.359425
2022-12-19,112.243000,91.078153,55.555556,23.238116,102.037400
2022-12-20,112.108000,91.083385,56.133942,23.082821,99.715174
2022-12-21,111.800000,91.108823,55.981735,22.710399,99.707993
2022-12-22,110.516000,91.138047,54.764079,21.262199,101.803813
2022-12-23,110.180000,91.159843,54.550989,20.864623,101.976172
2022-12-26,110.400000,91.154285,57.016743,21.113342,93.627336
2022-12-27,110.707000,91.154131,57.138508,21.450338,93.751995
2022-12-28,109.695000,91.169927,55.951294,20.319280,96.054448
2022-12-29,109.026000,91.134321,56.347032,19.632207,93.490227
2022-12-30,109.749000,91.171005,56.407915,20.377087,94.563122
2023-01-03,109.887000,91.048677,55.829528,20.690387,96.825951
2023-01-04,109.365000,91.160601,55.799087,19.969591,95.997831
2023-01-05,112.700000,91.157567,57.412481,23.632084,96.298780
2023-01-06,114.018000,91.028917,58.569254,25.254704,94.672105
2023-01-09,113.756000,91.017186,58.082192,24.982990,95.853491
2023-01-10,113.060000,90.921901,58.599696,24.348478,92.936156
2023-01-11,114.933000,90.844537,58.386606,26.516138,96.848230
2023-01-12,114.800000,90.849028,58.021309,26.363488,97.858342
2023-01-13,114.801000,90.842455,58.569254,26.373731,96.008984
2023-01-16,116.869000,90.856244,58.477930,28.630675,99.851465
2023-01-17,116.737000,90.924672,58.356164,28.388695,100.042277
2023-01-18,114.482000,90.902131,58.538813,25.939841,95.565975
2023-01-19,113.705000,90.851586,58.477930,25.154667,94.440877
2023-01-20,114.454000,90.686703,59.512938,26.208138,92.317847
2023-01-30,115.650000,90.805549,59.512938,27.360059,94.327494
2023-01-31,114.650000,90.825567,59.178082,26.230976,93.737269
2023-02-01,116.718000,90.802548,60.304414,28.540446,93.548021
2023-02-02,116.352000,90.835095,60.273973,28.091461,93.038545
2023-02-03,115.325000,90.938111,59.452055,26.817018,93.979839
2023-02-06,115.007000,91.039373,61.704718,26.326660,86.382829
2023-02-07,114.954000,91.034110,61.491629,26.275745,86.942520
2023-02-08,113.947000,91.039280,60.700152,25.162458,87.721111
2023-02-09,114.000000,91.121858,61.430746,25.107194,85.574827
2023-02-10,115.418000,91.298273,61.643836,26.418601,87.233644
2023-02-13,115.596000,91.465244,61.278539,26.382433,88.640268
2023-02-14,115.015000,91.604006,61.400304,25.556736,87.319918
2023-02-15,114.858000,91.596878,60.852359,25.395103,88.748639
2023-02-16,113.362000,91.701130,59.543379,23.621159,90.385567
2023-02-17,112.459000,91.785451,58.782344,22.523776,91.314249
2023-02-20,112.527000,91.805272,59.238965,22.571393,89.954365
2023-02-21,112.374000,91.834995,59.726027,22.365118,88.149128
2023-02-22,111.934000,91.886122,59.756469,21.818178,87.316959
2023-02-23,111.976000,91.932840,60.821918,21.801959,84.104685
2023-02-24,111.649000,91.853892,60.030441,21.550647,85.987305
2023-02-27,111.415000,91.908635,59.238965,21.223648,88.077223
2023-02-28,111.189000,92.031650,59.695586,20.816045,86.260003
2023-03-01,111.200000,85.693376,59.665145,29.764989,86.373469
2023-03-02,111.095000,85.695442,58.873668,29.639333,88.700659
2023-03-03,110.815000,85.707311,58.812785,29.294687,88.419915
2023-03-06,110.596000,85.772736,58.995434,28.940739,87.465356
2023-03-07,109.894000,85.718632,57.869102,28.203166,89.900994
2023-03-08,109.498000,92.204224,57.382040,18.755947,90.822775
2023-03-09,109.498000,92.184628,57.351598,18.781191,90.924061
2023-03-10,109.580000,92.223642,56.864536,18.819858,92.703587
2023-03-13,109.535000,92.236054,57.047184,18.755080,92.007724
2023-03-14,109.651000,92.289183,56.468798,18.812408,94.179803
2023-03-15,109.975000,92.384893,57.321157,19.040025,91.857608
2023-03-16,109.862000,92.516688,56.621005,18.748306,94.030468
2023-03-17,109.045000,92.609902,56.894977,17.746588,91.660152
2023-03-20,108.893000,92.688084,56.773212,17.483278,91.803488
2023-03-21,109.184000,92.807294,57.168950,17.645925,90.984792
2023-03-22,109.424000,92.779614,56.986301,17.939702,92.018077
2023-03-23,109.000000,92.818204,56.316591,17.433861,93.548649
2023-03-24,109.061000,92.695476,56.590563,17.655149,92.719411
2023-03-27,109.440000,92.746774,56.925419,17.998713,92.251551
2023-03-28,109.400000,92.746690,57.625571,17.955692,89.846276
2023-03-29,109.085000,92.835407,55.829528,17.503659,95.389436
2023-03-30,108.908000,92.967874,55.403349,17.145844,96.572956
2023-03-31,108.936000,93.101662,55.525114,17.007578,96.192303
2023-04-03,109.489000,93.183825,56.803653,17.497860,92.749928
2023-04-04,109.210000,93.349233,56.164384,16.990784,94.447073
2023-04-06,109.016000,93.305906,55.464231,16.837191,96.551899
2023-04-07,109.189000,93.304615,55.799087,17.024222,95.682414
2023-04-10,109.524000,93.351381,55.920852,17.324456,95.855384
2023-04-11,109.513000,93.410154,56.012177,17.238860,95.516416
2023-04-12,109.389000,93.447223,55.646880,17.059659,96.577060
2023-04-13,109.317000,93.505123,55.981735,16.910172,95.272618
2023-04-14,109.643000,93.441601,56.255708,17.338529,94.901112
2023-04-17,109.761000,93.480771,56.347032,17.415591,94.794643
2023-04-18,109.486000,93.658317,56.621005,16.899388,93.366403
2023-04-19,109.197000,93.712455,55.585997,16.523465,96.446958
2023-04-20,108.568000,93.772680,54.703196,15.777858,98.467379
2023-04-21,107.743000,93.786006,53.576865,14.881744,101.099861
2023-04-24,107.751000,93.792369,54.216134,14.882481,98.743422
2023-04-25,107.455000,93.831213,54.916286,14.519461,95.670552
2023-04-26,107.353000,93.837902,55.098935,14.402600,94.836798
2023-04-27,107.875000,93.931837,55.129376,14.843916,95.676077
2023-04-28,108.380000,93.844959,55.646880,15.488356,94.763840
2023-05-04,108.903000,94.000070,56.925419,15.854169,91.308211
2023-05-05,108.305000,94.106665,56.681887,15.087491,91.075148
2023-05-08,108.934000,94.263393,56.925419,15.563420,91.362668
2023-05-09,108.536000,94.302238,56.103501,15.093770,93.456734
2023-05-10,108.421000,94.371878,55.707763,14.886980,94.624582
2023-05-11,108.750000,94.481991,56.834094,15.101300,91.346411
2023-05-12,107.317000,94.584739,56.894977,13.461222,88.622978
2023-05-15,107.650000,94.651061,57.412481,13.733538,87.502784
2023-05-16,107.603000,94.691524,57.199391,13.635302,88.119135
2023-05-17,107.856000,94.689450,56.925419,13.904980,89.468963
2023-05-18,107.830000,94.684476,56.407915,13.883505,91.161117
2023-05-19,107.475000,94.696779,55.981735,13.493829,91.982259
2023-05-22,107.337000,94.720185,56.499239,13.320091,89.979550
2023-05-23,106.816000,94.789211,55.799087,12.687930,91.429656
2023-05-24,106.972000,94.798334,55.251142,12.841645,93.610479
2023-05-25,106.508000,94.825596,55.738204,12.319885,91.086171
2023-05-26,106.712000,94.826601,55.981735,12.533824,90.619315
2023-05-29,106.999000,94.966196,55.190259,12.670618,93.872981
2023-05-30,107.100000,95.016433,55.555556,12.717345,92.780000
2023-05-31,107.201000,95.006184,55.129376,12.835813,94.453498
2023-06-01,106.601000,95.081144,53.120244,12.115815,100.678673
2023-06-02,107.047000,95.148701,53.242009,12.504952,101.057401
2023-06-05,107.319000,95.139159,52.876712,12.802133,102.960803
2023-06-06,107.237000,95.130717,51.841705,12.725945,106.854695
2023-06-07,106.883000,95.135847,51.506849,12.347768,107.512207
2023-06-08,107.005000,95.201238,50.837139,12.398748,110.485883
2023-06-09,107.106000,95.219328,51.171994,12.483465,109.305895
2023-06-12,107.350000,95.243348,51.933029,12.711283,106.708529
2023-06-13,107.255000,95.315975,51.750381,12.525734,107.254515
2023-06-14,107.019000,95.366056,51.476408,12.219173,107.899122
2023-06-15,107.350000,95.367160,52.389650,12.564954,104.906886
2023-06-16,107.370000,95.298182,52.359209,12.667417,105.064215
2023-06-19,107.098000,95.176344,52.602740,12.525860,103.597760
2023-06-20,107.414000,95.156160,52.541857,12.881814,104.435104
2023-06-21,107.300000,95.171294,52.450533,12.744080,104.573709
2023-06-26,107.010000,95.199830,52.207002,12.405663,104.972507
2023-06-27,106.859000,95.145074,53.028919,12.311648,101.510801
2023-06-28,106.920000,95.240899,53.394216,12.262695,100.246408
2023-06-29,106.850000,95.240989,52.968037,12.189091,101.725431
2023-06-30,106.800000,95.275035,53.302892,12.096522,100.364363
2023-07-03,106.902000,95.393398,53.515982,12.064359,99.757150
2023-07-04,106.650000,95.513090,53.089802,11.660087,100.886038
2023-07-05,106.813000,95.531641,53.041883,11.809029,101.374826
2023-07-06,106.601000,95.543195,53.041883,11.573619,100.975142
2023-07-07,106.335000,95.664248,52.522164,11.154378,102.457384
2023-07-10,106.425000,95.594000,53.408744,11.330209,99.265126
2023-07-11,106.443000,95.669322,53.561602,11.261372,98.730053
2023-07-12,105.511000,95.587515,53.317028,10.381571,97.893624
2023-07-13,105.496000,95.639618,53.408744,10.305753,97.525710
2023-07-14,104.946000,95.573859,53.040541,9.806176,97.859975
2023-07-17,104.906000,95.593340,53.071253,9.741955,97.670102
2023-07-18,105.084000,95.639392,53.255528,9.875228,97.320360
2023-07-19,105.431000,95.697939,53.777641,10.170607,96.049878
2023-07-20,105.571000,95.853243,53.654791,10.138162,96.759689
2023-07-21,105.800000,95.891961,53.931204,10.332502,96.175854
2023-07-24,105.847000,95.681541,53.531941,10.624264,97.726811
2023-07-25,106.679000,95.693325,53.931204,11.480085,97.805708
2023-07-26,107.285000,95.427755,54.975430,12.425363,95.150816
2023-07-27,107.509000,95.395066,55.036855,12.698701,95.340013
2023-07-28,108.230000,95.512978,55.405405,13.314444,95.341951
2023-07-31,107.599000,95.508990,55.804668,12.658505,92.813618
2023-08-01,107.958000,95.502051,55.681818,13.042598,93.883755
2023-08-02,107.999000,95.561065,55.221130,13.015693,95.575497
2023-08-03,107.910000,95.718934,55.128993,12.736316,95.740925
2023-08-04,108.318000,95.730614,55.436118,13.148757,95.392470
2023-08-07,107.061000,95.757746,54.975430,11.804010,94.743361
2023-08-08,107.061000,95.641751,54.514742,11.939607,96.389079
2023-08-09,107.846000,95.680174,54.975430,12.715096,96.171272
2023-08-10,108.314000,95.692750,54.914005,13.189348,97.242944
2023-08-11,107.795000,95.789928,53.931204,12.532708,99.875011
2023-08-14,107.394000,95.828892,53.194103,12.068498,101.890799
2023-08-15,107.677000,95.885428,53.286241,12.297565,102.072802
2023-08-16,107.453000,95.890545,53.286241,12.057972,101.652431
2023-08-17,107.588000,95.919965,53.654791,12.164344,100.518906
2023-08-18,107.533000,95.969208,54.391892,12.049481,97.700422
2023-08-21,107.847000,96.056897,56.695332,12.274082,90.222011
2023-08-22,107.749000,96.197724,54.330467,12.007847,98.321506
2023-08-23,107.737000,96.209788,54.852580,11.981330,96.411910
2023-08-24,107.091000,96.292120,54.023342,11.214707,98.230981
2023-08-25,107.162000,96.323361,54.606880,11.252347,96.242673
2023-08-28,107.307000,96.328464,55.098280,11.396980,94.755625
2023-08-29,107.802000,96.254750,55.466830,11.996551,94.353993
2023-08-30,107.901000,96.289240,55.006143,12.059250,96.161729
2023-08-31,107.472000,96.336338,54.944717,11.559150,95.600241
2023-09-01,107.524000,96.313400,54.453317,11.639709,97.460882
2023-09-04,107.890000,96.233501,54.699017,12.112724,97.243032
2023-09-05,107.870000,96.228461,54.668305,12.097813,97.317258
2023-09-06,107.830000,96.079199,54.821867,12.230328,96.691585
2023-09-07,107.000000,95.864847,54.115479,11.615471,97.725312
2023-09-08,106.662000,95.711631,53.531941,11.441002,99.249267
2023-09-11,106.398000,95.692390,53.685504,11.187525,98.187579
2023-09-12,106.699000,95.713718,53.654791,11.477228,98.862017
2023-09-13,106.439000,95.854384,54.115479,11.042391,96.688640
2023-09-14,106.000000,95.872736,54.115479,10.563237,95.877412
2023-09-15,106.090000,95.886634,52.794840,10.641073,100.947667
2023-09-18,106.056000,95.779387,53.255528,10.729463,99.145522
2023-09-19,106.206000,95.810478,54.269042,10.850089,95.702737
2023-09-20,105.913000,95.854100,53.654791,10.493970,97.397097
2023-09-21,105.533000,95.906602,52.917690,10.037263,99.428583
2023-09-22,105.762000,95.918275,53.839066,10.262617,96.440999
2023-09-25,105.997000,95.904793,53.378378,10.523151,98.576658
2023-09-26,105.754000,95.895716,53.378378,10.280213,98.121418
2023-09-27,105.794000,95.956822,54.238329,10.251671,95.053943
2023-09-28,106.093000,96.099363,54.361179,10.399275,95.163168
2023-10-09,106.113000,96.509432,53.501229,9.950911,98.337502
2023-10-10,106.101000,96.521351,53.654791,9.924902,97.747485
2023-10-11,105.709000,96.571505,53.409091,9.461896,97.923234
2023-10-12,105.755000,96.548572,54.299754,9.535541,94.761471
2023-10-13,105.278000,96.532646,54.054054,9.059478,94.764300
2023-10-16,105.230000,96.547946,54.238329,8.992479,94.014088
2023-10-17,104.536000,96.615606,54.914005,8.197842,90.363096
2023-10-18,104.262000,96.551481,53.992629,7.985914,93.104137
2023-10-19,103.463000,96.470539,53.992629,7.248286,91.624305
2023-10-20,102.644000,96.463669,52.794840,6.406901,94.420514
2023-10-23,101.417000,96.484095,51.842752,5.112662,95.624261
2023-10-24,102.872000,96.435661,53.194103,6.674231,93.389857
2023-10-25,103.364000,96.455321,54.023342,7.162569,91.332111
2023-10-26,102.962000,96.467373,53.654791,6.732460,91.897122
2023-10-27,104.538000,96.422845,54.668305,8.416216,91.222319
2023-10-30,104.500000,96.411301,54.699017,8.389783,91.045480
2023-10-31,104.514000,96.400325,55.098280,8.416647,89.686502
2023-11-01,104.120000,96.459628,55.773956,7.941532,86.682115
2023-11-02,103.747000,96.551328,55.958231,7.452691,85.400786
2023-11-03,103.699000,96.651284,55.773956,7.291901,85.927282
2023-11-06,105.300000,96.676309,55.866093,8.920170,88.486421
2023-11-07,105.151000,96.728618,55.988943,8.707228,87.806723
2023-11-08,105.598000,96.741180,55.743243,9.155170,89.436412
2023-11-09,105.317000,96.789360,55.651106,8.810514,89.245117
2023-11-10,104.835000,96.818824,55.620393,8.279564,88.483026
2023-11-13,104.944000,96.862217,55.620393,8.343587,88.678997
2023-11-14,104.809000,96.880589,55.098280,8.183694,90.221909
2023-11-15,104.771000,96.946685,55.436118,8.070740,88.994114
2023-11-16,105.014000,97.006299,55.128993,8.254826,90.487791
2023-11-17,104.390000,97.001435,55.006143,7.616965,89.778805
2023-11-20,104.102000,97.135387,55.159705,7.172065,88.728347
2023-11-21,104.050000,97.110537,55.159705,7.145942,88.634076
2023-11-22,104.000000,97.100640,54.729730,7.105371,90.024691
2023-11-23,103.901000,96.970333,55.313268,7.147203,87.841008
2023-11-24,103.514000,96.979277,54.883292,6.738267,88.607490
2023-11-27,103.601000,96.953616,54.391892,6.856252,90.471404
2023-11-28,103.707000,97.108262,54.760442,6.795238,89.383058
2023-11-29,104.173000,97.183507,54.484029,7.192057,91.199148
2023-11-30,103.380000,97.220873,54.330467,6.335190,90.279977
2023-12-01,103.500000,97.227741,53.716216,6.451100,92.679245
2023-12-04,103.270000,97.320539,53.654791,6.113263,92.471162
2023-12-05,102.609000,97.297122,53.101966,5.459440,93.230135
2023-12-06,102.690000,97.338495,52.886978,5.497830,94.168780
2023-12-07,102.759000,97.294040,52.303440,5.616952,96.467002
2023-12-08,102.770000,97.340665,52.518428,5.577664,95.683696
2023-12-11,102.779000,97.337445,53.439803,5.590403,92.326680
2023-12-12,102.776000,97.310072,53.593366,5.617022,91.770003
2023-12-13,102.590000,97.395315,52.733415,5.333609,94.544578
2023-12-14,102.409000,97.545382,53.286241,4.986005,92.186573
2023-12-15,102.266000,97.653297,52.671990,4.723550,94.156324
2023-12-18,101.930000,97.768770,52.088452,4.256196,95.686368
2023-12-19,101.600000,97.816535,51.504914,3.867920,97.262731
2023-12-20,101.074000,97.771370,51.105651,3.377911,97.774606
2023-12-21,100.900000,97.783644,50.522113,3.186991,99.714529
2023-12-22,101.020000,97.888080,50.890663,3.199491,98.503995
2023-12-25,101.500000,97.957117,50.307125,3.616769,101.760684
2023-12-26,101.400000,98.006625,50.583538,3.462394,100.460474
2023-12-27,101.589000,98.115811,50.122850,3.539887,102.680015
2023-12-28,102.200000,98.247452,50.122850,4.023054,103.899020
2023-12-29,102.894000,98.281421,49.140049,4.693236,109.389290
2024-01-02,102.502000,98.400378,50.276413,4.168299,103.876916
2024-01-03,102.249000,98.318304,50.798526,3.997929,101.283400
2024-01-04,102.055000,98.351113,50.583538,3.765984,101.755361
2024-01-05,102.562000,98.390027,51.658477,4.240240,98.538568
2024-01-08,102.422000,98.552604,51.197789,3.926225,100.051609
2024-01-09,102.224000,98.627266,51.013514,3.646794,100.386119
2024-01-10,101.916000,98.615086,50.952088,3.347271,100.023204
2024-01-11,102.210000,98.589372,52.794840,3.672433,93.598464
2024-01-12,103.018000,98.592052,53.531941,4.489153,92.442116
2024-01-15,102.818000,98.651491,52.149877,4.223463,97.158662
2024-01-16,102.361000,98.676231,52.027027,3.734201,96.745818
2024-01-17,101.572000,98.739854,50.737101,2.868291,100.192755
2024-01-18,101.463000,98.805282,52.303440,2.689854,93.989153
2024-01-19,101.149000,98.497201,52.579853,2.692258,92.372164
2024-01-22,100.548000,99.108626,51.597052,1.452319,94.871600
2024-01-23,101.040000,98.541915,51.750614,2.535048,95.244059
2024-01-24,101.252000,99.250395,51.351351,2.016722,97.174947
2024-01-25,101.318000,99.410256,51.719902,1.919062,95.897511
2024-01-26,101.343000,99.601141,51.289926,1.748834,97.588508
2024-01-29,101.120000,99.787489,49.109337,1.335349,105.907892
2024-01-30,100.234000,98.620597,48.341523,1.635969,107.345555
2024-01-31,100.838000,100.164801,47.665848,0.672092,111.551887
2024-02-01,100.614000,100.378196,47.757985,0.234915,110.674716
2024-02-02,100.880000,100.474050,45.853808,0.404035,120.003537
2024-02-05,100.849000,100.664739,45.853808,0.183044,119.935930
2024-02-06,101.800000,100.643481,50.092138,1.149124,103.225506
2024-02-07,102.125000,100.684367,54.146192,1.430841,88.609756
2024-02-08,103.780000,100.720948,54.391892,3.037155,90.800497
2024-02-19,103.283000,100.785654,53.839066,2.477878,91.836536
2024-02-20,103.612000,98.856250,55.251843,4.810773,87.526777
2024-02-21,103.800000,100.819997,54.299754,2.955766,91.161086
2024-02-22,103.801000,100.917639,54.391892,2.857142,90.839106
2024-02-23,103.408000,101.078383,54.146192,2.304763,90.979267
2024-02-26,103.228000,101.163277,53.439803,2.040980,93.166878
2024-02-27,103.135000,101.268798,53.624079,1.842821,92.329645
2024-02-28,103.051000,101.324221,53.992629,1.704211,90.861238
2024-02-29,103.586000,101.376993,54.975430,2.179002,88.422355
2024-03-01,103.803000,101.347503,55.589681,2.422849,86.730701
2024-03-04,103.465000,101.345987,54.975430,2.090870,88.202257
2024-03-05,103.193000,101.368134,54.852580,1.800236,88.127888
2024-03-06,103.194000,99.024888,55.466830,4.210166,86.046326
2024-03-07,103.000000,99.036171,55.098280,4.002405,86.938685
2024-03-08,102.805000,101.510266,55.528256,1.275471,85.139978
2024-03-11,103.024000,101.546244,56.726044,1.455255,81.616754
2024-03-12,103.894000,101.437681,56.787469,2.421506,82.952333
2024-03-13,103.845000,101.348745,56.234644,2.463035,84.663747
2024-03-14,103.731000,101.313868,58.046683,2.385786,78.702717
2024-03-15,103.800000,101.299358,58.015971,2.468566,78.916252
2024-03-18,103.785000,101.337288,58.230958,2.415411,78.229937
2024-03-19,104.078000,101.354379,57.616708,2.687226,80.638576
2024-03-20,104.171000,101.296877,57.800983,2.837327,80.223579
2024-03-21,104.526000,101.287595,57.432432,3.197238,81.998212
2024-03-22,104.112000,101.292308,56.633907,2.783718,83.833336
2024-03-25,103.444000,101.230870,55.589681,2.186220,86.084897
2024-03-26,104.100000,101.254871,56.449631,2.809869,84.412187
2024-03-27,104.648000,101.279372,56.265356,3.326075,85.990114
2024-03-28,104.105000,101.346719,55.988943,2.721628,85.938497
2024-03-29,104.004000,101.382676,56.418919,2.585574,84.342419
2024-04-01,104.296000,101.419677,57.862408,2.836060,80.248289
2024-04-02,104.400000,101.441841,58.108108,2.916113,79.665116
2024-04-03,104.500000,101.457129,58.138821,2.999170,79.742208
2024-04-08,104.551000,101.517032,58.108108,2.988629,79.924977
2024-04-09,105.200000,101.629348,58.507371,3.513406,79.806404
2024-04-10,104.926000,101.686450,58.691646,3.185823,78.775016
2024-04-11,105.430000,101.762480,59.613022,3.604000,76.857331
2024-04-12,105.818000,101.916174,58.845209,3.828466,79.824326
2024-04-15,105.557000,102.032927,59.766585,3.453858,76.615412
2024-04-16,105.717000,102.059318,59.705160,3.583878,77.065099
2024-04-17,105.800000,102.110387,60.503686,3.613357,74.865381
2024-04-18,105.444000,102.238587,62.315725,3.135228,69.209297
2024-04-19,106.394000,102.357413,63.114251,3.943619,68.573656
2024-04-22,106.475000,102.566064,61.670762,3.811139,72.650697
2024-04-23,106.687000,102.784548,61.455774,3.796730,73.599636
2024-04-24,106.000000,102.750326,61.425061,3.162690,72.568000
2024-04-25,106.362000,102.692697,60.995086,3.573090,74.377982
2024-04-26,106.570000,102.462706,62.622850,4.008575,70.177499
2024-04-29,111.130000,102.308873,68.120393,8.622055,63.137638
2024-04-30,110.000000,102.434613,67.567568,7.385577,62.800000
2024-05-06,110.414000,102.609817,67.874693,7.605689,62.673296
2024-05-07,110.017000,102.736601,66.799754,7.086471,64.696714
2024-05-08,110.269000,102.788985,66.124079,7.277059,66.760736
2024-05-09,113.222000,102.769403,66.646192,10.170924,69.885176
2024-05-10,111.739000,102.721210,66.492629,8.778897,68.047198
2024-05-13,116.036000,102.800910,67.260442,12.874488,72.517450
2024-05-14,116.667000,102.885278,67.291155,13.395233,73.376427
2024-05-15,116.196000,102.950737,66.339066,12.865632,75.154711
2024-05-16,116.499000,102.929920,65.233415,13.182834,78.587921
2024-05-17,116.546000,102.894619,65.479115,13.267342,77.989576
2024-05-20,116.533000,102.964924,65.264128,13.177377,78.555976
2024-05-21,116.203000,102.945967,64.527027,12.877661,80.084230
2024-05-22,116.173000,103.012420,65.202703,12.775721,78.172062
2024-05-23,115.330000,103.081869,64.434889,11.881945,78.986883
2024-05-24,114.898000,103.231001,64.557740,11.301836,77.977111
2024-05-27,114.803000,103.255726,65.509828,11.183181,75.245461
2024-05-28,115.584000,103.316587,65.264128,11.873614,77.101884
2024-05-29,115.940000,103.495154,66.246929,12.024569,75.011887
2024-05-30,116.556000,103.570254,66.339066,12.538104,75.697378
2024-05-31,116.660000,103.559110,66.461916,12.650640,75.529094
2024-06-03,112.825000,103.622380,65.663391,8.880919,71.823293
2024-06-04,113.350000,103.663793,77.357143,9.343867,46.528163
2024-06-05,114.082000,103.738903,77.250000,9.970316,47.678964
2024-06-06,113.462000,103.833722,76.428571,9.272785,48.454953
2024-06-07,113.996000,103.899042,77.821429,9.718047,46.484075
2024-06-11,114.446000,104.078511,77.964286,9.961220,46.792854
2024-06-12,114.569000,104.083077,78.178571,10.074570,46.547830
2024-06-13,114.794000,104.089090,78.464286,10.284373,46.300956
2024-06-14,114.896000,104.130491,79.642857,10.338479,44.264036
2024-06-17,114.538000,104.136903,77.750000,9.987907,47.315756
2024-06-18,114.400000,104.184699,76.785714,9.804991,48.986047
2024-06-19,113.158000,104.197909,76.214286,8.599109,48.473477
2024-06-20,111.162000,104.232348,75.535714,6.648274,47.164823
2024-06-21,110.904000,104.224047,75.392857,6.409224,47.101468
2024-06-24,109.800000,104.234851,74.594595,5.339048,47.195652
2024-06-25,111.423000,104.263793,74.666667,6.866436,49.227232
2024-06-26,111.972000,104.258859,74.342342,7.398068,50.616723
2024-06-27,111.400000,104.289876,73.693694,6.817655,51.166259
2024-06-28,113.112000,104.320133,74.162162,8.427775,52.519825
2024-07-01,112.974000,104.329395,73.909910,8.285877,52.853657
2024-07-02,112.169000,104.302471,73.045045,7.542035,53.561408
2024-07-03,111.517000,104.385607,72.324324,6.831778,54.190172
2024-07-04,110.883000,104.447580,70.450450,6.161388,57.391471
2024-07-05,111.510000,104.399140,70.234234,6.811224,58.768728
2024-07-08,110.986000,104.326643,69.657658,6.383179,59.330652
2024-07-09,111.676000,104.379717,70.270270,6.990135,58.923538
2024-07-10,111.751000,104.372671,70.162162,7.069215,59.275308
2024-07-11,112.497000,104.401327,70.774775,7.754378,58.950700
2024-07-12,111.541000,104.436044,70.126126,6.803165,59.057695
2024-07-15,110.604000,104.527812,69.369369,5.812987,59.442130
2024-07-16,109.739000,104.574016,68.036036,4.939070,61.295405
2024-07-17,109.000000,104.621191,68.180180,4.185394,59.870507
2024-07-18,110.004000,104.618041,68.864865,5.148213,59.738932
2024-07-19,110.497000,104.667611,69.225225,5.569430,59.619560
2024-07-22,108.623000,104.395775,69.297297,4.049230,56.749259
2024-07-23,106.322000,104.461345,67.315315,1.781190,57.946226
2024-07-24,104.683000,104.500337,66.486486,0.174796,57.450041
2024-07-25,105.299000,104.547711,67.315315,0.718609,56.426512
2024-07-26,108.044000,104.639608,68.216216,3.253445,58.384628
2024-07-29,106.412000,104.693758,67.351351,1.641208,57.995345
2024-07-30,105.949000,104.723694,67.279279,1.170037,57.476419
2024-07-31,107.103000,104.775195,69.045045,2.221714,55.120472
2024-08-01,106.639000,104.868233,66.810811,1.688564,59.613390
2024-08-02,106.334000,104.917276,66.270270,1.350325,60.455057
2024-08-05,106.194000,104.994708,65.477477,1.142241,62.184012
2024-08-06,106.370000,104.951595,66.054054,1.351485,61.034779
2024-08-07,106.267000,104.956367,65.225225,1.248741,62.923163
2024-08-08,106.850000,104.910611,65.981982,1.848611,61.938149
2024-08-09,106.382000,104.828446,65.585586,1.481997,62.203324
2024-08-12,106.749000,104.645302,67.099099,2.010313,59.091555
2024-08-13,107.130000,104.646400,67.927928,2.373325,57.711273
2024-08-14,106.300000,104.749141,66.306306,1.480546,60.316576
2024-08-15,106.028000,104.715642,67.099099,1.253259,58.017025
2024-08-16,104.643000,104.674732,66.990991,-0.030315,56.204586
2024-08-19,105.584000,104.693685,67.927928,0.850400,55.435332
2024-08-20,104.170000,104.660813,66.342342,-0.468956,57.018876
2024-08-21,105.499000,104.573421,66.054054,0.885100,59.716162
2024-08-22,104.085000,104.557522,65.549550,-0.451925,58.788277
2024-08-23,104.462000,104.520349,66.018018,-0.055826,58.232560
2024-08-26,104.931000,104.443635,65.117117,0.466629,61.141962
2024-08-27,105.980000,104.245190,65.153153,1.664164,62.662887
2024-08-28,104.970000,104.244250,64.180180,0.696202,63.555166
2024-08-29,106.783000,104.286359,65.405405,2.394025,63.263264
2024-08-30,107.056000,104.300564,65.873874,2.641822,62.516630
2024-09-02,105.930000,104.346470,65.225225,1.517569,62.406492
2024-09-03,106.059000,104.378921,65.729730,1.609596,61.356209
2024-09-04,106.700000,104.390862,66.126126,2.212012,61.358311
2024-09-05,107.401000,104.479233,66.522523,2.796505,61.450582
2024-09-06,106.288000,104.491614,65.009009,1.719168,63.497339
2024-09-09,105.328000,104.512222,64.216216,0.780557,64.020875
2024-09-10,105.200000,104.529638,64.576577,0.641313,62.907366
2024-09-11,104.862000,104.511713,65.081081,0.335165,61.125166
2024-09-12,104.612000,104.521634,64.864865,0.086457,61.276833
2024-09-13,104.353000,104.510157,64.072072,-0.150375,62.868152
2024-09-18,102.731000,104.622196,63.783784,-1.807643,61.061314
2024-09-19,102.902000,104.622245,63.639640,-1.644244,61.694819
2024-09-20,102.501000,104.594440,62.738739,-2.001483,63.377527
2024-09-23,103.217000,104.576101,62.702703,-1.299629,64.613319
2024-09-24,106.586000,104.558121,66.378378,1.939475,60.573371
2024-09-25,106.172000,104.601488,65.549550,1.501425,61.972128
2024-09-26,106.916000,104.576002,68.000000,2.237606,57.229412
2024-09-27,107.144000,104.282863,71.243243,2.743631,50.391806
2024-09-30,109.383000,103.691344,78.378378,5.489037,39.557621
2024-10-08,112.959000,103.476520,83.459459,9.163895,35.345952
2024-10-09,108.571000,103.176699,77.369369,5.228216,40.328144
2024-10-10,110.177000,103.187167,78.702703,6.773936,39.991380
2024-10-11,109.844000,103.245921,77.261261,6.390644,42.172155
2024-10-14,112.791000,103.506542,79.963964,8.969923,41.052287
2024-10-15,110.871000,103.701609,75.063063,6.913481,47.703805
2024-10-16,111.768000,103.810340,73.765766,7.665575,51.517440
2024-10-17,110.000000,103.869929,72.360360,5.901680,52.016932
2024-10-18,111.226000,103.941139,74.882883,7.008641,48.533277
2024-10-21,111.868000,103.949257,74.918919,7.617892,49.318759
2024-10-22,112.037000,103.899954,76.396396,7.831616,46.652205
2024-10-23,112.600000,103.768685,76.900901,8.510578,46.422212
2024-10-24,111.011000,103.720166,76.144144,7.029332,45.790594
2024-10-25,111.523000,103.635831,76.792793,7.610465,45.225868
2024-10-28,112.000000,103.561022,75.855856,8.148797,47.648456
2024-10-29,110.300000,103.523210,74.738739,6.546155,47.580762
2024-10-30,109.561000,103.470163,75.027027,5.886563,46.028710
2024-10-31,110.000000,103.465651,73.837838,6.315476,48.975110
2024-11-01,109.206000,103.516001,74.018018,5.496734,47.539752
2024-11-04,110.145000,103.606875,74.882883,6.310513,47.089690
2024-11-05,110.560000,103.672881,74.846847,6.643125,47.714974
2024-11-06,110.743000,103.727470,75.099099,6.763426,47.462488
2024-11-07,111.841000,103.771095,76.720721,7.776640,45.776785
2024-11-08,111.003000,103.790007,77.117117,6.949602,43.940806
2024-11-11,113.650000,103.874866,78.630631,9.410490,44.536549
2024-11-12,112.546000,103.947990,78.846847,8.271453,42.740014
2024-11-13,113.000000,104.009288,80.792793,8.644143,39.863961
2024-11-14,111.274000,104.063847,78.990991,6.928586,40.869229
2024-11-15,111.303000,104.091590,77.405405,6.927947,43.792284
2024-11-18,111.600000,104.110659,78.234234,7.193635,42.648549
2024-11-19,111.663000,104.135428,78.486486,7.228637,42.270351
2024-11-20,111.372000,104.182097,78.450450,6.901285,41.964768
2024-11-21,111.958000,104.191519,77.837838,7.454043,43.834931
2024-11-22,110.989000,104.248217,75.495495,6.466090,47.014069
2024-11-25,110.047000,104.439859,75.711712,5.368775,45.350036
2024-11-26,109.656000,104.498924,74.342342,4.935052,47.501406
2024-11-27,110.919000,104.538993,75.891892,6.102992,46.153953
2024-11-28,110.901000,104.593194,74.594595,6.030799,48.671630
2024-11-29,110.903000,104.687294,74.018018,5.937402,49.832437
2024-12-02,111.769000,104.245717,77.693694,7.216875,43.858523
2024-12-03,112.210000,104.965459,78.198198,6.901834,43.494355
2024-12-04,111.441000,104.264966,76.720721,6.882498,45.255413
2024-12-05,111.141000,104.274587,75.567568,6.584934,47.075000
2024-12-06,111.813000,105.165480,76.288288,6.321009,46.566403
2024-12-09,112.400000,105.239111,76.036036,6.804399,47.824645
2024-12-10,113.872000,105.425837,76.072072,8.011474,49.689626
2024-12-11,114.480000,105.467186,76.072072,8.545610,50.488868
2024-12-12,115.083000,105.475361,76.936937,9.108894,49.580948
2024-12-13,115.048000,105.646366,76.792793,8.899156,49.816143
2024-12-16,113.703000,105.776759,76.540541,7.493367,48.552648
2024-12-17,114.007000,105.772982,77.081081,7.784614,47.905295
2024-12-18,114.151000,105.780447,76.792793,7.913138,48.648064
2024-12-19,113.797000,104.408863,76.504505,8.991705,48.745490
2024-12-20,113.663000,105.725489,76.324324,7.507661,48.921069
2024-12-23,112.932000,105.764741,75.279279,6.776605,50.017377
2024-12-24,114.470000,104.456533,77.333333,9.586253,48.021552
2024-12-25,114.159000,104.466059,76.792793,9.278556,48.658482
2024-12-26,113.654000,105.708620,76.756757,7.516302,48.070352
2024-12-27,114.006000,104.485102,77.261261,9.112206,47.559072
2024-12-30,114.665000,105.801859,78.126126,8.377112,46.769084
2024-12-31,113.912000,105.933786,77.945946,7.531321,46.142302
2025-01-02,113.458000,104.542165,74.666667,8.528458,51.952679
2025-01-03,113.092000,106.148884,73.549550,6.540922,53.763008
2025-01-06,113.389000,106.210319,73.261261,6.758930,54.773475
2025-01-07,113.319000,104.589643,71.171171,8.346292,59.220367
2025-01-08,113.320000,106.184244,70.918919,6.720165,59.788110
2025-01-09,113.251000,106.141222,70.774775,6.698413,60.016051
2025-01-10,113.650000,106.099366,70.846847,7.116569,60.416455
2025-01-13,113.014000,106.091611,70.630631,6.524916,60.007066
2025-01-14,113.872000,106.108491,71.603604,7.316577,59.031102
2025-01-15,113.940000,104.665463,71.603604,8.861125,59.126069
2025-01-16,113.796000,104.674928,71.351351,8.713712,59.486818
2025-01-17,113.797000,106.051270,72.792793,7.303760,56.330037
2025-01-20,114.215000,106.031779,73.801802,7.717706,54.759094
2025-01-21,114.515000,106.011510,74.414414,8.021290,53.888196
2025-01-22,114.580000,106.071584,74.486486,8.021390,53.826560
2025-01-23,114.338000,106.072760,73.225225,7.792048,56.145645
2025-01-24,114.805000,106.047494,73.297297,8.258098,56.629240
2025-01-27,114.289000,106.115748,72.936937,7.702204,56.695640
2025-02-05,114.160000,106.201356,71.963964,7.493919,58.634952
2025-02-06,114.784000,106.235890,73.081081,8.046349,57.063905
2025-02-07,115.186000,106.307780,74.666667,8.351430,54.266964
2025-02-10,114.934000,106.242424,73.513514,8.180890,56.344044
2025-02-11,114.581000,106.169632,72.648649,7.922575,57.719382
2025-02-12,115.004000,106.192384,72.612613,8.297786,58.380199
2025-02-13,114.738000,106.185762,71.063063,8.054035,61.459407
2025-02-14,114.558000,106.151907,71.351351,7.918928,60.554773
2025-02-17,114.289000,106.098715,70.270270,7.719495,62.642038
2025-02-18,113.874000,106.062538,69.981982,7.364959,62.719027
2025-02-19,114.600000,106.074509,70.414414,8.037267,62.750768
2025-02-20,114.835000,105.989183,69.225225,8.345962,65.886062
2025-02-21,115.280000,105.856813,69.513514,8.901824,65.838258
2025-02-24,114.968000,105.743355,69.477477,8.723616,65.475207
2025-02-25,115.048000,105.631146,69.801802,8.914846,64.820960
2025-02-26,115.777000,105.606095,69.873874,9.630983,65.694263
2025-02-27,116.020000,105.535201,69.729730,9.934883,66.385271
2025-02-28,114.675000,105.525366,69.153153,8.670554,65.827579
2025-03-03,114.080000,105.540464,69.117117,8.091244,65.053180
2025-03-04,113.845000,105.611689,68.396396,7.795833,66.448828
2025-03-05,113.696000,105.609705,67.963964,7.656773,67.288653
2025-03-06,114.248000,105.601539,68.504505,8.187818,66.774435
2025-03-07,114.474000,105.419742,68.612613,8.588769,66.841045
2025-03-10,114.847000,105.358802,68.936937,9.005606,66.597190
2025-03-11,116.662000,105.193711,74.414414,10.902067,56.773390
2025-03-12,117.171000,105.202073,75.207207,11.377082,55.797568
2025-03-13,116.335000,105.280547,74.846847,10.499996,55.430729
2025-03-14,117.001000,105.323656,74.414414,11.087105,57.228947
2025-03-17,120.921000,105.298473,81.873874,14.836423,47.691802
2025-03-18,120.524000,105.353807,81.873874,14.399283,47.206910
2025-03-19,118.378000,105.411305,80.360360,12.301047,47.308946
2025-03-20,117.575000,105.536031,78.666667,11.407449,49.459746
2025-03-21,116.192000,105.625332,77.873874,10.003914,49.205368
2025-03-24,115.288000,105.763350,77.045045,9.005624,49.637138
2025-03-25,116.186000,105.829668,76.576577,9.785849,51.725247
2025-03-26,116.379000,105.873821,76.396396,9.922357,52.335719
2025-03-27,116.594000,105.939501,76.576577,10.057154,52.258047
2025-03-28,117.121000,105.996399,76.828829,10.495263,52.444078
2025-03-31,116.787000,106.008014,76.792793,10.168086,52.080678
2025-04-01,117.044000,106.031522,77.189189,10.386042,51.632633
2025-04-02,117.177000,106.092560,76.828829,10.447896,52.516968
2025-04-03,117.000000,106.260423,74.414414,10.106845,57.227603
2025-04-07,113.946000,106.540220,66.990991,6.951159,70.091528
2025-04-08,114.967000,106.494117,67.747748,7.956199,69.698630
2025-04-09,115.368000,106.501278,67.891892,8.325460,69.928981
2025-04-10,116.857000,106.485170,70.414414,9.740164,65.956077
2025-04-11,115.851000,106.524892,70.342342,8.754862,64.695966
2025-04-14,115.300000,106.498310,70.018018,8.264628,64.671899
2025-04-15,115.379000,106.495139,70.954955,8.342035,62.608799
2025-04-16,114.500000,106.512124,69.981982,7.499500,63.613543
2025-04-17,114.562000,106.521665,69.333333,7.548075,65.233654
2025-04-18,114.966000,106.524398,70.558559,7.924571,62.937002
2025-04-21,114.934000,106.486490,68.756757,7.932941,67.160299
2025-04-22,114.523000,106.494051,67.603604,7.539340,69.403691
2025-04-23,115.384000,106.473180,68.180180,8.369075,69.233932
2025-04-24,114.610000,106.461548,68.180180,7.653892,68.098705
2025-04-25,114.604000,106.432791,68.684685,7.677342,66.855247
2025-04-28,114.027000,106.416195,68.252252,7.151924,67.067014
2025-04-29,114.929000,106.391579,68.828829,8.024527,66.977997
2025-04-30,115.394000,106.441971,70.198198,8.410243,64.383137
2025-05-06,116.126000,106.477977,70.594595,9.061050,64.497014
2025-05-07,116.174000,106.521345,69.837838,9.061710,66.348220
2025-05-08,116.199000,106.597091,70.234234,9.007666,65.444959
2025-05-09,115.729000,106.663162,70.270270,8.499503,64.691269
2025-05-12,115.881000,106.680300,70.450450,8.624554,64.485818
2025-05-13,115.774000,106.715215,71.099099,8.488747,62.834693
2025-05-14,115.545000,106.769086,71.531532,8.219528,61.530164
2025-05-15,115.197000,106.804781,70.522523,7.857531,63.347816
2025-05-16,115.500000,106.770750,70.450450,8.175694,63.945013
2025-05-19,115.691000,106.721990,70.522523,8.404089,64.048301
2025-05-20,115.890000,106.738901,70.918919,8.573350,63.411966
2025-05-21,115.725000,106.761964,71.027027,8.395345,62.930936
2025-05-22,115.222000,106.792908,70.666667,7.892932,63.050000
2025-05-23,114.602000,106.814369,70.306306,7.290809,63.003870
2025-05-26,114.457000,106.884705,70.486486,7.084545,62.381480
2025-05-27,114.080000,106.908639,70.054054,6.707934,62.845679
2025-05-28,114.915000,106.915511,71.531532,7.482065,60.649433
2025-05-29,114.996000,106.877445,71.351351,7.596135,61.168636
2025-05-30,114.635000,106.944032,70.270270,7.191582,63.134423
2025-06-03,114.755000,106.931493,70.558559,7.316373,62.637960
2025-06-04,115.003000,106.974919,71.063063,7.504639,61.832315
2025-06-05,115.221000,107.013532,71.063063,7.669561,62.139085
2025-06-06,115.963000,107.022223,70.810414,8.354132,63.765459
2025-06-09,116.867000,107.058679,71.067107,9.161631,64.445980
2025-06-10,116.240000,107.063630,71.067107,8.570950,63.563715
2025-06-11,116.788000,107.093541,71.800513,9.052328,62.656219
2025-06-12,116.456000,107.096528,71.763843,8.739286,62.276705
2025-06-13,115.883000,107.117213,70.517052,8.183359,64.333303
2025-06-16,115.872000,107.170808,69.820315,8.118995,65.957429
2025-06-17,115.995000,107.215519,69.893656,8.188629,65.959268
2025-06-18,116.107000,107.251835,70.333700,8.256423,65.080182
2025-06-19,115.600000,107.260451,69.196920,7.775046,67.059459
2025-06-20,115.642000,107.341647,69.123579,7.732649,67.297472
2025-06-23,115.704000,107.429144,68.390172,7.702618,69.182203
2025-06-24,116.206000,107.494199,69.636964,8.104438,66.874019
2025-06-25,117.187000,107.517604,70.297030,8.993314,66.702634
2025-06-26,116.800000,107.459737,69.673634,8.691872,67.638737
2025-06-27,117.005000,107.501370,69.673634,8.840474,67.932966
2025-06-30,117.110000,107.520648,69.966997,8.918614,67.378915
2025-07-01,117.550000,107.579238,69.966997,9.268296,68.007783
2025-07-02,117.120000,107.663109,70.443711,8.783780,66.260406
2025-07-03,117.537000,107.718013,70.590392,9.115455,66.505662
2025-07-04,117.186000,107.767371,70.260359,8.739778,66.788216
2025-07-07,117.119000,107.810344,70.480381,8.634288,66.172483
2025-07-08,117.843000,107.821883,70.700403,9.294140,66.679388
2025-07-09,117.261000,107.827815,70.590392,8.748378,66.114674
2025-07-10,117.998000,107.806401,70.737074,9.453612,66.812103
2025-07-11,118.228000,107.805334,71.140447,9.668043,66.189565
2025-07-14,117.756000,107.789609,70.920425,9.246151,66.039613
2025-07-15,116.830000,107.819640,69.673634,8.356882,67.681795
2025-07-16,117.590000,107.820753,69.343601,9.060637,69.575849
2025-07-17,118.524000,107.936332,69.673634,9.809179,70.113131
2025-07-18,119.484000,107.936091,69.820315,10.698840,71.130708
2025-07-21,120.597000,107.922014,70.297030,11.744579,71.553479
2025-07-22,120.857000,107.035607,70.480381,12.912893,71.476087
2025-07-23,120.170000,106.944131,71.103777,12.367083,69.006493
2025-07-24,120.613000,106.888387,71.837184,12.840135,67.897729
2025-07-25,119.735000,106.801380,71.433810,12.109975,67.616707
2025-07-28,118.669000,106.821718,71.690502,11.090705,65.529597
2025-07-29,118.305000,106.840484,71.397140,10.730498,65.699915
2025-07-30,118.350000,106.872197,71.250458,10.739746,66.104195
2025-07-31,117.051000,106.870442,69.820315,9.526075,67.646049
2025-08-01,117.611000,106.882574,70.187019,10.037582,67.568024
2025-08-04,117.650000,106.898026,70.443711,10.058160,67.012780
2025-08-05,118.691000,106.909602,70.443711,11.019962,68.490555
2025-08-06,119.066000,106.935017,70.407041,11.344257,69.110928
2025-08-07,119.261000,106.974942,70.113678,11.484986,70.096625
2025-08-08,119.355000,106.999148,69.966997,11.547617,70.587571
2025-08-11,119.497000,107.028360,70.333700,11.649847,69.900062
2025-08-12,119.368000,107.031931,70.077008,11.525597,70.338323
2025-08-13,119.483000,107.055706,69.966997,11.608250,70.770514
2025-08-14,119.915000,107.050672,69.306931,12.017045,73.020214
2025-08-15,121.039000,107.040640,69.636964,13.077612,73.814299
2025-08-18,122.907000,106.885973,70.077008,14.988896,75.388482
2025-08-19,122.342000,106.903443,70.187019,14.441590,74.308586
2025-08-20,122.807000,106.843079,70.553722,14.941465,74.061689
2025-08-21,124.396000,106.809448,71.030436,16.465352,75.130559
2025-08-22,124.534000,106.816293,71.213788,16.587083,74.873439
2025-08-25,124.363000,106.878485,70.920425,16.359247,75.355688
2025-08-26,125.421000,106.871280,73.157316,17.357067,71.440134
2025-08-27,120.700000,106.882164,70.517052,12.928102,71.164275
2025-08-28,123.182000,106.855756,70.297030,15.278768,75.230732
2025-08-29,122.769000,106.867282,70.663733,14.879875,73.736929
2025-09-01,120.466000,106.881128,70.957096,12.710262,69.773014
2025-09-02,119.861000,106.887617,70.517052,12.137405,69.974491
2025-09-03,121.081000,106.952744,70.150348,13.209812,72.602136
2025-09-04,121.036000,107.041646,70.003667,13.073747,72.899514
2025-09-05,123.025000,106.937269,70.407041,15.044083,74.733945
2025-09-08,124.098000,106.940823,73.377338,16.043618,69.123061
2025-09-09,122.474000,106.909942,73.083975,14.558102,67.579828
2025-09-10,122.380000,106.858829,73.450678,14.524931,66.615207
2025-09-11,123.523000,106.876602,73.634030,15.575344,67.752600
2025-09-12,123.390000,106.846091,72.973964,15.483870,69.087704
2025-09-15,123.128000,106.869699,72.643931,15.213200,69.495233
2025-09-16,123.037000,106.893332,71.800513,15.102596,71.359499
2025-09-17,123.650000,106.904292,71.433810,15.664205,73.097305
2025-09-18,122.883000,106.918880,69.600293,14.931058,76.555290
2025-09-19,122.986000,106.879393,70.407041,15.069890,74.678553
2025-09-22,121.163000,106.913734,69.636964,13.327817,73.992365
2025-09-23,122.499000,106.920397,69.966997,14.570282,75.081118
2025-09-24,122.791000,106.789842,70.223689,14.983783,74.856949
2025-09-25,123.198000,106.711099,70.517052,15.450034,74.706680
2025-09-26,122.865000,106.752318,70.810414,15.093520,73.512613
2025-09-29,124.294000,106.749700,72.533920,16.434988,71.359827
2025-09-30,124.001000,106.757754,72.313898,16.151751,71.476028
2025-10-09,124.796000,106.835028,75.100843,16.811875,66.171236
2025-10-10,125.107000,106.850223,77.814448,17.086326,60.776055
2025-10-13,124.546000,106.910267,77.557756,16.495827,60.584843
2025-10-14,124.146000,106.938894,79.171250,16.090597,56.806921
2025-10-15,124.386000,106.964124,80.271360,16.287588,54.956885
2025-10-16,124.136000,107.034249,80.051338,15.977830,55.070486
2025-10-17,124.158000,107.076674,79.207921,15.952425,56.749475
2025-10-20,124.500000,107.077964,82.104877,16.270422,51.635328
2025-10-21,124.065000,107.117030,80.051338,15.821919,54.981793
2025-10-22,124.408000,107.117327,80.858086,16.141808,53.859690
2025-10-23,124.410000,107.161546,80.528053,16.095749,54.492746
2025-10-24,124.878000,107.166167,80.601393,16.527448,54.932805
2025-10-27,125.438000,107.243278,81.481481,16.965839,53.946636
2025-10-28,125.120000,107.309706,81.334800,16.597095,53.833291
2025-10-29,125.075000,107.355462,81.041437,16.505484,54.334627
2025-10-30,123.719000,107.361246,79.501283,15.236181,55.618871
2025-10-31,123.844000,107.441236,79.354602,15.266730,56.064043
2025-11-03,123.830000,107.503181,80.014668,15.187289,54.759125
2025-11-04,123.014000,107.505428,79.941327,14.425850,53.880357
2025-11-05,124.999000,107.544956,83.901724,16.229533,48.982637
2025-11-06,126.436000,107.545491,86.762010,17.565133,45.727376
2025-11-07,126.455000,107.484898,85.771911,17.649086,47.431717
2025-11-10,127.025000,107.510181,86.138614,18.151600,47.465805
2025-11-11,126.581000,107.506835,84.158416,17.742281,50.408012
2025-11-12,126.051000,107.515959,83.498350,17.239340,50.962265
2025-11-13,127.754000,107.474363,87.495416,18.869279,46.012220
2025-11-14,127.300000,107.502969,87.165383,18.415334,46.044215
2025-11-17,127.407000,107.546072,86.945361,18.467367,46.536857
2025-11-18,127.301000,107.486939,84.451779,18.433924,50.738092
2025-11-19,127.708000,107.466327,86.248625,18.835363,48.069607
2025-11-20,127.762000,107.461772,87.055372,18.890651,46.759467
2025-11-21,126.691000,107.456291,85.441878,17.900030,48.277406
2025-11-24,126.714000,107.463545,84.561790,17.913474,49.847822
2025-11-25,127.247000,107.459097,85.771911,18.414358,48.355096
2025-11-26,126.637000,107.412112,85.258526,17.898249,48.532946
2025-11-27,125.977000,107.393176,84.488449,17.304474,49.105590
2025-11-28,125.153000,107.429228,82.874954,16.498091,51.014262
2025-12-01,125.318000,107.444025,81.664833,16.635616,53.454057
2025-12-02,124.520000,107.444522,80.784745,15.892368,54.138012
2025-12-03,125.224000,107.446290,81.004767,16.545671,54.588433
2025-12-04,124.668000,107.396677,80.638064,16.081804,54.601926
2025-12-05,125.117000,107.437315,80.931426,16.455814,54.596311
2025-12-08,126.224000,107.438743,81.811514,17.484621,54.286351
2025-12-09,125.420000,107.430981,80.271360,16.744722,56.245016
2025-12-10,125.988000,107.412454,80.418042,17.293661,56.666337
2025-12-11,125.603000,107.462291,79.024569,16.881000,58.941708
2025-12-12,125.894000,107.466030,79.354602,17.147717,58.647384
2025-12-15,126.677000,107.441619,82.801613,17.903100,52.988565
2025-12-16,126.104000,107.422870,81.188119,17.390273,55.323220
2025-12-17,127.485000,107.429026,82.911624,18.669045,53.760104
2025-12-18,127.861000,107.478776,82.544921,18.963952,54.898688
2025-12-19,129.130000,107.504873,87.312065,20.115485,47.894796
2025-12-22,130.541000,107.525153,91.162450,21.405082,43.196021
2025-12-23,129.816000,107.531282,91.235790,20.723939,42.286267
2025-12-24,132.207000,107.550034,93.509351,22.926042,41.383721
2025-12-25,132.002000,107.584796,92.849285,22.695776,42.168031
2025-12-26,131.792000,107.593001,92.885955,22.491240,41.885821
2025-12-29,131.492000,107.596767,91.639164,22.208133,43.488869
2025-12-30,131.641000,107.562626,92.225889,22.385446,42.737577
2025-12-31,132.281000,107.522423,93.069307,23.026431,42.131713
2026-01-05,134.659000,107.579653,93.912725,25.171439,43.387385
2026-01-06,134.418000,107.610639,93.069307,24.911441,44.427851
2026-01-07,138.028000,107.590016,96.149615,28.290715,43.555437
2026-01-08,136.938000,107.592101,93.839384,27.275142,45.928068
2026-01-09,137.514000,107.627116,93.802714,27.768916,46.599170
2026-01-12,136.546000,107.646437,92.335900,26.846744,47.879643
2026-01-13,135.487000,107.661692,92.299230,25.845134,46.791041
2026-01-14,135.033000,107.673216,92.665933,25.410019,45.720218
2026-01-15,139.570000,107.685501,98.349835,29.608906,41.911779
2026-01-16,139.853000,107.710068,96.956362,29.842086,44.243242
2026-01-19,138.933000,107.715311,97.139714,28.981664,43.023892
2026-01-20,139.564000,107.715203,98.789879,29.567597,41.273581
2026-01-21,140.539000,107.777833,100.220022,30.396943,40.230462
2026-01-22,142.004000,107.798124,99.816648,31.731420,42.264845
2026-01-23,145.204000,107.844827,102.640264,34.641599,41.468849
2026-01-26,144.162000,107.864223,103.043638,33.651359,39.903834
2026-01-27,142.295000,107.902705,102.346901,31.873432,39.032055
2026-01-28,144.942000,107.959744,103.813715,34.255598,39.617391
2026-01-29,144.347000,108.015070,104.400440,33.635983,38.262827
2026-01-30,138.959000,108.016266,100.990099,28.646365,37.596657
2026-02-02,134.782000,108.025144,95.232857,24.769100,41.528885
2026-02-03,141.335000,108.017307,97.579758,30.844773,44.840490
2026-02-04,139.587000,108.058714,98.129813,29.176995,42.247290
2026-02-05,138.782000,108.072229,97.579758,28.415969,42.224169
2026-02-06,140.101000,108.101579,97.909791,29.601253,43.091920
2026-02-09,141.059000,108.164694,96.259626,30.411315,46.540150
2026-02-10,142.000000,108.171719,96.002934,31.272759,47.912147
2026-02-11,144.009000,108.197432,100.696736,33.098352,43.012579
2026-02-12,143.865000,108.231008,101.906857,32.924014,41.173032
2026-02-13,144.362000,108.210356,101.430143,33.408673,42.326527
2026-02-24,145.423000,108.333975,103.410341,34.235821,40.627135
2026-02-25,146.698000,108.342111,103.630363,35.402568,41.558898
2026-02-26,144.036000,108.306221,102.566923,32.989591,40.431238
2026-02-27,142.657000,108.322971,103.263660,31.695982,38.148309
2026-03-02,146.258000,108.354683,106.233957,34.980783,37.675377
2026-03-03,143.724000,108.334969,101.246791,32.666304,41.954128
2026-03-04,143.373000,108.372145,101.320132,32.296911,41.504948
2026-03-05,142.715000,108.444893,102.603594,31.601402,39.093569
2026-03-06,144.146000,108.457451,105.060506,32.905576,37.202842
2026-03-09,141.366000,108.472086,101.503484,30.324773,39.272067
2026-03-10,143.153000,108.445101,103.630363,32.005041,38.138086
2026-03-11,143.471000,108.445927,101.833517,32.297269,40.887799
2026-03-12,139.677000,108.464844,100.806747,28.776288,38.559178
2026-03-13,140.141000,108.497738,105.720572,29.164905,32.557928
2026-03-16,138.230000,108.518619,103.043638,27.379063,34.147050
2026-03-17,135.912000,108.532587,100.110011,25.226905,35.762646
2026-03-18,137.344000,108.535779,98.459846,26.542604,39.492398
2026-03-19,133.005000,108.567954,95.599560,22.508525,39.127209
2026-03-20,132.174000,108.613309,95.929593,21.692269,37.782300
2026-03-23,130.793000,108.616500,93.802714,20.417248,39.434133
2026-03-24,134.445000,108.620624,95.526219,23.774837,40.741464
2026-03-25,136.884000,108.624071,97.249725,26.016268,40.755154
2026-03-26,134.815000,108.642766,96.076274,24.090176,40.320803
2026-03-27,134.892000,108.706033,96.406307,24.088789,39.920306
2026-03-30,132.357000,108.742938,94.792813,21.715490,39.627675
2026-03-31,130.399000,108.746294,92.005867,19.911213,41.729005
2026-04-01,134.269000,108.751412,92.299230,23.464144,45.471420
2026-04-02,132.513000,108.821251,91.749175,21.771252,44.429637
2026-04-03,132.068000,108.841965,90.869087,21.339228,45.338755
2026-04-07,133.437000,108.884743,90.722406,22.548850,47.082740
2026-04-08,139.052000,108.883977,94.609461,27.706577,46.974730
2026-04-09,136.948000,108.886360,93.619362,25.771493,46.281706
2026-04-10,136.080000,108.909515,94.242758,24.947760,44.393058
2026-04-13,135.576000,108.946273,90.025669,24.442990,50.597048
2026-04-14,136.132000,108.939545,90.429043,24.961050,50.540131
2026-04-15,135.360000,108.964221,90.099010,24.224263,50.234725
2026-04-16,135.265000,108.968108,85.038504,24.132650,59.063241
2026-04-17,135.440000,108.979454,85.441878,24.280307,58.517116
2026-04-20,132.204000,109.007125,77.997800,21.280146,69.497089
2026-04-21,132.292000,109.027788,76.274294,21.337874,73.442444
2026-04-22,132.409000,109.028531,76.861019,21.444359,72.270679
2026-04-23,132.027000,109.046313,77.997800,21.074245,69.270159
2026-04-24,131.856000,109.010675,76.384305,20.956962,72.621849
2026-04-27,129.969000,109.042216,75.870920,19.191451,71.302785
2026-04-28,129.480000,109.049848,75.540887,18.734691,71.403864
2026-04-29,132.387000,109.067507,77.777778,21.380788,70.211857
2026-04-30,132.337000,109.078389,78.731206,21.322840,68.087098
2026-05-06,132.913000,109.081660,79.794646,21.847247,66.568819
2026-05-07,134.433000,109.080544,78.951228,23.241960,70.273475
2026-05-08,134.926000,109.105274,78.034470,23.665882,72.905640
2026-05-11,135.737000,109.106094,77.117712,24.408267,76.012743
2026-05-12,135.848000,109.146391,78.511184,24.464033,73.030124
2026-05-13,135.144000,109.189803,77.264393,23.769799,74.911100
2026-05-14,132.370000,109.188581,75.724239,21.230625,74.805322
2026-05-15,131.418000,109.225203,75.100843,20.318385,74.988714
2026-05-18,130.875000,109.251403,73.560689,19.792512,77.914320
2026-05-19,132.502000,109.282992,73.487349,21.246680,80.305865
2026-05-20,132.457000,109.296721,74.037404,21.190278,78.905517
2026-05-21,130.709000,109.300642,72.680601,19.586672,79.840284
2026-05-22,130.800000,109.339806,72.240557,19.627064,81.061726
2026-05-25,130.872000,109.350191,70.920425,19.681547,84.533580
2026-05-26,129.140000,109.368527,69.950517,18.077845,84.616219
2026-05-27,128.052000,109.367739,69.005848,17.083887,85.566881
2026-05-28,129.898000,109.373316,67.476383,18.765714,92.508836
2026-05-29,129.680000,109.372796,67.791273,18.566961,91.293059
2026-06-01,130.829000,109.441450,69.050832,19.542458,89.467666
2026-06-02,130.213000,109.466620,67.251462,18.952243,93.621070
2026-06-03,130.266000,109.452686,66.441745,19.015809,96.060473
2026-06-04,129.450000,109.463196,65.047233,18.258926,99.009232
2026-06-05,129.000000,109.484634,67.431399,17.824753,91.305537
2026-06-08,128.691000,109.498225,83.526316,17.527933,54.072401
2026-06-09,129.832000,109.443760,82.157895,18.628965,58.027418
2026-06-10,128.744000,109.387405,82.736842,17.695451,55.606616
2026-06-11,129.841000,109.375372,85.157895,18.711368,52.470890
2026-06-12,131.244000,109.327638,85.263158,20.046498,53.928148
2026-06-15,134.950000,109.347329,89.578947,23.414080,50.649236
2026-06-16,134.969000,109.351405,89.473684,23.426855,50.847706
2026-06-17,133.652000,109.352413,89.210526,22.221354,49.816401
2026-06-18,131.160000,109.412126,86.263158,19.877023,52.046370
2026-06-22,130.914000,109.447004,84.947368,19.614055,54.111896
2026-06-23,130.719000,109.424975,81.578947,19.459931,60.236194
2026-06-24,131.301000,109.427336,84.210526,19.989214,55.919938
2026-06-25,129.688000,109.448573,83.473684,18.492180,55.363934
2026-06-26,128.355000,109.463689,82.473684,17.258061,55.631461
2026-06-29,128.342000,109.520082,82.315789,17.185814,55.914194
2026-06-30,128.593000,109.545303,80.947368,17.387963,58.860013
2026-07-01,130.512000,109.523584,83.631579,19.163375,56.055884
2026-07-02,129.156000,109.532697,82.105263,17.915475,57.305385
2026-07-03,131.125000,109.537743,82.526316,19.707597,58.888712
2026-07-06,132.154000,109.543814,85.631579,20.640313,54.328580
2026-07-07,130.858000,109.566533,84.210526,19.432455,55.393875
2026-07-08,131.494000,109.554814,85.157895,20.025762,54.411990
2026-07-09,129.968000,109.595970,83.421053,18.588302,55.797603
2026-07-10,130.732000,109.561744,83.859096,19.322671,55.894836
2026-07-13,130.633000,109.580994,85.226078,19.211367,53.278202
2026-07-14,130.738000,109.594072,84.174553,19.292948,55.317724
2026-07-15,132.334000,109.622725,86.750789,20.717670,52.545011
2026-07-16,130.785000,109.625940,82.597266,19.301143,58.340592
2026-07-17,129.249000,109.623035,77.444795,17.903140,66.891784
2026-07-20,130.875000,109.634952,77.917981,19.373427,67.965081
2026-07-21,131.242000,109.630126,76.708728,19.713445,71.091353
2026-07-22,129.124000,108.128825,75.341746,19.416816,71.384402
2026-07-23,130.417000,108.137882,78.969506,20.602510,65.148558
2026-07-24,129.405000,108.146612,78.548896,19.657008,64.744518
2026-07-27,130.828000,108.155031,81.072555,20.963397,61.371502
2026-07-28,130.262000,108.187456,80.967403,20.403977,60.882029
2026-07-29,130.951000,108.193111,81.230284,21.034509,61.209581
2026-07-30,130.816000,108.188868,80.967403,20.914473,61.566255
2026-07-31,130.677000,108.199592,80.441640,20.774023,62.449447
2026-08-03,131.992000,108.215278,84.121977,21.971687,56.905490
2026-08-04,132.084000,108.198166,81.966351,22.076006,61.144174
2026-08-05,131.497000,108.190213,81.019979,21.542417,62.301943
2026-08-06,131.611000,108.183294,81.177708,21.655568,62.127022
2026-08-07,132.137000,108.186431,81.019979,22.138238,63.091872
2026-08-10,131.665000,108.222290,82.807571,21.661628,59.001162
2026-08-11,130.791000,108.203822,82.176656,20.874658,59.158338
2026-08-12,130.042000,108.207091,82.439537,20.178815,57.742273
2026-08-13,128.150000,108.230987,81.703470,18.404169,56.847683
2026-08-14,128.386000,108.259172,82.071504,18.591338,56.431885
2026-08-17,127.485000,108.285086,77.602524,17.730894,64.279451
2026-08-18,127.300000,108.306151,78.811777,17.537184,61.524083
2026-08-19,127.133000,108.326498,77.602524,17.360944,63.825858
2026-08-20,127.143000,108.338774,78.338591,17.356876,62.299319
2026-08-21,126.608000,108.346482,76.761304,16.854740,64.937271
2026-08-24,126.560000,108.372507,77.024185,16.782387,64.312027
2026-08-25,127.361000,108.365395,77.339642,17.529216,64.677513
2026-08-26,128.286000,108.360315,79.022082,18.388361,62.341964
2026-08-27,128.587000,108.367335,79.074658,18.658450,62.614677
