债券代码,债券简称,申购日期,正股代码,正股简称,正股价,转股价,转股价值,发行规模
123284,强达转债,2026-08-19,301628,强达电路,92.57,84.04,110.1499,5.5
123283,丰茂转债,2026-08-18,301459,丰茂股份,31.7,35.59,89.07,6.075298
123282,震裕转02,2026-08-17,300953,震裕科技,94.5,104.85,90.1288,18.8
123281,中仑转债,2026-08-06,301565,中仑新材,20.41,20.28,100.641,10.68
111026,派克转债,2026-08-06,605123,派克新材,76.68,81.8,93.7408,15.8
118076,先锋转债,2026-08-06,688605,先锋精科,72.65,86.4,84.0856,7.5
123280,三鑫转债,2026-08-04,300453,三鑫医疗,9.71,9.72,99.8971,5.3
123279,天脉转债,2026-08-03,301626,苏州天脉,266.67,267.33,99.7531,7.86
113709,振26转债,2026-07-30,603067,振华股份,35.67,40.33,88.4453,8.78
123278,合金转债,2026-07-30,300697,电工合金,15.67,13.98,112.0887,5.45
118075,奥普转债,2026-07-29,688686,奥普特,137.05,150.03,91.3484,12.7
123277,玉禾转债,2026-07-29,300815,玉禾田,16.02,16.35,97.9817,15.0
118074,特宝转债,2026-07-28,688278,特宝生物,59.05,58.56,100.8367,15.33266
127115,炬申转债,2026-07-24,001202,炬申股份,13.83,13.76,100.5087,3.8
110103,申能转债,2026-07-24,600642,申能股份,8.42,8.74,96.3387,20.0
123276,久吾转02,2026-07-20,300631,久吾高科,21.8,23.78,91.6737,3.0
118073,赛斯转债,2026-07-17,688480,赛恩斯,75.2,88.16,85.2995,5.519
113708,曙26转债,2026-07-15,603019,中科曙光,86.54,108.89,79.4747,80.0
110102,江农转债,2026-07-14,600389,江山股份,18.81,20.64,91.1337,11.85
123275,肇民转债,2026-07-09,301000,肇民科技,24.4,33.8,72.1893,5.9
113707,科博转债,2026-07-03,603786,科博达,39.89,45.56,87.5549,14.9074
123274,维科转债,2026-06-26,301499,维科精密,25.08,35.62,70.4099,6.3
127114,宜化转债,2026-06-26,000422,湖北宜化,12.57,14.08,89.2756,33.0
111025,圣泉转债,2026-06-25,605589,圣泉集团,40.12,42.38,94.6673,25.0
110101,宝钛转债,2026-06-24,600456,宝钛股份,27.38,30.98,88.3796,35.0
118072,鼎通转债,2026-06-24,688668,鼎通科技,269.0,246.0,109.3496,9.3
118071,华峰转债,2026-06-23,688200,华峰测控,400.0,335.79,119.1221,7.49475
118070,南芯转债,2026-06-18,688484,南芯科技,37.62,43.71,86.0673,15.86881
123273,三江转债,2026-06-17,301059,金三江,11.84,14.43,82.0513,2.9
113706,金帝转债,2026-06-15,603270,金帝股份,28.05,30.62,91.6068,9.7
113705,豪26转债,2026-06-15,603809,豪能股份,8.98,10.74,83.6127,18.0
118069,爱科转债,2026-06-11,688092,爱科科技,23.13,28.53,81.0726,2.66954
123272,中汽转债,2026-06-11,301215,中汽股份,5.4,5.99,90.1503,10.3904
113704,春风转债,2026-06-10,603129,春风动力,304.13,241.7,125.8295,21.78763
113703,翔26转债,2026-06-08,603112,华翔股份,15.89,21.94,72.4248,13.0102
118068,迪威转债,2026-06-04,688377,迪威尔,19.15,32.49,58.9412,9.07705
123271,通合转债,2026-06-02,300491,通合科技,32.23,33.18,97.1368,5.219327
123270,盛德转债,2026-06-01,300881,盛德鑫泰,31.49,53.68,58.6624,4.050968
123269,金杨转债,2026-04-20,301210,金杨精密,24.22,28.24,85.7649,9.8
123268,本川转债,2026-04-17,300964,本川智能,59.45,54.13,109.8282,4.69
113702,斯达转债,2026-04-16,603290,斯达半导,93.25,104.79,88.9875,15.0
123267,珂玛转债,2026-04-16,301611,珂玛科技,103.04,97.47,105.7146,7.5
118067,上26转债,2026-03-18,688533,上声电子,20.94,32.25,64.9302,3.2485
123266,博士转债,2026-03-18,300622,博士眼镜,14.82,21.54,68.8022,3.75
127113,长高转债,2026-03-09,002452,长高电气,11.34,10.92,103.8462,7.586007
113701,祥和转债,2026-03-03,603500,祥和实业,9.68,13.37,72.4009,4.0
118066,统联转债,2026-03-02,688210,统联精密,31.15,56.2,55.427,5.76
113700,海天转债,2026-02-05,603759,海天股份,7.7,12.41,62.0467,8.01
110100,龙建转债,2026-01-22,600853,龙建股份,3.34,4.59,72.7669,10.0
118065,艾为转债,2026-01-22,688798,艾为电子,61.93,79.4,77.9975,19.0132
127112,尚太转债,2026-01-16,001301,尚太科技,60.55,60.02,100.883,17.34
123265,耐普转02,2026-01-16,300818,耐普矿机,19.14,29.5,64.8814,4.5
118064,联瑞转债,2026-01-08,688300,联瑞新材,186.24,63.05,295.3846,6.95
123264,双乐转债,2025-12-26,301036,双乐股份,22.23,36.4,61.0714,8.0
118063,金05转债,2025-12-25,688676,金盘科技,66.77,88.6,75.3612,16.715
123263,鼎捷转债,2025-12-15,300378,鼎捷数智,31.21,43.42,71.8793,8.276642
118062,天准转债,2025-12-12,688003,天准科技,85.06,55.13,154.2899,8.72
123262,神宇转债,2025-12-11,300563,神宇股份,25.06,38.62,64.8887,5.0
111024,澳弘转债,2025-12-11,605058,澳弘电子,27.6,33.54,82.2898,5.8
123261,普联转债,2025-12-05,300996,普联软件,14.05,12.97,108.3269,2.429326
118061,茂莱转债,2025-11-21,688502,茂莱光学,453.84,364.15,124.63,5.625
118060,瑞可转债,2025-11-14,688800,瑞可达,68.45,52.53,130.3065,10.0
123260,卓镁转债,2025-11-07,301398,星源卓镁,31.87,52.15,61.1122,4.5
118059,颀中转债,2025-11-03,688352,颀中科技,18.46,13.7,134.7445,8.5
123259,锦浪转02,2025-10-17,300763,锦浪科技,61.75,72.41,85.2783,16.765838
110099,福能转债,2025-10-13,600483,福能股份,10.8,9.49,113.804,38.02
113699,金25转债,2025-09-26,603979,金诚信,80.35,62.8,127.9459,20.0
113697,应流转债,2025-09-19,603308,应流股份,45.05,30.31,148.6308,15.0
123258,胜蓝转02,2025-08-28,300843,胜蓝股份,137.49,54.36,252.9249,4.5
127111,金威转债,2025-08-20,002626,金达威,16.91,19.19,88.1188,12.923948
113698,凯众转债,2025-08-15,603037,凯众股份,10.23,12.55,81.5139,3.08447
118058,微导转债,2025-08-06,688147,微导纳米,121.9,33.29,366.176,11.7
127110,广核转债,2025-07-09,003816,中国广核,4.18,3.58,116.7598,49.0
111023,利柏转债,2025-07-03,605167,利柏特,14.81,nan,nan,7.5
113696,伯25转债,2025-07-01,603596,伯特利,25.9,35.16,73.6633,28.02
118057,甬矽转债,2025-06-26,688362,甬矽电子,63.99,nan,nan,11.65
113695,华辰转债,2025-06-20,603097,江苏华辰,19.21,16.68,115.1679,4.6
111022,锡振转债,2025-06-18,605319,无锡振华,26.39,22.39,117.8651,5.2
123257,安克转债,2025-06-16,300866,安克创新,126.2,106.72,118.2534,11.0482
127109,电化转债,2025-06-16,002125,湘潭电化,13.18,9.99,131.9319,4.87
118056,路维转债,2025-06-11,688401,路维光电,69.12,35.29,195.8629,6.15
123256,恒帅转债,2025-05-29,300969,恒帅股份,77.41,nan,nan,3.2759
118055,伟测转债,2025-04-09,688372,伟测科技,127.83,nan,nan,11.75
113694,清源转债,2025-04-08,603628,清源股份,9.61,12.85,74.786,5.0
118054,安集转债,2025-04-07,688019,安集科技,248.06,nan,nan,8.305
123255,鼎龙转债,2025-04-02,300054,鼎龙股份,75.0,28.38,264.2706,9.1
127108,太能转债,2025-03-28,000591,太阳能,4.32,5.54,77.9783,29.5
123254,亿纬转债,2025-03-24,300014,亿纬锂能,55.47,nan,nan,50.0
113693,志邦转债,2025-03-18,603801,志邦家居,6.4,11.13,57.5022,6.7
118053,正帆转债,2025-03-18,688596,正帆科技,72.4,nan,nan,10.41095
118052,浩瀚转债,2025-03-13,688292,浩瀚深度,17.45,24.2,72.1074,3.5429
123253,永贵转债,2025-03-13,300351,永贵电器,14.26,18.19,78.3947,9.8
113070,渝水转债,2025-01-09,601158,重庆水务,4.13,4.72,87.5,19.0
123252,银邦转债,2025-01-07,300337,银邦股份,9.97,12.5,79.76,7.85
110098,南药转债,2024-12-25,600713,南京医药,5.28,4.95,106.6667,10.81491
123251,华医转债,2024-12-23,301235,华康洁净,46.88,nan,nan,7.5
118051,皓元转债,2024-11-28,688131,皓元医药,96.27,40.22,239.3585,8.2235
127107,领益转债,2024-11-18,002600,领益智造,12.5,nan,nan,21.374181
123250,嘉益转债,2024-11-07,301004,嘉益股份,35.2,79.66,44.1878,3.979384
113692,保隆转债,2024-10-31,603197,保隆科技,30.43,39.16,77.7068,13.9
113691,和邦转债,2024-10-28,603077,和邦生物,2.4,2.0,120.0,46.0
123249,英搏转债,2024-10-24,300681,英搏尔,21.9,nan,nan,8.171597
110097,天润转债,2024-10-24,600419,天润乳业,8.71,8.19,106.3492,9.9
113690,豪24转债,2024-10-23,603809,豪能股份,8.98,nan,nan,5.5
113689,洛凯转债,2024-10-17,603829,洛凯股份,15.37,nan,nan,4.03431
113688,国检转债,2024-10-17,603060,国检集团,5.5,6.45,85.2713,8.0
118050,航宇转债,2024-08-21,688239,航宇科技,49.29,24.81,198.6699,6.67
123248,恒辉转债,2024-08-21,300952,恒辉安防,16.46,nan,nan,5.0
123247,万凯转债,2024-08-16,301216,万凯新材,17.8,11.15,159.6413,27.0
123246,远信转债,2024-08-16,301053,远信工业,39.65,nan,nan,2.86467
123245,集智转债,2024-08-14,300553,集智股份,44.62,18.06,247.0653,2.546
127106,伟隆转债,2024-08-13,002871,伟隆股份,17.31,nan,nan,2.6971
110096,豫光转债,2024-08-12,600531,豫光金铅,13.95,nan,nan,7.1
118049,汇成转债,2024-08-07,688403,汇成股份,23.78,nan,nan,11.487
123244,松原转债,2024-08-01,300893,松原安全,14.39,nan,nan,4.1
111021,奥锐转债,2024-07-26,605116,奥锐特,20.53,24.6,83.4553,8.1212
111020,合顺转债,2024-07-22,605166,聚合顺,8.38,10.53,79.5821,3.38
113687,振华转债,2024-07-12,603067,振华股份,35.67,nan,nan,4.0621
123243,严牌转债,2024-07-10,301081,严牌股份,14.1,7.22,195.2909,4.678889
123242,赛龙转债,2024-07-08,301131,聚赛龙,33.65,nan,nan,2.5
123241,欧通转债,2024-07-05,300870,欧陆通,220.25,30.8,715.0974,6.445265
118048,利扬转债,2024-07-02,688135,利扬芯片,27.3,nan,nan,5.2
113686,泰瑞转债,2024-07-02,603289,泰瑞机器,8.86,8.0,110.75,3.378
113685,升24转债,2024-06-14,603305,旭升集团,11.27,nan,nan,28.0
111019,宏柏转债,2024-04-17,605366,宏柏新材,8.13,nan,nan,9.6
113684,湘泵转债,2024-04-01,603319,美湖股份,29.45,nan,nan,5.7739
113683,伟24转债,2024-03-28,603568,伟明环保,15.04,nan,nan,2.85
113682,益丰转债,2024-03-04,603939,益丰药房,22.99,31.44,73.1234,17.97432
127105,龙星转债,2024-02-01,002442,龙星科技,5.22,5.8,90.0,7.547539
123240,楚天转债,2024-01-31,300358,楚天科技,9.18,nan,nan,10.0
127104,姚记转债,2024-01-25,002605,姚记科技,17.36,19.58,88.6619,5.831273
123239,锋工转债,2024-01-19,300488,恒锋工具,31.7,nan,nan,6.2
123238,卡倍转02,2024-01-11,300863,卡倍亿,42.52,nan,nan,5.29
123237,佳禾转债,2024-01-04,300793,佳禾智能,11.33,13.46,84.1753,10.04
127103,东南转债,2024-01-03,002135,东南网架,6.73,5.59,120.3936,20.0
113681,镇洋转债,2023-12-29,603213,镇洋发展,13.96,10.95,127.4886,6.6
127102,浙建转债,2023-12-25,002761,浙江建投,7.2,10.17,70.7965,10.0
111018,华康转债,2023-12-25,605077,华康股份,11.02,15.97,69.0044,13.03023
123236,家联转债,2023-12-22,301193,家联科技,17.87,nan,nan,7.5
113069,博23转债,2023-12-22,601137,博威合金,21.12,nan,nan,17.0
127101,豪鹏转债,2023-12-22,001283,豪鹏科技,45.84,nan,nan,11.0
123235,亿田转债,2023-12-21,300911,亿田智能,22.14,21.31,103.8949,5.2021
127100,神码转债,2023-12-21,000034,神州数码,23.64,nan,nan,13.38999
118046,诺泰转债,2023-12-15,688076,ST诺泰,27.56,nan,nan,4.34
123234,中能转债,2023-12-11,300062,中能电气,6.18,nan,nan,4.0
127099,盛航转债,2023-12-06,001205,盛航股份,14.4,15.33,93.9335,7.4
123233,凯盛转债,2023-11-29,301069,凯盛新材,16.57,nan,nan,6.5
123232,金现转债,2023-11-27,300830,金现代,7.92,nan,nan,2.025125
127098,欧晶转债,2023-11-24,001269,欧晶科技,19.05,42.0,45.3571,4.7
113680,丽岛转债,2023-11-15,603937,丽岛新材,11.69,12.91,90.55,3.0
123231,信测转债,2023-11-09,300938,信测标准,27.63,nan,nan,5.45
123230,金钟转债,2023-11-09,301133,金钟股份,30.96,nan,nan,3.5
127097,三羊转债,2023-10-26,001317,三羊马,52.83,nan,nan,2.1
113679,芯能转债,2023-10-26,603105,芯能科技,7.88,12.55,62.7888,8.8
127096,泰坦转债,2023-10-25,003036,泰坦股份,53.96,13.2,408.7879,2.955
123229,艾录转债,2023-10-23,301062,上海艾录,7.09,9.95,71.2563,5.0
123228,震裕转债,2023-10-20,300953,震裕科技,94.5,nan,nan,11.95
123227,雅创转债,2023-10-20,301099,雅创电子,52.17,nan,nan,3.63
113678,中贝转债,2023-10-19,603220,中贝通信,18.91,20.47,92.3791,5.17
127095,广泰转债,2023-10-18,002111,威海广泰,9.41,8.83,106.5685,7.0
127094,红墙转债,2023-10-18,002809,红墙股份,8.7,nan,nan,3.16
127093,章鼓转债,2023-10-17,002598,ST章鼓,6.86,8.3,82.6506,2.43
123226,中富转债,2023-10-16,300814,中富电路,137.88,nan,nan,5.2
123225,翔丰转债,2023-10-10,300890,翔丰华,27.71,27.34,101.3533,8.0
127092,运机转债,2023-09-21,001288,运机集团,25.87,11.91,217.2124,7.3
123224,宇邦转债,2023-09-19,301266,宇邦新材,23.26,28.17,82.5701,5.0
123223,九典转02,2023-09-15,300705,九典制药,11.46,14.55,78.7629,3.6
113677,华懋转债,2023-09-14,603306,华懋科技,77.47,33.66,230.1545,10.5
118045,盟升转债,2023-09-12,688311,盟升电子,22.93,nan,nan,3.0
118044,赛特转债,2023-09-11,688398,赛特新材,20.35,18.85,107.9576,4.42
123222,博俊转债,2023-09-08,300926,博俊科技,17.18,16.46,104.3742,5.0
123221,力诺转债,2023-08-23,301188,力诺药包,38.03,nan,nan,5.0
127091,科数转债,2023-08-23,002335,科华数据,30.83,nan,nan,14.92068
113676,荣23转债,2023-08-18,603165,荣晟环保,14.23,nan,nan,5.76
123220,易瑞转债,2023-08-18,300942,易瑞生物,6.83,8.85,77.1751,3.281967
111017,蓝天转债,2023-08-15,605368,蓝天燃气,6.74,6.72,100.2976,8.7
118043,福立转债,2023-08-14,688678,福立旺,20.45,nan,nan,7.0
123219,宇瞳转债,2023-08-11,300790,宇瞳光学,19.74,nan,nan,6.0
113675,新23转债,2023-08-11,603179,新泉股份,39.81,nan,nan,11.6
123218,宏昌转债,2023-08-10,301008,宏昌科技,39.19,nan,nan,3.8
118042,奥维转债,2023-08-10,688516,奥特维,45.55,83.69,54.4271,11.4
110095,双良转债,2023-08-08,600481,双良节能,4.34,6.18,70.2265,26.0
123217,富仕转债,2023-08-08,300852,四会富仕,46.52,nan,nan,5.7
123216,科顺转债,2023-08-04,300737,科顺股份,4.87,6.61,73.6762,21.98
123215,铭利转债,2023-08-03,301268,铭利达,13.41,19.19,69.8801,10.0
118041,星球转债,2023-07-31,688633,星球石墨,23.89,nan,nan,6.2
123214,东宝转债,2023-07-31,300239,东宝生物,5.17,6.62,78.0967,4.55
123213,天源转债,2023-07-28,301127,武汉天源,19.48,7.1,274.3662,10.0
113068,金铜转债,2023-07-28,601609,金田股份,13.35,nan,nan,14.5
123211,阳谷转债,2023-07-27,300121,阳谷华泰,9.87,9.2,107.2826,6.5
113067,燃23转债,2023-07-27,601139,深圳燃气,6.35,7.24,87.7072,30.0
123210,信服转债,2023-07-27,300454,深信服,120.0,nan,nan,12.14756
123212,立中转债,2023-07-27,300428,立中集团,19.13,nan,nan,8.998
123209,聚隆转债,2023-07-26,300644,南京聚隆,20.4,17.52,116.4384,2.185
118040,宏微转债,2023-07-25,688711,宏微科技,26.25,nan,nan,4.3
111016,神通转债,2023-07-25,605228,神通科技,10.49,nan,nan,5.77
123208,孩王转债,2023-07-24,301078,孩子王,7.18,nan,nan,10.39
127090,兴瑞转债,2023-07-24,002937,兴瑞科技,32.11,nan,nan,4.62
123207,冠中转债,2023-07-21,300948,冠中生态,20.84,10.44,199.6169,4.0
113674,华设转债,2023-07-21,603018,华设集团,5.28,6.95,75.9712,4.0
118039,煜邦转债,2023-07-20,688597,煜邦电力,6.6,7.3,90.411,4.10806
123206,开能转债,2023-07-20,300272,开能健康,5.93,nan,nan,2.5
113673,岱美转债,2023-07-18,603730,岱美股份,10.87,7.12,152.6685,9.07939
127089,晶澳转债,2023-07-18,002459,晶澳科技,7.18,8.9,80.6742,89.603077
113672,福蓉转债,2023-07-18,603327,福蓉科技,9.54,nan,nan,6.4
110094,众和转债,2023-07-18,600888,新疆众和,10.54,nan,nan,13.75
118038,金宏转债,2023-07-17,688106,金宏气体,28.22,nan,nan,10.16
123205,大叶转债,2023-07-17,300879,大叶股份,16.75,nan,nan,4.760312
123204,金丹转债,2023-07-13,300829,金丹科技,14.86,nan,nan,7.0
113671,武进转债,2023-07-10,603878,武进不锈,5.08,7.88,64.467,3.1
111015,东亚转债,2023-07-06,605177,东亚药业,20.07,20.28,98.9645,6.9
118037,上声转债,2023-07-06,688533,上声电子,20.94,28.64,73.1145,5.2
127088,赫达转债,2023-07-03,002810,山东赫达,21.5,16.61,129.4401,6.0
123202,祥源转债,2023-07-03,300980,祥源新材,23.37,nan,nan,4.6
123203,明电转02,2023-07-03,300739,明阳电路,23.14,nan,nan,4.485
118036,力合转债,2023-06-28,688589,力合微,19.51,18.5,105.4595,3.8
123201,纽泰转债,2023-06-27,301229,纽泰格,12.2,nan,nan,3.5
123200,海泰转债,2023-06-27,301022,海泰科,22.8,nan,nan,3.965716
111014,李子转债,2023-06-20,605337,李子园,9.24,18.21,50.7414,6.0
127087,星帅转2,2023-06-14,002860,星帅尔,14.92,nan,nan,4.629
123199,山河转债,2023-06-12,300452,山河药辅,12.94,13.0,99.5385,3.2
127086,恒邦转债,2023-06-12,002237,恒邦股份,15.36,nan,nan,31.6
118035,国力转债,2023-06-12,688103,国力电子,77.22,62.31,123.9287,4.8
123198,金埔转债,2023-06-08,301098,金埔园林,9.17,nan,nan,5.2
123197,光力转债,2023-05-08,300480,光力科技,32.12,nan,nan,4.0
118034,晶能转债,2023-04-20,688223,晶科能源,4.16,6.35,65.5118,100.0
123196,正元转02,2023-04-18,300645,正元智慧,13.26,21.91,60.5203,3.5073
123195,蓝晓转02,2023-04-17,300487,蓝晓科技,63.5,59.21,107.2454,5.460645
113670,金23转债,2023-04-17,603180,金牌家居,15.35,37.54,40.8897,7.7
123194,百洋转债,2023-04-14,301015,百洋医药,24.6,24.79,99.2336,8.6
123193,海能转债,2023-04-13,300787,海能实业,10.01,14.5,69.0345,6.0
123192,科思转债,2023-04-13,300856,科思股份,10.92,17.32,63.0485,7.249178
127085,韵达转债,2023-04-11,002120,韵达股份,6.69,11.53,58.0225,24.5
123191,智尚转债,2023-04-10,300918,南山智尚,10.74,nan,nan,6.9958
123190,道氏转02,2023-04-07,300409,道氏技术,18.52,nan,nan,26.0
123189,晓鸣转债,2023-04-06,300967,晓鸣股份,17.45,15.18,114.9539,3.29
113669,景23转债,2023-04-04,603228,景旺电子,96.74,nan,nan,11.54
123187,超达转债,2023-04-04,301186,超达装备,34.6,21.77,158.9343,4.69
123188,水羊转债,2023-04-04,300740,水羊股份,21.99,nan,nan,6.94987
123185,能辉转债,2023-03-31,301046,能辉科技,23.39,nan,nan,3.47907
123186,志特转债,2023-03-31,300986,志特新材,11.67,nan,nan,6.14033
113668,鹿山转债,2023-03-27,603051,鹿山新材,20.88,nan,nan,5.24
127084,柳工转2,2023-03-27,000528,柳工,7.95,6.98,113.8968,30.0
127083,山路转债,2023-03-24,000498,山东路桥,4.94,7.42,66.5768,48.36
123183,海顺转债,2023-03-23,300501,海顺新材,10.07,11.63,86.5864,6.33
123184,天阳转债,2023-03-23,300872,天阳科技,16.07,nan,nan,9.75
123182,广联转债,2023-03-22,300900,广联航空,23.27,nan,nan,7.0
118033,华特转债,2023-03-21,688268,华特气体,148.28,nan,nan,6.46
123181,亚康转债,2023-03-21,301085,亚康股份,59.32,nan,nan,2.61
113667,春23转债,2023-03-17,603890,春秋电子,18.16,9.95,182.5126,5.7
113066,平煤转债,2023-03-16,601666,平煤股份,9.91,7.46,132.8418,29.0
110093,神马转债,2023-03-16,600810,神马股份,6.57,8.08,81.3119,30.0
123180,浙矿转债,2023-03-09,300837,浙矿股份,22.92,47.59,48.1614,3.2
127082,亚科转债,2023-03-09,002540,亚太科技,5.12,5.22,98.0843,11.59
111013,新港转债,2023-03-08,605162,新中港,9.79,nan,nan,3.69135
118032,建龙转债,2023-03-08,688357,建龙微纳,26.33,71.41,36.8716,7.0
123179,立高转债,2023-03-07,300973,立高食品,25.05,94.64,26.4687,9.5
123178,花园转债,2023-03-06,300401,花园生物,15.2,13.34,113.943,12.0
127081,中旗转债,2023-03-03,001212,中旗新材,34.22,nan,nan,5.4
123176,精测转2,2023-03-02,300567,精测电子,221.8,64.51,343.8227,12.76
123177,测绘转债,2023-03-02,300826,测绘股份,14.66,nan,nan,4.066821
113666,爱玛转债,2023-02-23,603529,爱玛科技,21.48,37.06,57.9601,20.0
123175,百畅转债,2023-02-22,300614,百川畅银,10.78,20.4,52.8431,4.2
123174,精锻转债,2023-02-15,300258,精锻科技,9.56,nan,nan,9.8
118031,天23转债,2023-02-13,688599,天合光能,12.54,16.0,78.375,88.64751
110092,三房转债,2023-01-06,600370,*ST三房,1.57,3.02,51.9868,25.0
111012,福新转债,2023-01-04,605488,福莱新材,29.5,11.11,265.5266,4.29018
111011,冠盛转债,2023-01-03,605088,冠盛股份,20.36,nan,nan,6.0165
127080,声迅转债,2022-12-30,003004,声迅股份,70.5,28.94,243.6075,2.8
118030,睿创转债,2022-12-30,688002,睿创微纳,161.7,38.66,418.2618,15.6469
123173,恒锋转债,2022-12-30,300605,恒锋信息,10.23,10.0,102.3,2.424357
127079,华亚转债,2022-12-16,003043,华亚智能,80.13,nan,nan,3.4
113665,汇通转债,2022-12-15,603176,汇通集团,5.26,6.28,83.758,3.6
123172,漱玉转债,2022-12-15,301017,漱玉平民,13.39,14.91,89.8055,8.0
118029,富淼转债,2022-12-15,688350,富淼科技,27.73,nan,nan,4.5
127078,优彩转债,2022-12-14,002998,优彩资源,8.04,6.11,131.5876,6.0
110091,合力转债,2022-12-13,600761,安徽合力,16.37,nan,nan,20.47505
118028,会通转债,2022-12-06,688219,会通股份,10.51,nan,nan,8.3
113664,大元转债,2022-12-05,603757,大元泵业,67.8,nan,nan,4.5
127077,华宏转债,2022-12-02,002645,华宏科技,19.51,nan,nan,5.15
113065,齐鲁转债,2022-11-29,601665,齐鲁银行,6.55,nan,nan,80.0
113663,新化转债,2022-11-28,603867,新化股份,30.07,nan,nan,6.5
123171,共同转债,2022-11-28,300966,共同药业,24.85,27.08,91.7651,3.8
118027,宏图转债,2022-11-28,688066,*ST航图,8.09,13.12,61.6616,10.088
113662,豪能转债,2022-11-25,603809,豪能股份,8.98,nan,nan,5.0
123170,南电转债,2022-11-24,300346,南大光电,56.61,nan,nan,9.0
123168,惠云转债,2022-11-23,300891,惠云钛业,7.56,10.74,70.3911,4.9
123169,正海转债,2022-11-23,300224,正海磁材,11.51,nan,nan,14.0
113661,福22转债,2022-11-22,603806,福斯特,15.34,14.59,105.1405,30.3
113660,寿22转债,2022-11-17,603896,寿仙谷,14.71,36.84,39.9294,3.98
123167,商络转债,2022-11-17,300975,商络电子,25.91,nan,nan,3.965
113064,东材转债,2022-11-16,601208,东材科技,49.1,nan,nan,14.0
111010,立昂转债,2022-11-14,605358,立昂微,44.58,nan,nan,33.9
111009,盛泰转债,2022-11-07,605138,盛泰集团,5.88,10.51,55.9467,7.0118
123166,蒙泰转债,2022-11-02,300876,蒙泰高新,15.5,nan,nan,3.0
113063,赛轮转债,2022-11-02,601058,赛轮轮胎,13.99,nan,nan,20.08985
111008,沿浦转债,2022-11-02,605128,上海沿浦,23.49,nan,nan,3.84
123165,回天转债,2022-10-27,300041,回天新材,10.96,15.05,72.8239,8.5
127076,中宠转2,2022-10-25,002891,中宠股份,28.4,nan,nan,7.690459
118026,利元转债,2022-10-24,688499,利元亨,35.34,nan,nan,9.5
118025,奕瑞转债,2022-10-24,688301,奕瑞科技,98.38,nan,nan,14.3501
118024,冠宇转债,2022-10-24,688772,珠海冠宇,15.03,22.51,66.7703,30.89043
123164,法本转债,2022-10-21,300925,法本信息,14.64,nan,nan,6.006616
127075,百川转2,2022-10-19,002455,百川股份,7.78,nan,nan,9.78
123163,金沃转债,2022-10-14,300984,金沃股份,31.57,nan,nan,3.1
113659,莱克转债,2022-10-14,603355,莱克电气,29.01,31.72,91.4565,12.0
123162,东杰转债,2022-10-14,300486,东杰智能,19.3,nan,nan,5.7
127074,麦米转2,2022-10-13,002851,麦格米特,127.66,nan,nan,12.2
118023,广大转债,2022-10-13,688186,广大特材,14.08,nan,nan,15.5
123161,强联转债,2022-10-11,300850,新强联,24.81,nan,nan,12.1
118022,锂科转债,2022-10-11,688779,五矿新能,8.16,15.49,52.6791,32.5
111007,永和转债,2022-10-11,605020,永和股份,33.56,nan,nan,8.0
113657,再22转债,2022-09-29,603601,再升科技,9.04,nan,nan,5.1
123160,泰福转债,2022-09-28,300992,泰福泵业,24.76,19.7,125.6853,3.3489
118021,新致转债,2022-09-27,688590,新致软件,12.8,nan,nan,4.8481
123159,崧盛转债,2022-09-27,301002,崧盛股份,28.33,nan,nan,2.9435
123158,宙邦转债,2022-09-26,300037,新宙邦,65.39,40.49,161.4967,19.7
110090,爱迪转债,2022-09-23,600933,爱柯迪,13.88,17.15,80.9329,15.7
127073,天赐转债,2022-09-23,002709,天赐材料,37.27,nan,nan,34.105
118020,芳源转债,2022-09-23,688148,芳源股份,6.31,9.0,70.1111,6.42
110089,兴发转债,2022-09-22,600141,兴发集团,31.15,nan,nan,28.0
127072,博实转债,2022-09-22,002698,博实股份,12.26,14.81,82.7819,4.5
118019,金盘转债,2022-09-16,688676,金盘科技,66.77,nan,nan,9.76702
113658,密卫转债,2022-09-16,603713,密尔克卫,64.22,nan,nan,8.72388
113062,常银转债,2022-09-15,601128,常熟银行,6.23,5.25,118.6667,60.0
110088,淮22转债,2022-09-14,600985,淮北矿业,18.13,nan,nan,30.0
113656,嘉诚转债,2022-09-01,603535,嘉诚国际,6.26,10.33,60.6002,8.0
123157,科蓝转债,2022-08-30,300663,科蓝软件,8.61,8.8,97.8409,4.946
127071,天箭转债,2022-08-22,003009,中天火箭,47.28,nan,nan,4.95
118018,瑞科转债,2022-08-18,688323,瑞华泰,27.59,nan,nan,4.3
127070,大中转债,2022-08-17,001203,大中矿业,27.58,10.56,261.1742,15.2
123156,博汇转债,2022-08-16,300839,博汇股份,12.67,nan,nan,3.97
127068,顺博转债,2022-08-12,002996,顺博合金,6.24,10.0,62.4,8.3
127069,小熊转债,2022-08-12,002959,小熊电器,32.73,43.71,74.8799,5.36
123155,中陆转债,2022-08-12,301040,中环海陆,27.19,31.76,85.6108,3.6
111006,嵘泰转债,2022-08-11,605133,嵘泰股份,27.5,nan,nan,6.5067
118017,深科转债,2022-08-08,688328,深科达,88.28,nan,nan,3.6
123154,火星转债,2022-08-05,300894,火星人,11.78,16.0,73.625,5.28999
118016,京源转债,2022-08-05,688096,京源环保,8.71,6.91,126.0492,3.325
113655,欧22转债,2022-08-05,603833,欧派家居,32.58,51.29,63.5212,20.0
113654,永02转债,2022-08-04,603901,永创智能,9.53,nan,nan,6.10547
113653,永22转债,2022-07-28,603681,永冠新材,18.52,nan,nan,7.7
113652,伟22转债,2022-07-22,603568,伟明环保,15.04,19.02,79.0747,14.77
118015,芯海转债,2022-07-21,688595,芯海科技,28.67,55.22,51.9196,4.1
123153,英力转债,2022-07-21,300956,英力股份,11.15,nan,nan,3.4
127067,恒逸转2,2022-07-21,000703,恒逸石化,19.2,10.32,186.0465,30.0
123152,润禾转债,2022-07-21,300727,润禾材料,29.38,nan,nan,2.9235
113651,松霖转债,2022-07-20,603992,松霖科技,21.23,nan,nan,6.1
118014,高测转债,2022-07-18,688556,高测股份,8.24,nan,nan,4.833
113061,拓普转债,2022-07-14,601689,拓普集团,47.43,nan,nan,25.0
127066,科利转债,2022-07-08,002850,科达利,181.37,nan,nan,15.343705
118013,道通转债,2022-07-08,688208,道通科技,25.77,21.48,119.9721,12.8
118012,微芯转债,2022-07-05,688321,微芯生物,26.19,25.34,103.3544,5.0
118011,银微转债,2022-07-04,688689,银河微电,40.65,nan,nan,5.0
123151,康医转债,2022-07-01,300869,康泰医学,11.6,27.55,42.1053,7.0
113650,博22转债,2022-07-01,603916,苏博特,11.5,23.27,49.4199,8.0
123150,九强转债,2022-06-30,300406,九强生物,11.77,11.6,101.4655,11.39
118010,洁特转债,2022-06-28,688026,洁特生物,15.65,47.88,32.6859,4.4
113649,丰山转债,2022-06-27,603810,丰山集团,12.48,13.61,91.6973,5.0
118009,华锐转债,2022-06-24,688059,华锐精密,89.26,nan,nan,4.0
110087,天业转债,2022-06-23,600075,新疆天业,4.69,5.6,83.75,30.0
118008,海优转债,2022-06-23,688680,海优新材,33.35,nan,nan,6.94
111005,富春转债,2022-06-23,605189,富春染织,15.02,nan,nan,5.7
127065,瑞鹄转债,2022-06-22,002997,瑞鹄模具,28.7,nan,nan,4.398
123149,通裕转债,2022-06-20,300185,通裕重工,2.72,2.71,100.369,14.8472
113060,浙22转债,2022-06-14,601878,浙商证券,9.38,nan,nan,70.0
123148,上能转债,2022-06-14,300827,上能电气,25.88,nan,nan,4.2
123147,中辰转债,2022-05-31,300933,中辰股份,6.62,nan,nan,5.70537
113059,福莱转债,2022-05-20,601865,福莱特,9.94,41.56,23.9172,40.0
127064,杭氧转债,2022-05-19,002430,杭氧股份,24.65,25.67,96.0265,11.37
123146,中环转2,2022-05-06,300692,中赋科技,9.01,nan,nan,8.64
113648,巨星转债,2022-04-25,603477,巨星农牧,15.14,24.84,60.9501,10.0
127063,贵轮转债,2022-04-22,000589,贵州轮胎,4.33,nan,nan,18.0
110086,精工转债,2022-04-22,600496,精工钢构,3.35,4.57,73.3042,20.0
113647,禾丰转债,2022-04-22,603609,禾丰股份,6.46,10.09,64.0238,15.0
127062,垒知转债,2022-04-21,002398,垒知集团,4.21,7.56,55.6878,3.963
123145,药石转债,2022-04-20,300725,药石科技,46.83,nan,nan,11.5
127061,美锦转债,2022-04-20,000723,美锦能源,3.9,3.47,112.3919,35.9
127060,湘佳转债,2022-04-19,002982,湘佳股份,12.56,13.8,91.0145,6.4
113644,艾迪转债,2022-04-15,603638,艾迪精密,18.92,nan,nan,10.0
113646,永吉转债,2022-04-14,603058,永吉股份,9.27,8.05,115.1553,1.45868
123144,裕兴转债,2022-04-11,300305,裕兴股份,6.13,7.0,87.5714,6.0
127059,永东转2,2022-04-08,002753,永东股份,6.64,8.11,81.8742,3.8
123143,胜蓝转债,2022-03-31,300843,胜蓝股份,137.49,nan,nan,3.3
113058,友发转债,2022-03-30,601686,友发集团,5.22,4.48,116.5179,20.0
111004,明新转债,2022-03-30,605068,明新旭腾,17.42,24.37,71.4813,6.73
113643,风语转债,2022-03-25,603466,风语筑,11.09,11.8,93.9831,5.0
113057,中银转债,2022-03-24,601881,中国银河,12.31,nan,nan,78.0
113056,重银转债,2022-03-23,601963,重庆银行,11.0,9.22,119.3059,130.0
118007,山石转债,2022-03-22,688030,山石网科,16.95,16.5,102.7273,2.6743
127058,科伦转债,2022-03-18,002422,科伦药业,42.28,nan,nan,30.0
123142,申昊转债,2022-03-18,300853,申昊科技,26.86,33.71,79.6796,5.5
118006,阿拉转债,2022-03-15,688179,阿拉丁,20.23,nan,nan,3.874
123141,宏丰转债,2022-03-15,300283,温州宏丰,13.42,nan,nan,3.2126
123140,天地转债,2022-03-14,300743,天地数码,14.52,nan,nan,1.72
123139,铂科转债,2022-03-11,300811,铂科新材,78.87,nan,nan,4.3
111003,聚合转债,2022-03-07,605166,聚合顺,8.38,8.85,94.6893,2.04
127057,盘龙转债,2022-03-03,002864,盘龙药业,22.77,nan,nan,2.76
113055,成银转债,2022-03-03,601838,成都银行,18.76,nan,nan,80.0
123138,丝路转债,2022-03-02,300556,丝路视觉,16.19,26.53,61.0253,2.4
113642,上22转债,2022-03-01,603185,弘元绿能,16.15,nan,nan,24.7
127056,中特转债,2022-02-25,000708,中信特钢,13.95,13.89,100.432,50.0
113054,绿动转债,2022-02-25,601330,绿色动力,7.07,8.67,81.5456,23.6
113641,华友转债,2022-02-24,603799,华友钴业,40.18,nan,nan,76.0
110085,通22转债,2022-02-24,600438,通威股份,11.9,34.6,34.3931,120.0
127055,精装转债,2022-02-22,002989,中天精装,23.7,18.5,128.1081,5.77
113640,苏利转债,2022-02-16,603585,苏利股份,10.3,10.84,95.0185,9.57211
127054,双箭转债,2022-02-11,002381,双箭股份,5.55,6.96,79.7414,5.1364
123137,锦浪转债,2022-02-10,300763,锦浪科技,61.75,nan,nan,8.97
118005,天奈转债,2022-01-27,688116,天奈科技,33.58,99.01,33.9158,8.3
127053,豪美转债,2022-01-24,002988,豪美新材,24.44,17.23,141.8456,8.24
113639,华正转债,2022-01-24,603186,华正新材,183.39,nan,nan,5.7
123136,城市转债,2022-01-21,300778,新城市,10.43,nan,nan,4.6
113053,隆22转债,2022-01-05,601012,隆基绿能,12.15,17.5,69.4286,70.0
118004,博瑞转债,2022-01-04,688166,博瑞医药,35.77,nan,nan,4.65
113638,台21转债,2021-12-29,603055,台华新材,9.3,16.01,58.0887,6.0
123135,泰林转债,2021-12-28,300813,泰林生物,21.43,nan,nan,2.1
123134,卡倍转债,2021-12-27,300863,卡倍亿,42.52,nan,nan,2.79
113052,兴业转债,2021-12-27,601166,兴业银行,18.01,20.13,89.4685,500.0
110084,贵燃转债,2021-12-27,600903,贵州燃气,6.21,6.42,96.729,10.0
127052,西子转债,2021-12-24,002534,西子洁能,15.1,nan,nan,11.1
123133,佩蒂转债,2021-12-22,300673,佩蒂股份,12.81,15.0,85.4,7.2
113637,华翔转债,2021-12-22,603112,华翔股份,15.89,nan,nan,8.0
123132,回盛转债,2021-12-17,300871,回盛生物,23.04,nan,nan,7.0
113636,甬金转债,2021-12-13,603995,甬金股份,25.1,26.22,95.7285,10.0
113635,升21转债,2021-12-10,603305,旭升集团,11.27,nan,nan,13.5
113634,珀莱转债,2021-12-08,603605,珀莱雅,62.34,94.27,66.1292,7.51713
111002,特纸转债,2021-12-08,605007,五洲特纸,14.84,13.49,110.0074,6.7
123131,奥飞转债,2021-12-03,300738,奥飞数据,20.86,10.05,207.5622,6.35
113633,科沃转债,2021-11-30,603486,科沃斯,53.03,172.97,30.6585,10.4
118003,华兴转债,2021-11-29,688001,华兴源创,55.03,nan,nan,8.0
113632,鹤21转债,2021-11-17,603733,仙鹤股份,21.71,nan,nan,20.5
127051,博杰转债,2021-11-17,002975,博杰股份,108.06,nan,nan,5.26
127050,麒麟转债,2021-11-11,002984,森麒麟,14.13,15.07,93.7624,21.989391
110083,苏租转债,2021-11-11,600901,江苏金租,6.54,nan,nan,50.0
123130,设研转债,2021-11-11,300732,设研院,6.0,nan,nan,3.76
113631,皖天转债,2021-11-08,603689,皖天然气,7.6,6.51,116.7435,9.3
111001,山玻转债,2021-11-08,605006,山东玻纤,14.13,nan,nan,6.0
123129,锦鸡转债,2021-11-04,300798,锦鸡股份,7.88,nan,nan,6.0
127049,希望转2,2021-11-02,000876,新希望,7.07,10.59,66.7611,81.5
123128,首华转债,2021-11-01,300483,首华燃气,25.58,nan,nan,13.794971
123127,耐普转债,2021-10-29,300818,耐普矿机,19.14,nan,nan,4.0
110082,宏发转债,2021-10-28,600885,宏发股份,34.02,nan,nan,20.0
113630,赛伍转债,2021-10-27,603212,赛伍技术,11.72,nan,nan,7.0
127048,中大转债,2021-10-26,002896,中大力德,64.52,nan,nan,2.7
127047,帝欧转债,2021-10-25,002798,帝欧水华,5.88,5.1,115.2941,15.0
127046,百润转债,2021-09-29,002568,百润股份,17.49,20.33,86.0305,11.28
113629,泉峰转债,2021-09-14,603982,泉峰汽车,6.19,nan,nan,6.2
123126,瑞丰转债,2021-09-10,300243,瑞丰高材,17.11,nan,nan,3.4
123125,元力转债,2021-09-06,300174,元力股份,19.63,nan,nan,9.0
113628,晨丰转债,2021-08-23,603685,晨丰科技,24.08,nan,nan,4.15
127045,牧原转债,2021-08-16,002714,牧原股份,40.8,43.32,94.1828,95.5
123124,晶瑞转2,2021-08-16,300655,晶瑞电材,13.14,12.79,102.7365,5.23
127044,蒙娜转债,2021-08-16,002918,蒙娜丽莎,10.3,19.76,52.1255,11.6893
118002,天合转债,2021-08-13,688599,天合光能,12.54,nan,nan,52.52
127043,川恒转债,2021-08-12,002895,川恒股份,33.02,nan,nan,11.6
123123,江丰转债,2021-08-12,300666,江丰电子,248.18,nan,nan,5.165
127042,嘉美转债,2021-08-09,002969,嘉美包装,12.52,nan,nan,7.5
123122,富瀚转债,2021-08-06,300613,富瀚微,70.68,91.5,77.2459,5.8119
123121,帝尔转债,2021-08-05,300776,帝尔激光,115.81,nan,nan,8.4
123120,隆华转债,2021-07-30,300263,隆华科技,10.58,nan,nan,7.989283
110081,闻泰转债,2021-07-28,600745,*ST闻泰,19.11,18.36,104.085,86.0
118001,金博转债,2021-07-23,688598,金博股份,37.6,nan,nan,5.99901
113627,太平转债,2021-07-15,603877,太平鸟,12.5,20.61,60.6502,8.0
123119,康泰转2,2021-07-15,300601,康泰生物,13.55,15.69,86.3607,20.0
127041,弘亚转债,2021-07-12,002833,弘亚数控,18.55,nan,nan,6.0
123118,惠城转债,2021-07-07,300779,惠城环保,68.53,10.33,663.4075,3.2
127040,国泰转债,2021-07-07,002091,江苏国泰,7.84,7.35,106.6667,45.574186
127039,北港转债,2021-06-29,000582,北部湾港,10.89,nan,nan,30.0
113626,伯特转债,2021-06-29,603596,伯特利,25.9,nan,nan,9.02
123117,健帆转债,2021-06-23,300529,健帆生物,15.9,38.15,41.6776,10.0
113051,节能转债,2021-06-21,601016,节能风电,3.41,3.33,102.4024,30.0
113050,南银转债,2021-06-15,601009,南京银行,11.62,nan,nan,200.0
113625,江山转债,2021-06-11,603208,江山欧派,11.31,19.84,57.006,5.83
113049,长汽转债,2021-06-10,601633,长城汽车,15.29,38.74,39.4682,35.0
127038,国微转债,2021-06-10,002049,紫光国微,63.25,97.01,65.1995,15.0
123116,万兴转债,2021-06-09,300624,万兴科技,46.89,nan,nan,3.7875
123115,捷捷转债,2021-06-08,300623,捷捷微电,30.96,nan,nan,11.95
127037,银轮转债,2021-06-07,002126,银轮股份,42.3,10.27,411.8792,7.0
127036,三花转债,2021-06-01,002050,三花智控,36.82,nan,nan,30.0
127035,濮耐转债,2021-05-26,002225,濮耐股份,3.67,nan,nan,6.263903
123114,三角转债,2021-05-25,300775,三角防务,21.46,22.69,94.5791,9.043727
111000,起帆转债,2021-05-24,605222,起帆电缆,20.42,17.29,118.1029,10.0
127034,绿茵转债,2021-04-30,002887,绿茵生态,9.71,11.21,86.6191,7.12
113624,正川转债,2021-04-28,603976,正川股份,28.78,nan,nan,4.05
113048,晶科转债,2021-04-23,601778,晶科科技,3.73,4.47,83.4452,30.0
123113,仙乐转债,2021-04-19,300791,仙乐健康,17.37,31.69,54.8122,10.248929
127033,中装转2,2021-04-16,002822,ST中装,3.19,3.79,84.1689,11.6
110080,东湖转债,2021-04-12,600133,东湖高新,8.31,nan,nan,15.5
127032,苏行转债,2021-04-12,002966,苏州银行,8.76,nan,nan,50.0
113047,旗滨转债,2021-04-09,601636,旗滨集团,5.85,nan,nan,15.0
113623,凤21转债,2021-04-08,603225,新凤鸣,20.42,nan,nan,25.0
123112,万讯转债,2021-04-08,300112,万讯自控,10.7,6.43,166.4075,2.457212
123111,东财转3,2021-04-07,300059,东方财富,19.62,nan,nan,158.0
123110,九典转债,2021-04-01,300705,九典制药,11.46,nan,nan,2.7
123109,昌红转债,2021-04-01,300151,昌红科技,16.53,26.64,62.0495,4.6
123108,乐普转2,2021-03-30,300003,乐普医疗,12.14,nan,nan,16.38
110079,杭银转债,2021-03-29,600926,杭州银行,16.8,nan,nan,150.0
123107,温氏转债,2021-03-29,300498,温氏股份,14.18,16.09,88.1293,92.97
127031,洋丰转债,2021-03-25,000902,新洋丰,14.39,16.79,85.7058,10.0
113622,杭叉转债,2021-03-25,603298,杭叉集团,26.36,nan,nan,11.5
123106,正丹转债,2021-03-24,300641,正丹股份,14.08,nan,nan,3.2
113046,金田转债,2021-03-22,601609,金田股份,13.35,10.18,131.1395,15.0
128145,日丰转债,2021-03-22,002953,日丰股份,11.88,nan,nan,3.8
127030,盛虹转债,2021-03-22,000301,东方盛虹,13.63,13.21,103.1794,50.0
123105,拓尔转债,2021-03-19,300229,拓尔思,13.31,nan,nan,8.0
127029,中钢转债,2021-03-19,000928,中钢国际,5.16,nan,nan,9.6
123104,卫宁转债,2021-03-16,300253,卫宁健康,6.82,7.02,97.151,9.70265
123103,震安转债,2021-03-12,300767,震安科技,19.36,nan,nan,2.85
123102,华自转债,2021-03-12,300490,华自科技,11.49,nan,nan,6.7
123101,拓斯转债,2021-03-10,300607,拓斯达,35.76,nan,nan,6.7
113620,傲农转债,2021-03-10,603363,傲农生物,2.98,nan,nan,10.0
113045,环旭转债,2021-03-04,601231,环旭电子,27.55,nan,nan,34.5
128144,利民转债,2021-03-01,002734,利民股份,16.27,nan,nan,9.8
118000,嘉元转债,2021-02-23,688388,嘉元科技,29.32,nan,nan,12.4
404005,普利退债,2021-02-09,400266,R普利1,nan,3.0,nan,8.5
123099,普利转退,2021-02-09,300630,普利退,nan,nan,nan,8.5
123100,朗科转债,2021-02-09,300543,朗科智能,7.76,nan,nan,3.8
123098,一品转债,2021-01-28,300723,一品红,37.57,nan,nan,4.8
123097,美力转债,2021-01-27,300611,美力科技,24.14,nan,nan,3.0
113621,彤程转债,2021-01-26,603650,彤程新材,63.98,nan,nan,8.0018
123096,思创转债,2021-01-26,300078,思创智联,3.14,nan,nan,8.17
113042,上银转债,2021-01-25,601229,上海银行,9.55,8.35,114.3713,200.0
123094,星源转2,2021-01-20,300568,星源材质,15.53,nan,nan,10.0
113619,世运转债,2021-01-20,603920,世运电路,38.83,nan,nan,10.0
123093,金陵转债,2021-01-19,300651,金陵体育,16.83,nan,nan,2.5
113618,美诺转债,2021-01-14,603538,美诺华,27.1,nan,nan,5.2
128143,锋龙转债,2021-01-08,002931,锋龙股份,46.91,nan,nan,2.45
127028,英特转债,2021-01-05,000411,英特集团,9.81,nan,nan,6.0
113616,韦尔转债,2020-12-28,603501,豪威集团,84.54,159.02,53.1631,24.4
123092,天壕转债,2020-12-24,300332,天壕能源,5.02,4.97,101.006,4.23
123091,长海转债,2020-12-23,300196,长海股份,17.06,14.99,113.8092,5.5
113615,金诚转债,2020-12-23,603979,金诚信,80.35,11.12,722.572,10.0
123090,三诺转债,2020-12-21,300298,三诺生物,16.13,34.52,46.7265,5.0
123089,九洲转2,2020-12-21,300040,九洲集团,5.91,nan,nan,5.0
128142,新乳转债,2020-12-18,002946,新乳业,15.33,17.5,87.6,7.18
128141,旺能转债,2020-12-17,002034,旺能环境,14.47,nan,nan,14.0
113614,健20转债,2020-12-17,603707,健友股份,8.24,nan,nan,7.8
123087,明电转债,2020-12-15,300739,明阳电路,23.14,nan,nan,6.73
123088,威唐转债,2020-12-15,300707,威唐工业,12.25,14.97,81.8303,3.0138
113044,大秦转债,2020-12-14,601006,大秦铁路,4.76,nan,nan,320.0
123086,海兰转债,2020-12-11,300065,海兰信,15.46,nan,nan,7.3
123085,万顺转2,2020-12-11,300057,万顺新材,6.69,nan,nan,9.0
127027,能化转债,2020-12-10,000552,甘肃能化,2.65,2.93,90.4437,28.0
113043,财通转债,2020-12-10,601108,财通证券,8.83,7.98,110.6516,38.0
123084,高澜转债,2020-12-10,300499,高澜股份,31.5,nan,nan,2.8
123083,朗新转债,2020-12-09,300682,朗新科技,9.58,nan,nan,8.0
113612,永冠转债,2020-12-08,603681,永冠新材,18.52,nan,nan,5.2
127026,超声转债,2020-12-08,000823,超声电子,15.7,nan,nan,7.0
128140,润建转债,2020-12-07,002929,润建股份,53.46,nan,nan,10.9
123082,北陆转债,2020-12-07,300016,北陆药业,9.35,nan,nan,5.0
123081,精研转债,2020-12-03,300709,精研科技,41.48,nan,nan,5.7
123080,海波转债,2020-12-02,300517,海波重科,10.35,11.28,91.7553,2.45
123079,运达转债,2020-12-01,300772,运达股份,11.09,nan,nan,5.77
113611,福20转债,2020-12-01,603806,福斯特,15.34,nan,nan,17.0
113610,灵康转债,2020-12-01,603669,灵康药业,5.56,6.5,85.5385,5.25
128139,祥鑫转债,2020-12-01,002965,祥鑫科技,31.37,nan,nan,6.470054
123078,飞凯转债,2020-11-27,300398,飞凯材料,36.51,nan,nan,8.25
113609,永安转债,2020-11-24,603776,永安行,20.2,nan,nan,8.8648
123077,汉得转债,2020-11-23,300170,汉得信息,15.3,nan,nan,9.3715
110077,洪城转债,2020-11-20,600461,洪城环境,8.95,4.41,202.9479,18.0
123076,强力转债,2020-11-19,300429,强力新材,11.36,10.6,107.1698,8.5
128138,侨银转债,2020-11-17,002973,侨银股份,12.37,10.6,116.6981,4.2
113608,威派转债,2020-11-09,603956,威派格,6.11,nan,nan,4.2
127025,冀东转债,2020-11-05,000401,金隅冀东,3.62,12.92,28.0186,28.2
127024,盈峰转债,2020-11-04,000967,盈峰环境,8.63,nan,nan,14.761896
128137,洁美转债,2020-11-04,002859,洁美科技,66.18,nan,nan,6.0
113041,紫金转债,2020-11-03,601899,紫金矿业,34.57,nan,nan,60.0
128136,立讯转债,2020-11-03,002475,立讯精密,57.18,55.67,102.7124,30.0
123075,贝斯转债,2020-11-02,300580,贝斯特,20.17,nan,nan,6.0
110076,华海转债,2020-11-02,600521,华海药业,16.64,16.5,100.8485,18.426
113607,伟20转债,2020-11-02,603568,伟明环保,15.04,nan,nan,12.0
113606,荣泰转债,2020-10-30,603579,荣泰健康,17.92,nan,nan,6.0
123074,隆利转债,2020-10-29,300752,隆利科技,11.15,nan,nan,3.245
123073,同和转债,2020-10-26,300636,同和药业,6.96,nan,nan,3.6
127023,华菱转2,2020-10-23,000932,华菱钢铁,3.72,nan,nan,40.0
113605,大参转债,2020-10-22,603233,大参林,17.72,16.86,105.1008,14.05
113040,星宇转债,2020-10-22,601799,星宇股份,81.86,nan,nan,15.0
123071,天能转债,2020-10-21,300569,天能重工,4.71,6.68,70.509,7.0
123072,乐歌转债,2020-10-21,300729,乐歌股份,10.28,32.61,31.5241,1.42
128135,洽洽转债,2020-10-20,002557,洽洽食品,18.5,54.95,33.667,13.4
123070,鹏辉转债,2020-10-20,300438,鹏辉能源,62.33,nan,nan,8.9
123069,金诺转债,2020-10-16,300505,川金诺,20.64,nan,nan,3.68
127022,恒逸转债,2020-10-16,000703,恒逸石化,19.2,nan,nan,20.0
110075,南航转债,2020-10-15,600029,南方航空,5.03,6.17,81.5235,160.0
123068,弘信转债,2020-10-15,300657,弘信电子,35.44,nan,nan,5.7
113604,多伦转债,2020-10-13,603528,多伦科技,6.33,nan,nan,6.4
128134,鸿路转债,2020-10-09,002541,鸿路钢构,19.86,17.49,113.5506,18.8
113603,东缆转债,2020-09-24,603606,东方电缆,34.24,nan,nan,8.0
128133,奇正转债,2020-09-22,002287,奇正藏药,20.3,nan,nan,8.0
123067,斯莱转债,2020-09-17,300382,斯莱克,18.01,nan,nan,3.88
123066,赛意转债,2020-09-16,300687,赛意信息,26.82,nan,nan,3.2
128132,交建转债,2020-09-15,002941,新疆交建,10.85,nan,nan,8.5
128131,崇达转2,2020-09-07,002815,崇达技术,14.34,nan,nan,14.0
123065,宝莱转债,2020-09-04,300246,宝莱特,15.23,18.3,83.224,2.19
123064,万孚转债,2020-09-01,300482,万孚生物,16.43,20.88,78.6877,6.0
128130,景兴转债,2020-08-31,002067,景兴纸业,4.18,nan,nan,12.8
128129,青农转债,2020-08-25,002958,青农商行,2.93,nan,nan,50.0
113039,嘉泽转债,2020-08-24,601619,嘉泽新能,4.08,nan,nan,13.0
113602,景20转债,2020-08-24,603228,景旺电子,96.74,nan,nan,17.8
113601,塞力转债,2020-08-21,603716,塞力医疗,16.41,nan,nan,5.4331
128128,齐翔转2,2020-08-20,002408,齐翔腾达,5.45,nan,nan,29.9
128127,文科转债,2020-08-20,002775,文科股份,3.62,nan,nan,9.5
110074,精达转债,2020-08-19,600577,精达股份,8.63,nan,nan,7.87
404004,汇车退债,2020-08-18,400245,R汇车1,nan,nan,nan,33.7
110072,广汇转债,2020-08-18,600297,广汇汽车,nan,nan,nan,33.7
113600,新星转债,2020-08-13,603978,深圳新星,18.93,nan,nan,5.95
127021,特发转2,2020-08-07,000070,特发信息,16.5,nan,nan,5.5
128126,赣锋转2,2020-08-06,002460,赣锋锂业,54.13,nan,nan,21.08
113599,嘉友转债,2020-08-05,603871,嘉友国际,13.52,nan,nan,7.2
113598,法兰转债,2020-07-31,603966,法兰泰克,7.96,nan,nan,3.3
113038,隆20转债,2020-07-31,601012,隆基绿能,12.15,nan,nan,50.0
128125,华阳转债,2020-07-30,002949,华阳国际,12.8,nan,nan,4.5
113597,佳力转债,2020-07-30,603912,佳力图,9.0,nan,nan,3.0
123063,大禹转债,2020-07-28,300021,大禹节水,4.1,nan,nan,6.38
128124,科华转债,2020-07-28,002022,科华生物,5.72,nan,nan,7.38
113596,城地转债,2020-07-28,603887,城地香江,9.26,nan,nan,12.0
128123,国光转债,2020-07-27,002749,国光股份,8.58,nan,nan,3.2
123062,三超转债,2020-07-27,300554,三超新材,21.26,nan,nan,1.95
110073,国投转债,2020-07-24,600061,国投资本,6.53,nan,nan,80.0
128122,兴森转债,2020-07-23,002436,兴森科技,35.7,nan,nan,2.689
113037,紫银转债,2020-07-23,601860,紫金银行,2.55,nan,nan,45.0
123061,航新转债,2020-07-22,300424,航新科技,14.01,nan,nan,2.5
123060,苏试转债,2020-07-21,300416,苏试试验,14.61,nan,nan,3.1
113594,淳中转债,2020-07-21,603516,淳中科技,93.6,nan,nan,3.0
113595,花王转债,2020-07-21,603007,顺景科技,4.88,nan,nan,3.3
113593,沪工转债,2020-07-20,603131,上海沪工,14.54,nan,nan,4.0
127020,中金转债,2020-07-20,000060,中金岭南,6.84,nan,nan,38.0
128121,宏川转债,2020-07-17,002930,宏川智慧,8.91,nan,nan,6.7
128120,联诚转债,2020-07-17,002921,联诚精密,21.16,nan,nan,2.6
127019,国城转债,2020-07-15,000688,国城矿业,31.01,nan,nan,8.5
123059,银信转债,2020-07-15,300231,银信科技,8.29,nan,nan,3.914
123058,欣旺转债,2020-07-14,300207,欣旺达,18.09,nan,nan,11.2
128119,龙大转债,2020-07-13,002726,ST龙大,2.57,nan,nan,9.5
110071,湖盐转债,2020-07-10,600929,雪天盐业,5.49,nan,nan,7.2
113592,安20转债,2020-07-08,603345,安井食品,77.48,nan,nan,9.0
113036,宁建转债,2020-07-06,601789,宁波建工,4.27,nan,nan,5.4
128117,道恩转债,2020-07-02,002838,道恩股份,25.32,nan,nan,3.6
128118,瀛通转债,2020-07-02,002861,瀛通通讯,16.09,nan,nan,3.0
113591,胜达转债,2020-07-01,603687,大胜达,15.39,nan,nan,5.5
123057,美联转债,2020-07-01,300586,美联新材,9.63,nan,nan,2.0674
127018,本钢转债,2020-06-29,000761,本钢板材,2.39,nan,nan,68.0
128116,瑞达转债,2020-06-29,002961,瑞达期货,20.05,nan,nan,6.5
113590,海容转债,2020-06-29,603187,海容冷链,11.15,nan,nan,5.00127
128115,巨星转债,2020-06-24,002444,巨星科技,30.72,nan,nan,9.726
113589,天创转债,2020-06-24,603608,天创时尚,17.91,nan,nan,6.0
123056,雪榕转债,2020-06-24,300511,雪榕生物,5.6,nan,nan,5.85
128114,正邦转债,2020-06-17,002157,正邦科技,2.99,nan,nan,16.0
113588,润达转债,2020-06-17,603108,润达医疗,9.73,nan,nan,5.5
123055,晨光转债,2020-06-17,300138,晨光生物,11.48,nan,nan,6.3
113587,泛微转债,2020-06-15,603039,泛微网络,39.68,nan,nan,3.16
128113,比音转债,2020-06-15,002832,比音勒芬,24.03,nan,nan,6.89
128112,歌尔转2,2020-06-12,002241,歌尔股份,23.89,nan,nan,40.0
128111,中矿转债,2020-06-11,002738,中矿资源,51.67,nan,nan,8.0
123054,思特转债,2020-06-10,300608,思特奇,10.13,nan,nan,2.71
113586,上机转债,2020-06-09,603185,弘元绿能,16.15,nan,nan,6.65
128110,永兴转债,2020-06-09,002756,永兴材料,45.73,nan,nan,7.0
113585,寿仙转债,2020-06-09,603896,寿仙谷,14.71,nan,nan,3.6
113584,家悦转债,2020-06-05,603708,家家悦,9.29,nan,nan,6.45
123052,飞鹿转债,2020-06-05,300665,飞鹿股份,9.7,nan,nan,1.77
123053,宝通转债,2020-06-05,300031,宝通科技,21.34,nan,nan,5.0
128109,楚江转债,2020-06-04,002171,楚江新材,10.05,nan,nan,18.3
123051,今天转债,2020-06-04,300532,今天国际,6.92,nan,nan,2.8
127017,万青转债,2020-06-03,000789,万年青,4.18,nan,nan,10.0
113583,益丰转债,2020-06-01,603939,益丰药房,22.99,nan,nan,15.81009
128108,蓝帆转债,2020-05-28,002382,蓝帆医疗,6.13,nan,nan,31.4404
113582,火炬转债,2020-05-27,603678,火炬电子,47.96,nan,nan,6.0
113035,福莱转债,2020-05-27,601865,福莱特,9.94,nan,nan,14.5
113580,康隆转债,2020-04-23,603665,康隆达,19.9,nan,nan,2.0
113581,龙蟠转债,2020-04-23,603906,龙蟠科技,19.63,nan,nan,4.0
113579,健友转债,2020-04-23,603707,健友股份,8.24,nan,nan,5.0319
128107,交科转债,2020-04-22,002061,浙江交科,3.54,nan,nan,25.0
113578,全筑转债,2020-04-20,603030,全筑股份,2.1,nan,nan,3.84
113573,纵横转债,2020-04-17,603602,纵横通信,11.63,nan,nan,2.7
113577,春秋转债,2020-04-14,603890,春秋电子,18.16,nan,nan,2.4
123050,聚飞转债,2020-04-14,300303,聚飞光电,7.21,nan,nan,7.046881
123049,维尔转债,2020-04-13,300190,维尔利,3.74,nan,nan,9.172387
110070,凌钢转债,2020-04-13,600231,凌钢股份,1.75,nan,nan,4.4
113576,起步转债,2020-04-10,603557,*ST起步,3.52,nan,nan,5.2
123048,应急转债,2020-04-10,300527,ST应急,8.19,nan,nan,8.189312
128106,华统转债,2020-04-10,002840,华统股份,8.26,nan,nan,5.5
113034,滨化转债,2020-04-10,601678,滨化股份,6.48,nan,nan,24.0
127016,鲁泰转债,2020-04-09,000726,鲁泰A,5.97,nan,nan,14.0
128105,长集转债,2020-04-09,002616,长青集团,4.91,nan,nan,8.0
113575,东时转债,2020-04-09,603377,ST东时,2.9,4.42,65.6109,4.28
110069,瀚蓝转债,2020-04-07,600323,瀚蓝环境,29.99,nan,nan,9.9232
128104,裕同转债,2020-04-07,002831,裕同科技,26.83,nan,nan,14.0
113033,利群转债,2020-04-01,601366,利群股份,3.66,nan,nan,18.0
113574,华体转债,2020-03-31,603679,华体科技,23.35,nan,nan,2.088
128103,同德转债,2020-03-26,002360,ST同德,5.79,nan,nan,1.4428
110068,龙净转债,2020-03-24,600388,紫金龙净,18.2,nan,nan,20.0
123047,久吾转债,2020-03-20,300631,久吾高科,21.8,nan,nan,2.54
128102,海大转债,2020-03-19,002311,海大集团,45.4,nan,nan,28.3
123046,天铁转债,2020-03-19,300587,天铁科技,4.91,nan,nan,3.99
128101,联创转债,2020-03-16,002036,联创电子,6.8,nan,nan,3.0
128100,搜特转债,2020-03-12,002503,*ST搜特,nan,nan,nan,8.0
404002,搜特退债,2020-03-12,400198,R搜特1,nan,1.1,6.3636,8.0
123045,雷迪转债,2020-03-12,300652,雷迪克,28.32,nan,nan,2.885
113571,博特转债,2020-03-12,603916,苏博特,11.5,nan,nan,6.968
110067,华安转债,2020-03-12,600909,华安证券,8.42,nan,nan,28.0
123044,红相转债,2020-03-12,300427,红相股份,6.73,nan,nan,5.85
113572,三祥转债,2020-03-12,603663,三祥新材,44.16,nan,nan,2.05
128099,永高转债,2020-03-11,002641,公元股份,4.04,nan,nan,7.0
113570,百达转债,2020-03-11,603331,百达精工,12.76,nan,nan,2.8
113569,科达转债,2020-03-09,603660,苏州科达,10.76,nan,nan,5.16
113568,新春转债,2020-03-06,603667,五洲新春,52.55,nan,nan,3.3
123043,正元转债,2020-03-05,300645,正元智慧,13.26,nan,nan,1.75
128098,康弘转债,2020-03-05,002773,康弘药业,20.54,nan,nan,16.3
113567,君禾转债,2020-03-04,603617,君禾股份,6.77,nan,nan,2.1
113032,桐20转债,2020-03-02,601233,桐昆股份,26.0,nan,nan,23.0
110066,盛屯转债,2020-03-02,600711,盛屯矿业,11.95,nan,nan,23.86456
113564,天目转债,2020-02-28,603136,天目湖,9.18,nan,nan,3.0
113566,翔港转债,2020-02-28,603499,翔港科技,12.02,nan,nan,2.0
113565,宏辉转债,2020-02-26,603336,宏辉果蔬,9.58,nan,nan,3.32
128097,奥佳转债,2020-02-25,002614,奥佳华,5.82,nan,nan,12.0
128096,奥瑞转债,2020-02-11,002701,奥瑞金,4.79,nan,nan,10.868
128095,恩捷转债,2020-02-11,002812,恩捷股份,53.97,nan,nan,16.0
128094,星帅转债,2020-01-16,002860,星帅尔,14.92,nan,nan,2.8
113563,柳药转债,2020-01-16,603368,柳药集团,15.98,nan,nan,8.022
123042,银河转债,2020-01-14,300619,金银河,26.22,nan,nan,1.6666
123041,东财转2,2020-01-13,300059,东方财富,19.62,nan,nan,73.0
113031,博威转债,2020-01-10,601137,博威合金,21.12,nan,nan,12.0
123040,乐普转债,2020-01-03,300003,乐普医疗,12.14,nan,nan,7.5
127015,希望转债,2020-01-03,000876,新希望,7.07,nan,nan,40.0
128093,百川转债,2020-01-03,002455,百川股份,7.78,nan,nan,5.2
113562,璞泰转债,2020-01-02,603659,璞泰来,23.91,nan,nan,8.7
113561,正裕转债,2019-12-31,603089,正裕工业,10.33,nan,nan,2.9
128092,唐人转债,2019-12-30,002567,唐人神,3.8,nan,nan,12.428
128091,新天转债,2019-12-30,002873,新天药业,8.66,nan,nan,1.773
128090,汽模转2,2019-12-27,002510,天汽模,5.65,nan,nan,4.71
123039,开润转债,2019-12-26,300577,开润股份,19.13,nan,nan,2.23
128089,麦米转债,2019-12-26,002851,麦格米特,127.66,nan,nan,6.55
123038,联得转债,2019-12-25,300545,联得装备,30.79,nan,nan,2.0
113030,东风转债,2019-12-24,601515,衢州东峰,3.55,nan,nan,2.95328
128088,深南转债,2019-12-24,002916,深南电路,365.1,nan,nan,15.2
113559,永创转债,2019-12-23,603901,永创智能,9.53,nan,nan,5.1217
110065,淮矿转债,2019-12-23,600985,淮北矿业,18.13,nan,nan,27.574
113558,日月转债,2019-12-23,603218,日月股份,9.79,nan,nan,12.0
113556,至纯转债,2019-12-20,603690,至纯科技,25.63,nan,nan,3.56
110064,建工转债,2019-12-20,600939,重庆建工,2.61,nan,nan,16.6
123037,新莱转债,2019-12-19,300260,新莱应材,60.89,nan,nan,2.8
113557,森特转债,2019-12-19,603098,森特股份,10.18,nan,nan,6.0
113555,振德转债,2019-12-19,603301,振德医疗,84.09,nan,nan,4.4
128087,孚日转债,2019-12-17,002083,孚日股份,10.48,nan,nan,6.5
128086,国轩转债,2019-12-17,002074,国轩高科,27.69,nan,nan,18.5
113554,仙鹤转债,2019-12-16,603733,仙鹤股份,21.71,nan,nan,12.5
113029,明阳转债,2019-12-16,601615,明阳智能,10.85,nan,nan,17.0
128085,鸿达转债,2019-12-16,002002,ST鸿达,nan,nan,nan,24.2678
404003,鸿达退债,2019-12-16,400207,R鸿达1,nan,nan,nan,24.2678
128084,木森转债,2019-12-16,002745,木林森,11.96,nan,nan,26.600177
110063,鹰19转债,2019-12-13,600567,山鹰国际,1.36,nan,nan,18.6
113553,金牌转债,2019-12-13,603180,金牌家居,15.35,nan,nan,3.92
128083,新北转债,2019-12-12,002376,新北洋,6.78,nan,nan,8.77
123036,先导转债,2019-12-11,300450,先导智能,33.77,nan,nan,10.0
128082,华锋转债,2019-12-04,002806,华锋股份,14.64,nan,nan,3.524
113552,克来转债,2019-12-02,603960,克来机电,16.24,nan,nan,1.8
110062,烽火转债,2019-12-02,600498,烽火通信,42.71,nan,nan,30.8835
128081,海亮转债,2019-11-21,002203,海亮股份,20.29,nan,nan,31.5
113551,福特转债,2019-11-18,603806,福斯特,15.34,nan,nan,11.0
128080,顺丰转债,2019-11-18,002352,顺丰控股,33.41,nan,nan,58.0
113550,常汽转债,2019-11-18,603035,常熟汽饰,11.36,nan,nan,9.92424
113549,白电转债,2019-11-15,603861,白云电器,11.74,nan,nan,8.8
123035,利德转债,2019-11-14,300296,利亚德,5.15,nan,nan,8.0
110061,川投转债,2019-11-11,600674,川投能源,15.55,nan,nan,40.0
123034,通光转债,2019-11-04,300265,通光线缆,14.31,nan,nan,2.97
123033,金力转债,2019-11-01,300748,金力永磁,27.41,nan,nan,4.35
110060,天路转债,2019-10-28,600326,西藏天路,7.72,nan,nan,10.86988
113548,石英转债,2019-10-28,603688,石英股份,51.56,nan,nan,3.6
110059,浦发转债,2019-10-28,600000,浦发银行,9.07,nan,nan,500.0
127014,北方转债,2019-10-24,000065,北方国际,9.95,nan,nan,5.7821
113547,索发转债,2019-10-24,603612,索通发展,17.36,nan,nan,9.45
113546,迪贝转债,2019-10-23,603320,迪贝电气,17.63,nan,nan,2.2993
128078,太极转债,2019-10-21,002368,太极股份,13.75,nan,nan,10.0
128079,英联转债,2019-10-21,002846,英联股份,10.72,nan,nan,2.14
128077,华夏转债,2019-10-16,002928,华夏航空,6.32,nan,nan,7.9
128076,金轮转债,2019-10-14,002722,物产金轮,12.96,nan,nan,2.14
113545,金能转债,2019-10-14,603113,金能科技,5.33,nan,nan,15.0
123032,万里转债,2019-10-11,300591,万里马,7.31,nan,nan,1.8029
128074,游族转债,2019-09-23,002174,游族网络,12.07,nan,nan,11.5
128075,远东转债,2019-09-23,002406,远东传动,6.74,nan,nan,8.937
113544,桃李转债,2019-09-20,603866,桃李面包,4.3,nan,nan,10.0
123031,晶瑞转债,2019-08-29,300655,晶瑞电材,13.14,nan,nan,1.85
128073,哈尔转债,2019-08-22,002615,哈尔斯,6.62,nan,nan,3.0
128072,翔鹭转债,2019-08-20,002842,翔鹭钨业,39.07,nan,nan,3.019223
123030,九洲转债,2019-08-20,300040,九洲集团,5.91,nan,nan,3.08
113543,欧派转债,2019-08-16,603833,欧派家居,32.58,nan,nan,14.95
128071,合兴转债,2019-08-16,002228,合兴包装,3.21,nan,nan,5.9575
123029,英科转债,2019-08-16,300677,英科医疗,56.09,nan,nan,4.7
113542,好客转债,2019-08-01,603898,好莱客,11.28,nan,nan,6.3
113541,荣晟转债,2019-07-23,603165,荣晟环保,14.23,nan,nan,3.3
113540,南威转债,2019-07-15,603636,南威软件,6.92,nan,nan,6.6
113539,圣达转债,2019-07-03,603079,圣达生物,13.73,nan,nan,2.99136
128070,智能转债,2019-07-02,002877,智能自控,7.34,nan,nan,2.3
113538,安图转债,2019-06-28,603658,安图生物,33.52,nan,nan,6.82979
128069,华森转债,2019-06-24,002907,华森制药,16.32,nan,nan,3.0
123028,清水转债,2019-06-19,300437,清水源,11.52,nan,nan,4.9
113028,环境转债,2019-06-18,601200,上海环境,6.97,nan,nan,21.7
113027,华钰转债,2019-06-14,601020,华钰矿业,22.63,nan,nan,6.4
123027,蓝晓转债,2019-06-11,300487,蓝晓科技,63.5,nan,nan,3.4
123026,中环转债,2019-06-10,300692,中赋科技,9.01,nan,nan,2.9
113537,文灿转债,2019-06-10,603348,文灿股份,14.28,nan,nan,8.0
128068,和而转债,2019-06-04,002402,和而泰,19.15,nan,nan,5.47
113536,三星转债,2019-05-31,603578,三星新材,13.21,nan,nan,1.91565
113535,大业转债,2019-05-09,603278,大业股份,9.11,nan,nan,5.0
128067,一心转债,2019-04-19,002727,一心堂,11.35,nan,nan,6.026392
128066,亚泰转债,2019-04-17,002811,郑中设计,13.23,nan,nan,4.8
110058,永鼎转债,2019-04-16,600105,永鼎股份,41.0,nan,nan,9.8
128065,雅化转债,2019-04-16,002497,雅化集团,18.95,nan,nan,8.0
127013,创维转债,2019-04-15,000810,创维数字,9.74,nan,nan,10.4
113026,核能转债,2019-04-15,601985,中国核电,8.9,nan,nan,78.0
113025,明泰转债,2019-04-10,601677,明泰铝业,16.97,nan,nan,18.3911
113534,鼎胜转债,2019-04-09,603876,鼎胜新材,23.26,nan,nan,12.54
113024,核建转债,2019-04-08,601611,中国核建,10.86,nan,nan,29.9625
128064,司尔转债,2019-04-08,002538,ST司特,7.41,nan,nan,8.0
128063,未来转债,2019-04-03,002631,德尔未来,9.18,nan,nan,6.3
113533,参林转债,2019-04-03,603233,大参林,17.72,nan,nan,10.0
113532,海环转债,2019-04-02,603817,海峡环保,5.71,nan,nan,4.6
128062,亚药转债,2019-04-02,002370,亚太药业,5.6,nan,nan,9.65
110057,现代转债,2019-04-01,600420,国药现代,8.63,nan,nan,16.1594
123025,精测转债,2019-03-29,300567,精测电子,221.8,nan,nan,3.75
113531,百姓转债,2019-03-29,603883,老百姓,12.87,nan,nan,3.27
113530,大丰转债,2019-03-27,603081,大丰实业,10.03,nan,nan,6.3
128061,启明转债,2019-03-27,002439,启明星辰,13.42,nan,nan,10.45
128060,中装转债,2019-03-26,002822,ST中装,3.19,nan,nan,5.25
127012,招路转债,2019-03-22,001965,招商公路,9.6,nan,nan,50.0
123024,岱勒转债,2019-03-21,300700,岱勒新材,20.26,nan,nan,2.1
123023,迪森转债,2019-03-20,300335,迪森股份,5.56,nan,nan,6.0
110056,亨通转债,2019-03-19,600487,亨通光电,71.3,nan,nan,17.33
123022,长信转债,2019-03-18,300088,长信科技,7.1,nan,nan,12.3
110054,通威转债,2019-03-18,600438,通威股份,11.9,nan,nan,50.0
110055,伊力转债,2019-03-15,600197,伊力特,9.65,nan,nan,8.76
110053,苏银转债,2019-03-14,600919,江苏银行,12.07,nan,nan,200.0
113022,浙商转债,2019-03-12,601878,浙商证券,9.38,nan,nan,35.0
113529,绝味转债,2019-03-11,603517,ST绝味,11.33,nan,nan,10.0
128059,视源转债,2019-03-11,002841,视源股份,46.99,nan,nan,9.418304
127011,中鼎转2,2019-03-08,000887,中鼎股份,21.04,nan,nan,12.0
128058,拓邦转债,2019-03-07,002139,拓邦股份,9.64,nan,nan,5.73
110052,贵广转债,2019-03-05,600996,贵广网络,6.78,nan,nan,16.0
128057,博彦转债,2019-03-05,002649,博彦科技,9.77,nan,nan,5.758152
113021,中信转债,2019-03-04,601998,中信银行,8.66,nan,nan,400.0
123021,万信转2,2019-03-04,300168,万达信息,4.96,nan,nan,12.0
113528,长城转债,2019-03-01,603897,长城科技,30.47,nan,nan,6.34
123020,富祥转债,2019-03-01,300497,富祥股份,17.09,nan,nan,4.2
110051,中天转债,2019-02-28,600522,中天科技,36.08,nan,nan,39.6512
128056,今飞转债,2019-02-28,002863,今飞凯达,4.72,nan,nan,3.68
128055,长青转2,2019-02-27,002391,长青股份,5.28,nan,nan,9.138
123019,中来转债,2019-02-25,300393,中来股份,6.23,nan,nan,10.0
128054,中宠转债,2019-02-15,002891,中宠股份,28.4,nan,nan,1.9424
128053,尚荣转债,2019-02-14,002551,尚荣医疗,3.37,nan,nan,7.5
113527,维格转债,2019-01-24,603518,锦泓集团,8.02,nan,nan,7.46
113526,联泰转债,2019-01-23,603797,联泰环保,4.77,nan,nan,3.9
127010,平银转债,2019-01-21,000001,平安银行,11.59,nan,nan,260.0
127009,冰轮转债,2019-01-14,000811,冰轮环境,42.94,nan,nan,5.0913
128052,凯龙转债,2018-12-21,002783,凯龙股份,8.01,nan,nan,3.288548
123018,溢利转债,2018-12-20,300381,溢多利,6.15,nan,nan,6.649677
110050,佳都转债,2018-12-19,600728,佳都科技,4.73,nan,nan,8.74723
110049,海尔转债,2018-12-18,600690,海尔智家,21.12,nan,nan,30.0749
113525,台华转债,2018-12-17,603055,台华新材,9.3,nan,nan,5.33
128051,光华转债,2018-12-14,002741,光华科技,25.73,nan,nan,2.493
113524,奇精转债,2018-12-14,603677,奇精机械,13.55,nan,nan,3.3
128050,钧达转债,2018-12-10,002865,钧达股份,40.44,nan,nan,3.2
113523,伟明转债,2018-12-10,603568,伟明环保,15.04,nan,nan,6.7
110048,福能转债,2018-12-07,600483,福能股份,10.8,nan,nan,28.3
128049,华源转债,2018-11-27,002787,华源控股,21.84,nan,nan,4.0
113522,旭升转债,2018-11-22,603305,旭升集团,11.27,nan,nan,4.2
110047,山鹰转债,2018-11-21,600567,山鹰国际,1.36,nan,nan,23.0
123017,寒锐转债,2018-11-20,300618,寒锐钴业,35.4,nan,nan,4.4
110046,圆通转债,2018-11-20,600233,圆通速递,16.95,nan,nan,36.5
113020,桐昆转债,2018-11-19,601233,桐昆股份,26.0,nan,nan,38.0
113521,科森转债,2018-11-16,603626,科森科技,19.84,nan,nan,6.1
127008,特发转债,2018-11-16,000070,特发信息,16.5,nan,nan,4.194
128048,张行转债,2018-11-12,002839,张家港行,4.4,nan,nan,25.0
113520,百合转债,2018-11-08,603313,梦百合,6.05,nan,nan,5.1
123016,洲明转债,2018-11-07,300232,洲明科技,5.49,nan,nan,5.480346
113519,长久转债,2018-11-07,603569,长久物流,6.04,nan,nan,7.0
128047,光电转债,2018-11-05,002179,中航光电,35.5,nan,nan,13.0
128046,利尔转债,2018-10-17,002258,利尔化学,14.16,nan,nan,8.52
113518,顾家转债,2018-09-12,603816,顾家家居,24.79,nan,nan,10.9731
128045,机电转债,2018-08-27,002013,中航机电,nan,nan,nan,21.0
128044,岭南转债,2018-08-14,002717,*ST岭南,1.03,1.4,73.5714,6.6
123015,蓝盾转退,2018-08-13,300297,蓝盾退,nan,nan,nan,5.38
404001,蓝盾退债,2018-08-13,400194,R蓝盾1,nan,nan,nan,5.38
113517,曙光转债,2018-08-06,603019,中科曙光,86.54,nan,nan,11.2
128043,东音转债,2018-08-02,002793,罗欣药业,5.17,nan,nan,2.8132
113516,苏农转债,2018-08-02,603323,苏农银行,4.32,nan,nan,25.0
128042,凯中转债,2018-07-30,002823,凯中精密,13.09,nan,nan,4.16
123014,凯发转债,2018-07-27,300407,凯发电气,11.88,nan,nan,3.498948
113515,高能转债,2018-07-26,603588,高能环境,15.55,nan,nan,8.4
123013,横河转债,2018-07-26,300539,横河精密,18.29,nan,nan,1.4
123012,万顺转债,2018-07-20,300057,万顺新材,6.69,nan,nan,9.5
113514,威帝转债,2018-07-20,603023,威帝股份,4.31,nan,nan,2.0
123011,德尔转债,2018-07-18,300473,德尔股份,26.9,nan,nan,5.647066
128041,盛路转债,2018-07-17,002446,盛路通信,8.43,nan,nan,10.0
110045,海澜转债,2018-07-13,600398,海澜之家,5.97,nan,nan,30.0
113513,安井转债,2018-07-12,603345,安井食品,77.48,nan,nan,5.0
113512,景旺转债,2018-07-06,603228,景旺电子,96.74,nan,nan,9.78
123010,博世转债,2018-07-05,300422,博世科,4.16,nan,nan,4.3
127007,湖广转债,2018-06-28,000665,湖北广电,3.93,nan,nan,17.33592
110044,广电转债,2018-06-27,600831,广电网络,3.33,nan,nan,8.0
113511,千禾转债,2018-06-20,603027,千禾味业,7.24,nan,nan,3.56
113510,再升转债,2018-06-19,603601,再升科技,9.04,nan,nan,1.14
128040,华通转债,2018-06-14,002758,浙农股份,8.51,nan,nan,2.24
128039,三力转债,2018-06-08,002224,三力士,3.72,nan,nan,6.2
113509,新泉转债,2018-06-04,603179,新泉股份,39.81,nan,nan,4.5
113508,新凤转债,2018-04-26,603225,新凤鸣,20.42,nan,nan,21.53
113507,天马转债,2018-04-17,603668,天马科技,10.29,nan,nan,3.05
113506,鼎信转债,2018-04-16,603421,鼎信通讯,5.83,nan,nan,6.0
128038,利欧转债,2018-03-22,002131,利欧股份,4.59,nan,nan,21.975475
128037,岩土转债,2018-03-15,002542,*ST中岩,1.79,nan,nan,6.0366
127006,敖东转债,2018-03-13,000623,吉林敖东,18.68,nan,nan,24.13
127005,长证转债,2018-03-12,000783,长江证券,9.32,nan,nan,50.0
128036,金农转债,2018-03-09,002548,金新农,4.29,nan,nan,6.5
123009,星源转债,2018-03-07,300568,星源材质,15.53,nan,nan,4.8
113505,杭电转债,2018-03-06,603618,杭电股份,35.11,nan,nan,7.8
113504,艾华转债,2018-03-02,603989,艾华集团,28.38,nan,nan,6.91
113019,玲珑转债,2018-03-01,601966,玲珑轮胎,11.08,nan,nan,20.0
128035,大族转债,2018-02-06,002008,大族激光,90.0,nan,nan,23.0
123008,康泰转债,2018-02-01,300601,康泰生物,13.55,nan,nan,3.56
110043,无锡转债,2018-01-30,600908,无锡银行,5.54,nan,nan,30.0
128034,江银转债,2018-01-26,002807,江阴银行,4.08,nan,nan,20.0
113018,常熟转债,2018-01-19,601128,常熟银行,6.23,nan,nan,30.0
123007,道氏转债,2017-12-28,300409,道氏技术,18.52,nan,nan,4.8
128033,迪龙转债,2017-12-27,002658,雪迪龙,7.43,nan,nan,5.2
113017,吉视转债,2017-12-27,601929,吉视传媒,2.33,nan,nan,15.6
110042,航电转债,2017-12-25,600372,中航机载,11.07,nan,nan,24.0
128032,双环转债,2017-12-25,002472,双环传动,35.79,nan,nan,10.0
128030,天康转债,2017-12-22,002100,天康生物,7.4,nan,nan,10.0
110041,蒙电转债,2017-12-22,600863,华能蒙电,4.72,nan,nan,18.7522
128029,太阳转债,2017-12-22,002078,太阳纸业,14.89,nan,nan,12.0
128028,赣锋转债,2017-12-21,002460,赣锋锂业,54.13,nan,nan,9.28
123006,东财转债,2017-12-20,300059,东方财富,19.62,nan,nan,46.5
123005,万信转债,2017-12-19,300168,万达信息,4.96,nan,nan,9.0
123004,铁汉转债,2017-12-18,300197,节能铁汉,2.05,nan,nan,11.0
128027,崇达转债,2017-12-15,002815,崇达技术,14.34,nan,nan,8.0
113503,泰晶转债,2017-12-15,603738,泰晶科技,42.09,nan,nan,2.15
128026,众兴转债,2017-12-13,002772,众兴菌业,11.13,nan,nan,9.2
123003,蓝思转债,2017-12-08,300433,蓝思科技,39.05,nan,nan,48.0
128025,特一转债,2017-12-06,002728,特一药业,9.05,nan,nan,3.54
128024,宁行转债,2017-12-05,002142,宁波银行,33.75,nan,nan,100.0
128023,亚太转债,2017-12-04,002284,亚太股份,9.8,nan,nan,10.0
128022,众信转债,2017-12-01,002707,众信旅游,5.39,nan,nan,7.0
128021,兄弟转债,2017-11-28,002562,兄弟科技,4.92,nan,nan,7.0
123002,国祯转债,2017-11-24,300388,节能国祯,6.96,nan,nan,5.97
110040,生益转债,2017-11-24,600183,生益科技,140.97,nan,nan,18.0
110039,宝信转债,2017-11-17,600845,宝信软件,17.47,nan,nan,16.0
128020,水晶转债,2017-11-17,002273,水晶光电,26.81,nan,nan,11.8
110038,济川转债,2017-11-13,600566,济川药业,25.22,nan,nan,8.4316
113502,嘉澳转债,2017-11-10,603822,ST嘉澳,57.59,nan,nan,1.85
128019,久立转2,2017-11-08,002318,久立特材,19.59,nan,nan,10.4
128018,时达转债,2017-11-06,002527,新时达,11.2,nan,nan,8.825057
113016,小康转债,2017-11-06,601127,赛力斯,50.52,nan,nan,15.0
113015,隆基转债,2017-11-02,601012,隆基绿能,12.15,nan,nan,28.0
128017,金禾转债,2017-11-01,002597,金禾实业,20.31,nan,nan,6.0
113014,林洋转债,2017-10-27,601222,林洋能源,5.54,nan,nan,30.0
128016,雨虹转债,2017-09-25,002271,东方雨虹,11.38,nan,nan,18.4
113013,国君转债,2017-07-07,601211,国泰海通,17.91,nan,nan,70.0
128015,久其转债,2017-06-08,002279,久其软件,6.41,nan,nan,7.8
127004,模塑转债,2017-06-02,000700,模塑科技,11.68,nan,nan,8.1366
128014,永东转债,2017-04-17,002753,永东股份,6.64,nan,nan,3.4
113012,骆驼转债,2017-03-24,601311,骆驼股份,7.43,nan,nan,7.17
113011,光大转债,2017-03-17,601818,光大银行,3.04,nan,nan,300.0
128013,洪涛转债,2016-07-29,002325,*ST洪涛,nan,nan,nan,12.0
127003,海印转债,2016-06-08,000861,海印股份,nan,nan,nan,11.11
128012,辉丰转债,2016-04-21,002496,辉丰股份,2.17,nan,nan,8.45
113010,江南转债,2016-03-18,601199,江南水务,6.23,nan,nan,7.6
128011,汽模转债,2016-03-02,002510,天汽模,5.65,nan,nan,4.2
110035,白云转债,2016-02-26,600004,白云机场,7.62,nan,nan,35.0
128010,蔚蓝转债,2016-01-22,002245,蔚蓝锂芯,17.85,nan,nan,5.1
113009,广汽转债,2016-01-22,601238,广汽集团,5.17,nan,nan,41.0558
110034,九州转债,2016-01-15,600998,九州通,4.94,nan,nan,15.0
110033,国贸转债,2016-01-05,600755,厦门国贸,5.72,nan,nan,28.0
110032,三一转债,2016-01-04,600031,三一重工,19.06,nan,nan,45.0
123001,蓝标转债,2015-12-18,300058,蓝色光标,13.55,nan,nan,14.0
110031,航信转债,2015-06-12,600271,航天信息,6.91,nan,nan,24.0
113008,电气转债,2015-02-02,601727,上海电气,6.64,nan,nan,60.0
110030,格力转债,2014-12-25,600185,珠免集团,4.72,nan,nan,9.8
128009,歌尔转债,2014-12-12,002241,歌尔股份,23.89,nan,nan,25.0
113501,洛钼转债,2014-12-02,603993,洛阳钼业,19.51,nan,nan,49.0
110029,浙能转债,2014-10-13,600023,浙能电力,4.92,nan,nan,100.0
128008,齐峰转债,2014-09-15,002521,齐峰新材,6.8,nan,nan,7.6
113007,吉视转债,2014-09-05,601929,吉视传媒,2.33,nan,nan,17.0
128007,通鼎转债,2014-08-15,002491,通鼎互联,23.64,nan,nan,6.0
110028,冠城转债,2014-07-18,600067,冠城新材,2.88,nan,nan,18.0
110027,东方转债,2014-07-10,600875,东方电气,25.95,nan,nan,40.0
128006,长青转债,2014-06-20,002391,长青股份,5.28,nan,nan,6.3176
110025,国金转债,2014-05-14,600109,国金证券,8.79,nan,nan,25.0
128005,齐翔转债,2014-04-18,002408,齐翔腾达,5.45,nan,nan,12.4
128004,久立转债,2014-02-25,002318,久立特材,19.59,nan,nan,4.87
113006,深燃转债,2013-12-13,601139,深圳燃气,6.35,nan,nan,16.0
113005,平安转债,2013-11-22,601318,中国平安,55.87,nan,nan,260.0
127002,徐工转债,2013-10-25,000425,徐工机械,8.01,nan,nan,25.0
110024,隧道转债,2013-09-13,600820,隧道股份,5.44,nan,nan,26.0
128003,华天转债,2013-08-12,002185,华天科技,17.18,nan,nan,4.61
128002,东华转债,2013-07-26,002065,东华软件,6.94,nan,nan,10.0
110023,民生转债,2013-03-15,600016,民生银行,3.44,nan,nan,200.0
128001,泰尔转债,2013-01-09,002347,泰尔股份,6.04,nan,nan,3.2
127001,海直转债,2012-12-19,000099,中信海直,13.69,nan,nan,6.5
110022,同仁转债,2012-12-04,600085,同仁堂,24.35,nan,nan,12.05
110020,南山转债,2012-10-16,600219,南山铝业,4.83,nan,nan,60.0
113003,重工转债,2012-06-04,601989,中国重工,nan,nan,nan,80.5015
110019,恒丰转债,2012-03-23,600356,恒丰纸业,8.81,nan,nan,4.5
110018,国电转债,2011-08-19,600795,国电电力,5.23,nan,nan,55.0
110017,中海转债,2011-08-01,600026,中远海能,18.61,nan,nan,39.5
129031,巨轮转2,2011-07-19,002031,巨轮智能,5.23,nan,nan,3.5
125089,深机转债,2011-07-15,000089,深圳机场,6.49,nan,nan,20.0
110016,川投转债,2011-03-21,600674,川投能源,15.55,nan,nan,21.0
110015,石化转债,2011-02-23,600028,中国石化,5.29,nan,nan,230.0
125887,中鼎转债,2011-02-11,000887,中鼎股份,21.04,nan,nan,3.0
110013,国投转债,2011-01-25,600886,国投电力,13.91,nan,nan,34.0
110012,海运转债,2011-01-07,600798,宁波海运,3.29,nan,nan,7.2
110011,歌华转债,2010-11-25,600037,歌华有线,7.07,nan,nan,16.0
126729,燕京转债,2010-10-15,000729,燕京啤酒,11.48,nan,nan,11.3
113002,工行转债,2010-08-31,601398,工商银行,7.82,nan,nan,250.0
128233,塔牌转债,2010-08-26,002233,塔牌集团,7.37,nan,nan,6.3
126630,铜陵转债,2010-07-15,000630,铜陵有色,6.76,nan,nan,20.0
113001,中行转债,2010-06-02,601988,中国银行,6.14,nan,nan,400.0
125731,美丰转债,2010-06-02,000731,四川美丰,6.25,nan,nan,6.5
110009,双良转债,2010-05-04,600481,双良节能,4.34,nan,nan,7.2
110008,王府转债,2009-10-19,600859,王府井,9.96,nan,nan,8.21
110007,博汇转债,2009-09-23,600966,博汇纸业,4.99,nan,nan,9.75
125969,安泰转债,2009-09-16,000969,安泰科技,17.15,nan,nan,7.5
110006,龙盛转债,2009-09-14,600352,浙江龙盛,12.81,nan,nan,12.5
110005,西洋转债,2009-09-03,600558,大西洋,4.92,nan,nan,2.65
110004,厦工转债,2009-08-28,600815,厦工股份,4.05,nan,nan,6.0
126019,09长虹债,2009-07-31,600839,四川长虹,7.02,nan,nan,30.0
126018,08江铜债,2008-09-22,600362,江西铜业,49.2,nan,nan,68.0
110003,新钢转债,2008-08-21,600782,新钢股份,2.86,nan,nan,27.6
126017,08葛洲债,2008-06-26,600068,葛洲坝,nan,nan,nan,13.9
126016,08宝钢债,2008-06-20,600019,宝钢股份,5.82,nan,nan,100.0
126015,08康美债,2008-05-08,600518,康美药业,1.4,nan,nan,9.0
126014,08国电债,2008-05-07,600795,国电电力,5.23,nan,nan,39.95
125528,柳工转债,2008-04-18,000528,柳工,7.95,nan,nan,8.0
110002,南山转债,2008-04-18,600219,南山铝业,4.83,nan,nan,28.0
126013,08青啤债,2008-04-02,600600,青岛啤酒,50.99,nan,nan,15.0
110368,五洲转债,2008-02-29,600368,五洲交通,4.25,nan,nan,5.4
126012,08上港债,2008-02-20,600018,上港集团,5.18,nan,nan,24.5
126011,08石化债,2008-02-20,600028,中国石化,5.29,nan,nan,300.0
115003,中兴债1,2008-01-30,000063,中兴通讯,33.96,nan,nan,40.0
126009,08赣粤债,2008-01-28,600269,赣粤高速,3.83,nan,nan,12.0
126010,08中远债,2008-01-28,600428,中远海特,10.98,nan,nan,10.5
125572,海马转债,2008-01-16,000572,海马汽车,3.92,nan,nan,8.2
110598,大荒转债,2007-12-19,600598,北大荒,13.56,nan,nan,15.0
126008,08上汽债,2007-12-19,600104,上汽集团,10.24,nan,nan,63.0
125709,唐钢转债,2007-12-14,000709,河钢股份,2.13,nan,nan,30.0
126007,07日照债,2007-11-27,600017,日照港,2.92,nan,nan,8.8
110227,赤化转债,2007-10-10,600227,赤天化,4.16,nan,nan,4.5
126006,07深高债,2007-10-09,600548,深高速,8.23,nan,nan,15.0
110971,恒源转债,2007-09-24,600971,恒源煤电,8.96,nan,nan,4.0
110567,山鹰转债,2007-09-05,600567,山鹰国际,1.36,nan,nan,4.7
110026,中海转债,2007-07-02,600026,中远海能,18.61,nan,nan,20.0
