date,code,open,high,low,close,preclose,volume,amount,turn,tradestatus,pctChg,peTTM,pbMRQ,psTTM,pcfNcfTTM,isST
2025-06-20,sh.603400,61.0000,69.6500,53.5900,53.8700,19.8800,15938557,1003135777.2600,81.329000,1,170.975900,33.638683,6.914112,4.119240,52.428852,0
2025-06-23,sh.603400,46.1500,50.2300,46.1500,47.1100,53.8700,12689369,601112175.0000,64.749500,1,-12.548700,29.417456,6.046479,3.602327,45.849698,0
2025-06-24,sh.603400,46.9600,56.8000,46.8800,49.9300,47.1100,13719465,691524197.7600,70.005800,1,5.986000,31.178382,6.408420,3.817962,48.594256,0
2025-06-25,sh.603400,48.0000,97.0000,47.6500,78.8100,49.9300,17077914,990280270.8200,87.142800,1,57.841000,49.212263,10.115113,6.026309,76.701649,0
2025-06-26,sh.603400,60.5100,73.6600,58.8000,58.8000,78.8100,15431274,1002944656.1700,78.740500,1,-25.390200,36.717181,7.546868,4.496219,57.226963,0
2025-06-27,sh.603400,54.9200,60.4100,54.0000,57.8400,58.8000,11131586,628979242.2100,56.800700,1,-1.632700,36.117717,7.423654,4.422811,56.292645,0
2025-06-30,sh.603400,56.0000,59.8900,56.0000,57.3800,57.8400,8632453,499846803.4300,44.048500,1,-0.795300,35.830474,7.364613,4.387636,55.844951,0
2025-07-01,sh.603400,57.5800,58.1000,55.6600,55.8000,57.3800,6615273,374507910.2000,33.755500,1,-2.753600,34.843856,7.161824,4.266820,54.307220,0
2025-07-02,sh.603400,55.2300,55.5000,53.4600,53.6200,55.8000,5180843,280964936.5800,26.436100,1,-3.906800,33.482572,6.882025,4.100123,52.185540,0
2025-07-03,sh.603400,53.8200,54.6900,53.1600,53.4000,53.6200,3493167,187930640.2100,17.824400,1,-0.410300,33.345195,6.853788,4.083300,51.971426,0
2025-07-04,sh.603400,53.2000,53.4000,52.3100,52.5300,53.4000,3003824,158292216.4600,15.327500,1,-1.629200,32.801931,6.742125,4.016775,51.124700,0
2025-07-07,sh.603400,52.4400,53.0800,52.3800,52.8600,52.5300,2024922,106809884.8200,10.332500,1,0.628200,33.007997,6.784480,4.042009,51.445872,0
2025-07-08,sh.603400,52.6900,53.3800,52.6900,53.3100,52.8600,2945786,156298459.4800,15.031300,1,0.851300,33.288995,6.842237,4.076419,51.883833,0
2025-07-09,sh.603400,53.4600,53.5100,52.3600,52.5800,53.3100,2583176,136930506.9100,13.181100,1,-1.369300,32.833153,6.748543,4.020598,51.173362,0
2025-07-10,sh.603400,52.2700,52.3100,51.8100,52.2000,52.5800,2069057,107700396.3700,10.557700,1,-0.722700,32.595865,6.699770,3.991541,50.803528,0
2025-07-11,sh.603400,52.1300,52.1300,51.1300,51.7500,52.2000,2150083,110905086.4900,10.971100,1,-0.862100,32.314866,6.642014,3.957131,50.365567,0
2025-07-14,sh.603400,51.6500,52.4600,51.5000,52.2600,51.7500,1530789,79950387.8300,7.811100,1,0.985500,32.633331,6.707471,3.996129,50.861923,0
2025-07-15,sh.603400,52.0800,52.1800,51.1000,51.3600,52.2600,1912692,98513794.4900,9.759800,1,-1.722200,32.071334,6.591958,3.927309,49.986000,0
2025-07-16,sh.603400,51.1100,52.2500,51.1100,52.0600,51.3600,1934049,100355784.0200,9.868800,1,1.362900,32.508443,6.681802,3.980836,50.667274,0
2025-07-17,sh.603400,52.2500,52.4000,51.6900,51.9000,52.0600,1930895,100536483.3500,9.852700,1,-0.307300,32.408532,6.661266,3.968601,50.511554,0
2025-07-18,sh.603400,51.9000,52.2700,51.6500,51.9000,51.9000,1484616,76968509.2000,7.575500,1,0.000000,32.408532,6.661266,3.968601,50.511554,0
2025-07-21,sh.603400,51.9900,52.7000,51.8000,52.5300,51.9000,2047820,107264469.6800,10.449300,1,1.213900,32.801931,6.742125,4.016775,51.124700,0
2025-07-22,sh.603400,52.5300,52.6000,51.9100,52.2200,52.5300,1776796,92594722.8000,9.066400,1,-0.590100,32.608354,6.702337,3.993070,50.822993,0
2025-07-23,sh.603400,52.2700,52.2700,51.5000,51.6700,52.2200,1564386,81133925.2600,7.982500,1,-1.053200,32.264911,6.631746,3.951014,50.287707,0
2025-07-24,sh.603400,51.6500,51.9600,51.6000,51.9500,51.6700,1151624,59677738.9200,5.876300,1,0.541900,32.439754,6.667683,3.972424,50.560216,0
2025-07-25,sh.603400,51.9500,52.1600,51.7400,51.9800,51.9500,1285094,66785359.4200,6.557400,1,0.057700,32.458488,6.671534,3.974718,50.589414,0
2025-07-28,sh.603400,52.0800,53.0000,51.9800,52.6100,51.9800,2377167,124664225.3300,12.129900,1,1.212000,32.851886,6.752393,4.022892,51.202560,0
2025-07-29,sh.603400,52.5200,56.1900,52.3300,54.9700,52.6100,6430875,352161274.1500,32.814600,1,4.485800,34.325569,7.055295,4.203353,53.499424,0
2025-07-30,sh.603400,54.9400,56.1200,53.5000,54.0800,54.9700,4568331,250117227.0900,23.310600,1,-1.619100,33.769816,6.941065,4.135298,52.633234,0
2025-07-31,sh.603400,53.5500,54.1000,52.8200,53.0800,54.0800,2731936,145882948.4000,13.940100,1,-1.849100,33.145374,6.812717,4.058831,51.659986,0
2025-08-01,sh.603400,52.9000,55.4500,52.6100,55.1000,53.0800,4989491,273716166.6700,25.459700,1,3.805600,34.406746,7.071980,4.213293,53.625947,0
2025-08-04,sh.603400,55.1100,55.3500,54.2000,55.0000,55.1000,2810701,153706496.0300,14.342000,1,-0.181500,34.344302,7.059145,4.205647,53.528622,0
2025-08-05,sh.603400,55.1000,60.5000,54.9500,60.5000,55.0000,7647646,445798478.6300,39.023300,1,10.000000,37.778732,7.765060,4.626211,58.881484,0
2025-08-06,sh.603400,60.5200,66.3000,60.5100,63.0000,60.5000,10752000,680252766.1000,54.863800,1,4.132200,39.339837,8.085930,4.817377,61.314603,0
2025-08-07,sh.603400,61.2800,68.5000,61.1600,66.8200,63.0000,8746743,562696296.4300,44.631700,1,6.063500,41.725205,8.576219,5.109478,65.032409,0
2025-08-08,sh.603400,68.0000,68.0000,62.9900,64.1800,66.8200,6400609,410384722.5600,32.660100,1,-3.950900,40.076678,8.237381,4.907607,62.463035,0
2025-08-11,sh.603400,63.0200,63.2300,61.4000,62.1600,64.1800,4561860,283264674.4000,23.277600,1,-3.147400,38.815306,7.978117,4.753145,60.497075,0
2025-08-12,sh.603400,62.5000,64.5000,61.6100,62.8800,62.1600,4630644,293472520.0900,23.628600,1,1.158300,39.264904,8.070528,4.808201,61.197813,0
2025-08-13,sh.603400,62.2000,62.2000,60.6000,61.5300,62.8800,4400824,269496767.6800,22.455900,1,-2.146900,38.421907,7.897258,4.704972,59.883929,0
2025-08-14,sh.603400,61.5400,61.7900,59.0000,59.1500,61.5300,4234530,255395130.4200,21.607400,1,-3.868000,36.935736,7.591790,4.522982,57.567600,0
2025-08-15,sh.603400,58.7800,60.6000,58.7800,60.4300,59.1500,2716308,163658714.3500,13.860400,1,2.164000,37.735021,7.756075,4.620859,58.813357,0
2025-08-18,sh.603400,61.2000,64.9800,61.1100,63.9000,60.4300,6076079,385199400.3100,31.004200,1,5.742200,39.434814,5.055549,4.624351,11.219672,0
2025-08-19,sh.603400,63.9000,68.3000,62.0000,66.4800,63.9000,6203100,400357057.2900,31.652300,1,4.037600,41.027018,5.259670,4.811062,11.672673,0
2025-08-20,sh.603400,66.5000,72.2000,64.4800,70.0000,66.4800,6434172,445715362.6800,32.831400,1,5.294800,43.199327,5.538160,5.065799,12.290721,0
2025-08-21,sh.603400,70.9800,70.9800,66.1500,66.1600,70.0000,4858685,329117221.6000,24.792200,1,-5.485700,40.829535,5.234353,4.787904,11.616487,0
2025-08-22,sh.603400,64.7000,67.3000,64.7000,67.0000,65.7600,3060033,202360628.4700,15.614300,1,1.885600,41.347927,5.300811,4.848693,11.763975,0
2025-08-25,sh.603400,67.5100,73.4500,66.0000,71.7500,67.0000,5992376,416077864.4000,30.577100,1,7.089600,44.279310,5.676614,5.192444,12.597989,0
2025-08-26,sh.603400,70.1300,72.8700,70.0100,70.2900,71.7500,4425065,314323334.8100,22.579600,1,-2.034800,43.378296,5.561104,5.086786,12.341639,0
2025-08-27,sh.603400,70.2300,71.0000,66.9800,67.0000,70.2900,3885303,268771530.6300,19.825400,1,-4.680600,41.347927,5.300811,4.848693,11.763975,0
2025-08-28,sh.603400,67.0000,70.2800,66.8000,69.1500,67.0000,4079078,279854644.2500,20.814100,1,3.209000,42.674764,5.470911,5.004286,12.141476,0
2025-08-29,sh.603400,69.0700,69.0700,67.0100,67.1500,69.1500,2614166,176247361.2600,13.339200,1,-2.892300,41.440497,5.312678,4.859549,11.790313,0
2025-09-01,sh.603400,67.3000,67.4500,66.0800,66.7000,67.1500,1850931,123216619.7500,9.444700,1,-0.670100,41.162787,5.277076,4.826983,11.711301,0
2025-09-02,sh.603400,66.5000,66.7000,63.1700,63.8800,66.7000,2580720,165869642.9300,13.168500,1,-4.227900,39.422471,5.053967,4.622903,11.216160,0
2025-09-03,sh.603400,63.8900,65.0000,63.5000,63.7000,63.8800,1620000,104131799.0000,8.266300,1,-0.281800,39.311388,5.039726,4.609877,11.184556,0
2025-09-04,sh.603400,64.2300,65.7700,62.6200,64.8800,63.7000,2156428,139560961.4200,11.003500,1,1.852400,40.039605,5.133084,4.695272,11.391742,0
2025-09-05,sh.603400,65.9900,69.3000,65.3500,69.3000,64.8800,3695058,250036623.3300,18.854600,1,6.812600,42.767334,5.482779,5.015141,12.167813,0
2025-09-08,sh.603400,70.0000,70.0000,67.5000,68.1500,69.3000,2426788,165161890.8600,12.383100,1,-1.659500,42.057630,5.391795,4.931917,11.965894,0
2025-09-09,sh.603400,67.6100,67.6100,66.2100,66.3100,68.1500,1898650,126686228.1900,9.688200,1,-2.699900,40.922105,5.246220,4.798759,11.642824,0
2025-09-10,sh.603400,66.8000,66.9800,64.7900,65.3800,66.3100,1598199,104986305.7700,8.155100,1,-1.402500,40.348171,5.172642,4.731456,11.479533,0
2025-09-11,sh.603400,65.3800,66.6400,64.1000,66.5000,65.3800,1658789,108939937.1600,8.464200,1,1.713100,41.039361,5.261252,4.812509,11.676185,0
2025-09-12,sh.603400,66.5200,66.5200,64.6300,64.6700,66.5000,2061799,134361870.1100,10.520700,1,-2.751900,39.910007,5.116469,4.680075,11.354870,0
2025-09-15,sh.603400,65.1800,65.1800,63.0000,63.7700,64.6700,1443427,91886295.4700,7.365300,1,-1.391700,39.354587,5.045264,4.614943,11.196846,0
2025-09-16,sh.603400,63.7600,64.2800,63.2000,64.2500,63.7700,1122713,71726958.1400,5.728800,1,0.752700,39.650811,5.083240,4.649680,11.281126,0
2025-09-17,sh.603400,64.3000,64.3100,63.4900,63.7000,64.2500,1026395,65469799.9100,5.237300,1,-0.856000,39.311388,5.039726,4.609877,11.184556,0
2025-09-18,sh.603400,63.7000,64.9500,63.2900,63.3000,63.7000,1852345,118873709.2200,9.451900,1,-0.627900,39.064534,5.008079,4.580930,11.114323,0
2025-09-19,sh.603400,63.3000,63.6500,60.9900,61.7200,63.3000,1940571,120524977.6800,9.902100,1,-2.496100,38.089464,4.883075,4.466587,10.836904,0
2025-09-22,sh.603400,61.8000,63.1600,61.6600,62.9300,61.7200,1318831,82345871.2800,6.729500,1,1.960500,38.836195,4.978806,4.554153,11.049358,0
2025-09-23,sh.603400,62.9300,62.9300,61.1600,62.4000,62.9300,1524230,94486489.9600,7.777600,1,-0.842200,38.509114,4.936874,4.515798,10.956300,0
2025-09-24,sh.603400,62.4000,64.9400,61.8300,64.3200,62.4000,2206273,141538361.8000,11.257900,1,3.076900,39.694010,5.088778,4.654746,11.293416,0
2025-09-25,sh.603400,63.6600,64.8500,63.6600,64.0500,64.3200,1426189,91650797.9200,7.277400,1,-0.419800,39.527384,5.067417,4.635206,11.246009,0
2025-09-26,sh.603400,63.7700,64.2600,61.8000,61.8600,64.0500,1475038,92634267.2600,7.526600,1,-3.419200,38.175862,4.894151,4.476719,10.861485,0
2025-09-29,sh.603400,61.8100,62.4900,61.3000,61.9100,61.8600,739400,45760818.3800,3.772900,1,0.080800,38.206719,4.898107,4.480337,10.870264,0
2025-09-30,sh.603400,61.9900,62.4600,61.1800,61.2200,61.9100,1087769,66899657.2700,5.550500,1,-1.114500,37.780897,4.843517,4.430403,10.749113,0
2025-10-09,sh.603400,61.0400,61.6400,61.0000,61.4300,61.2200,945064,57936632.0600,4.822300,1,0.343000,37.910495,4.860131,4.445601,10.785985,0
2025-10-10,sh.603400,61.2600,63.2000,60.6600,62.1800,61.4300,1054120,65644797.9600,5.378800,1,1.220900,38.373345,4.919469,4.499877,10.917672,0
2025-10-13,sh.603400,59.7200,61.0000,59.2000,60.4200,62.1800,1093713,65734063.9100,5.580800,1,-2.830500,37.287190,4.780224,4.372508,10.608648,0
2025-10-14,sh.603400,60.2900,61.1800,58.3200,58.4000,60.4200,1031000,61776532.6400,5.260800,1,-3.343300,36.040581,4.620408,4.226324,10.253973,0
2025-10-15,sh.603400,58.6000,59.1500,57.4000,58.9800,58.4000,915168,53328789.3700,4.669800,1,0.993200,36.398519,4.666296,4.268298,10.355810,0
2025-10-16,sh.603400,59.4900,61.9000,59.2800,60.0600,58.9800,1487072,90599176.3600,7.588000,1,1.831100,37.065022,4.751742,4.346456,10.545438,0
2025-10-17,sh.603400,59.7500,60.2100,57.4500,57.4700,60.0600,1159824,67714902.7600,5.918200,1,-4.312400,35.466647,4.546830,4.159021,10.090682,0
2025-10-20,sh.603400,57.8400,58.2200,57.3200,57.6000,57.4700,533997,30811700.7000,2.724800,1,0.226200,35.546875,4.557115,4.168429,10.113507,0
2025-10-21,sh.603400,57.3300,58.1900,57.2200,58.0600,57.6000,568100,32794601.0000,2.898800,1,0.798600,35.830756,4.593508,4.201718,10.194275,0
2025-10-22,sh.603400,58.0000,59.0000,57.4200,58.3100,58.0600,646600,37802246.0000,3.299400,1,0.430600,35.985039,4.613288,4.219811,10.238170,0
2025-10-23,sh.603400,58.5000,59.7400,57.8300,59.6300,58.3100,996070,58681676.8400,5.082600,1,2.263800,36.799655,4.717721,4.315337,10.469938,0
2025-10-24,sh.603400,59.6600,59.7300,59.0600,59.6000,59.6300,675916,40206673.6000,3.449000,1,-0.050300,36.781141,4.715348,4.313166,10.464671,0
2025-10-27,sh.603400,59.7000,60.3500,59.7000,60.0300,59.6000,815107,48981338.2000,4.159200,1,0.721500,37.046509,4.749368,4.344285,10.540171,0
2025-10-28,sh.603400,59.7700,59.8800,58.2500,58.3700,60.0300,1219900,71878621.0000,6.224700,1,-2.765300,35.973174,4.635734,4.110331,20.247232,0
2025-10-29,sh.603400,58.4500,58.7000,57.3900,58.0900,58.3700,857908,49625227.8800,4.377600,1,-0.479700,35.800611,4.613497,4.090614,20.150107,0
2025-10-30,sh.603400,58.2300,58.2300,56.7000,56.9900,58.0900,946400,54206635.0000,4.829200,1,-1.893600,35.122686,4.526135,4.013153,19.768542,0
2025-10-31,sh.603400,56.5100,57.4500,56.5100,57.1900,56.9900,590623,33718677.5300,3.013700,1,0.350900,35.245945,4.542019,4.027237,19.837917,0
2025-11-03,sh.603400,57.1800,57.4600,56.5400,57.4000,57.1900,561924,32062483.3100,2.867300,1,0.367200,35.375367,4.558697,4.042025,19.910761,0
2025-11-04,sh.603400,57.3900,57.4900,56.1700,56.4400,57.4000,591612,33554633.0000,3.018800,1,-1.672500,34.783723,4.482454,3.974423,19.577759,0
2025-11-05,sh.603400,56.2600,56.8800,55.7600,56.8300,56.4400,640163,36081782.7900,3.266500,1,0.691000,35.024079,4.513428,4.001886,19.713041,0
2025-11-06,sh.603400,56.7300,57.1800,56.4500,57.0500,56.8300,574461,32684728.4300,2.931300,1,0.387100,35.159664,4.530900,4.017379,19.789354,0
2025-11-07,sh.603400,57.1400,57.2000,56.4000,56.5200,57.0500,460541,26119061.7300,2.350000,1,-0.929000,34.833027,4.488808,3.980057,19.605509,0
2025-11-10,sh.603400,56.8000,56.9500,55.7000,56.1800,56.5200,740875,41534254.7400,3.780400,1,-0.601600,34.623486,4.461805,3.956114,19.487571,0
2025-11-11,sh.603400,56.2500,56.4800,55.2200,55.4700,56.1800,798788,44520894.5200,4.075900,1,-1.263800,34.185916,4.405417,3.906117,19.241288,0
2025-11-12,sh.603400,55.4600,55.5700,54.5500,55.0500,55.4700,654424,35958052.4800,3.339300,1,-0.757200,33.927072,4.372061,3.876541,19.095599,0
2025-11-13,sh.603400,55.2100,55.4900,54.8000,55.4600,55.0500,654000,36092532.0000,3.337100,1,0.744800,34.179754,4.404623,3.905413,19.237819,0
2025-11-14,sh.603400,55.3000,60.8800,54.8900,58.8700,55.4600,2872648,167750900.4800,14.658100,1,6.148600,36.281322,4.675444,4.145540,20.420671,0
2025-11-17,sh.603400,58.1100,59.1800,56.7300,58.3900,58.8700,1508605,87537813.6400,7.697900,1,-0.815400,35.985500,4.637323,4.111739,20.254170,0
2025-11-18,sh.603400,58.3900,60.6000,57.8800,59.5000,58.3900,1858297,110426459.4200,9.482300,1,1.901000,36.669588,4.725479,4.189904,20.639204,0
2025-11-19,sh.603400,59.5600,59.6700,57.6600,58.1500,59.5000,1016691,59350825.3400,5.187800,1,-2.268900,35.837589,4.618262,4.094839,20.170919,0
2025-11-20,sh.603400,58.4200,58.4200,55.9000,56.3300,58.1500,897009,51125839.6500,4.577100,1,-3.129800,34.715931,4.473718,3.966677,19.539602,0
2025-11-21,sh.603400,55.9000,55.9000,52.9100,52.9600,56.3300,1121376,60837647.5200,5.722000,1,-5.982600,32.639015,4.206073,3.729367,18.370626,0
2025-11-24,sh.603400,52.9600,53.9300,52.5000,53.6400,52.9600,708143,37659944.8400,3.613400,1,1.284000,33.058096,4.260079,3.777251,18.606502,0
2025-11-25,sh.603400,53.7500,54.3000,53.4500,53.6000,53.6400,773672,41621817.0400,3.947800,1,-0.074600,33.033444,4.256902,3.774435,18.592627,0
2025-11-26,sh.603400,53.4000,53.7600,52.8500,52.8700,53.6000,726900,38729926.0000,3.709100,1,-1.361900,32.583548,4.198925,3.723029,18.339407,0
2025-11-27,sh.603400,52.8700,53.4500,52.5500,52.9300,52.8700,562646,29879838.2200,2.871000,1,0.113500,32.620526,4.203691,3.727254,18.360219,0
2025-11-28,sh.603400,53.4900,54.5900,53.0100,53.7600,52.9300,648912,34801339.6400,3.311200,1,1.568100,33.132051,4.269609,3.785702,18.648128,0
2025-12-01,sh.603400,53.7600,54.5000,53.7600,54.1800,53.7600,675801,36595346.2300,3.448400,1,0.781300,33.390895,4.302965,3.815277,18.793816,0
2025-12-02,sh.603400,54.3000,54.3000,53.5000,53.6400,54.1800,395295,21248508.0500,2.017100,1,-0.996700,33.058096,4.260079,3.777251,18.606502,0
2025-12-03,sh.603400,53.6300,53.9800,52.7500,53.0000,53.6400,527300,28001243.0000,2.690600,1,-1.193100,32.663666,4.209250,3.732183,18.384501,0
2025-12-04,sh.603400,53.0000,53.5800,52.5300,53.1800,53.0000,517292,27457285.1600,2.639600,1,0.339600,32.774600,4.223546,3.744859,18.446939,0
2025-12-05,sh.603400,53.1800,53.2200,52.0900,52.7700,53.1800,838667,44097487.6500,4.279400,1,-0.771000,32.521918,4.190983,3.715987,18.304719,0
2025-12-08,sh.603400,52.7800,53.3900,52.7800,53.2300,52.7700,657951,34982288.0600,3.357300,1,0.871700,32.805414,4.227517,3.748380,18.464283,0
2025-12-09,sh.603400,53.1900,53.7000,52.6900,52.7300,53.2300,562332,29817596.1000,2.869400,1,-0.939300,32.497267,4.187807,3.713170,18.290844,0
2025-12-10,sh.603400,52.7300,52.9800,52.3000,52.8700,52.7300,383812,20198788.7200,1.958500,1,0.265500,32.583548,4.198925,3.723029,18.339407,0
2025-12-11,sh.603400,53.0800,53.1000,52.1800,52.1800,52.8700,441200,23186774.0000,2.251300,1,-1.305100,32.158304,4.144126,3.674440,18.100061,0
2025-12-12,sh.603400,52.0800,53.1300,51.7600,52.6900,52.1800,612016,32204819.7200,3.122900,1,0.977400,32.472615,4.184630,3.710354,18.276969,0
2025-12-15,sh.603400,53.1000,53.1000,52.0700,52.2300,52.6900,365448,19143586.5600,1.864800,1,-0.873000,32.189119,4.148097,3.677961,18.117405,0
2025-12-16,sh.603400,52.1900,52.2000,50.5300,50.9100,52.2300,704222,35924704.6400,3.593400,1,-2.527300,31.375609,4.043263,3.585009,17.659527,0
2025-12-17,sh.603400,50.8700,51.2400,50.3000,51.0900,50.9100,653666,33211422.4600,3.335400,1,0.353600,31.486542,4.057558,3.597684,17.721965,0
2025-12-18,sh.603400,51.0600,51.9300,50.8200,51.2500,51.0900,552165,28386984.8400,2.817500,1,0.313200,31.585149,4.070265,3.608951,17.777465,0
2025-12-19,sh.603400,51.1000,51.8000,51.1000,51.6400,51.2500,498348,25701199.7600,2.542900,1,0.761000,31.825504,4.101239,3.636414,17.912748,0
2025-12-22,sh.603400,51.6000,52.7900,51.3000,52.7900,51.6400,1001946,52335665.6700,5.009700,1,2.227000,32.534244,4.192572,3.717396,18.311657,0
2025-12-23,sh.603400,52.5100,52.8500,51.8800,51.8800,52.7900,602424,31437972.9300,3.012100,1,-1.723800,31.973415,4.120300,3.653315,17.995998,0
2025-12-24,sh.603400,51.8800,52.4000,51.8100,52.1700,51.8800,508042,26531715.9700,2.540200,1,0.559000,32.152141,4.143332,3.673736,18.096593,0
2025-12-25,sh.603400,52.2900,53.2100,52.1000,53.1600,52.1700,818428,43167978.6900,4.092100,1,1.897600,32.762274,4.221957,3.743450,18.440001,0
2025-12-26,sh.603400,53.1000,53.2400,52.3500,52.6300,53.1600,735752,38826736.6900,3.678800,1,-0.997000,32.435637,4.179865,3.706129,18.256156,0
2025-12-29,sh.603400,52.6300,52.8100,52.2500,52.4000,52.6300,506024,26547007.4500,2.530100,1,-0.437000,32.293889,4.161598,3.689932,18.176374,0
2025-12-30,sh.603400,52.0000,52.7800,52.0000,52.5500,52.4000,435271,22859087.0600,2.176400,1,0.286300,32.386333,4.173511,3.700495,18.228406,0
2025-12-31,sh.603400,52.5500,52.8700,51.8400,52.2900,52.5500,467326,24402770.3600,2.336600,1,-0.494800,32.226097,4.152862,3.682186,18.138218,0
2026-01-05,sh.603400,52.2900,55.4600,52.0200,54.7700,52.2900,2182463,118558298.2300,10.912300,1,4.742800,33.754510,4.349823,3.856824,18.998474,0
2026-01-06,sh.603400,55.1300,55.2200,53.9500,54.5200,54.7700,1253589,68230351.3200,6.267900,1,-0.456500,33.600436,4.329968,3.839220,18.911754,0
2026-01-07,sh.603400,54.5300,54.7300,54.0400,54.2100,54.5200,765715,41600262.0500,3.828600,1,-0.568600,33.409384,4.305348,3.817390,18.804222,0
2026-01-08,sh.603400,54.0000,54.6500,53.9300,54.2200,54.2100,734152,39892502.3300,3.670800,1,0.018400,33.415547,4.306142,3.818094,18.807691,0
2026-01-09,sh.603400,54.5400,55.2000,54.1300,55.0000,54.2200,1315335,71978275.7600,6.576700,1,1.438600,33.896258,4.368090,3.873021,19.078256,0
2026-01-12,sh.603400,55.0300,55.2100,54.2000,55.2100,54.5000,1194130,65317053.7400,5.970700,1,1.302800,34.025680,4.384768,3.887808,19.151100,0
2026-01-13,sh.603400,55.1900,57.8700,54.8100,56.6800,55.2100,2415171,137793601.2800,12.075900,1,2.662600,34.931634,4.501515,3.991324,19.661010,0
2026-01-14,sh.603400,58.0000,58.0000,55.0000,55.8800,56.6800,1886671,106760257.5400,9.433400,1,-1.411400,34.438598,4.437979,3.934989,19.383508,0
2026-01-15,sh.603400,55.1000,56.2800,55.1000,56.2200,55.8800,685553,38341734.7600,3.427800,1,0.608400,34.648138,4.464982,3.958931,19.501446,0
2026-01-16,sh.603400,56.5000,57.5000,56.1200,57.5000,56.2200,1396200,79740242.4900,6.981000,1,2.276800,35.436997,4.566639,4.049067,19.945449,0
2026-01-19,sh.603400,57.7500,57.8000,57.0000,57.3100,57.5000,931549,53365255.7900,4.657700,1,-0.330400,35.319900,4.551549,4.035687,19.879542,0
2026-01-20,sh.603400,57.4000,60.9500,56.4000,59.4500,57.3100,2716306,159998107.7200,13.581500,1,3.734100,36.638773,4.721508,4.186383,20.621860,0
2026-01-21,sh.603400,58.8000,59.2400,57.9000,59.0000,59.4500,1304303,76589523.2000,6.521500,1,-0.756900,36.361440,4.685769,4.154695,20.465765,0
2026-01-22,sh.603400,61.1700,63.3600,60.0700,60.1000,59.0000,3004370,185438881.4600,15.021900,1,1.864400,37.039365,4.773131,4.232155,20.847330,0
2026-01-23,sh.603400,60.0000,60.9500,58.9100,59.1500,60.1000,2200046,130925597.5200,11.000200,1,-1.580700,36.453884,4.697682,4.165258,20.517797,0
2026-01-26,sh.603400,59.1900,59.6900,58.3000,58.3300,59.1500,1338586,78690919.7700,6.692900,1,-1.386300,35.948522,4.632558,4.107514,20.233357,0
2026-01-27,sh.603400,58.0200,59.8500,56.7000,59.7000,58.3300,1452873,84918420.3300,7.264400,1,2.348700,36.792847,4.741363,4.203988,20.708579,0
2026-01-28,sh.603400,59.6800,60.6900,58.4000,58.9000,59.7000,1140564,67525072.0900,5.702800,1,-1.340000,36.299810,4.677827,4.147653,20.431077,0
2026-01-29,sh.603400,58.9000,59.3800,57.0700,57.0700,58.9000,971070,56430676.7800,4.855400,1,-3.107000,35.171989,4.532489,4.018787,19.796292,0
2026-01-30,sh.603400,57.4000,57.5300,56.3000,56.8000,57.0700,731051,41619676.3800,3.655300,1,-0.473100,35.005590,4.511045,3.999774,19.702635,0
2026-02-02,sh.603400,56.6500,58.0000,56.1900,56.2400,56.8000,691014,39496712.0000,3.455100,1,-0.985900,34.660464,4.466570,3.960340,19.508383,0
2026-02-03,sh.603400,56.4100,57.6800,56.1000,57.5100,56.2400,670935,38136852.3900,3.354700,1,2.258200,35.443160,4.567433,4.049771,19.948918,0
2026-02-04,sh.603400,57.0600,58.1500,57.0000,57.3300,57.5100,599977,34442691.3400,2.999900,1,-0.313000,35.332226,4.553138,4.037096,19.886480,0
2026-02-05,sh.603400,56.8300,57.8500,56.6600,57.4600,57.3300,643101,36751143.0700,3.215500,1,0.226800,35.412345,4.563462,4.046250,19.931574,0
2026-02-06,sh.603400,57.0000,57.7900,56.7200,57.0200,57.4600,507855,29046480.4500,2.539300,1,-0.765800,35.141175,4.528518,4.015266,19.778948,0
2026-02-09,sh.603400,57.6000,59.3000,57.4000,58.7600,57.0200,957792,55958703.2600,4.789000,1,3.051600,36.213529,4.666708,4.137794,20.382514,0
2026-02-10,sh.603400,58.5000,59.2800,58.3200,59.1500,58.7600,637973,37524178.0600,3.189900,1,0.663700,36.453884,4.697682,4.165258,20.517797,0
2026-02-11,sh.603400,59.2600,61.0000,59.0000,59.9400,59.1500,1729513,104086926.8000,8.647600,1,1.335600,36.940758,4.760423,4.220888,20.791830,0
2026-02-12,sh.603400,60.5000,60.5000,59.6600,60.1900,59.9400,956737,57614516.6100,4.783700,1,0.417100,37.094832,4.780278,4.238493,20.878549,0
2026-02-13,sh.603400,60.4000,61.2800,59.5000,60.9700,60.1900,1166891,70866207.6300,5.834500,1,1.295900,37.575542,4.842226,4.293419,21.149113,0
2026-02-24,sh.603400,61.1600,67.0700,60.7300,67.0700,60.9700,6017632,393846263.0700,30.088200,1,10.004900,41.334945,5.326687,4.722972,23.265065,0
2026-02-25,sh.603400,68.7000,71.2400,67.5100,69.5500,67.0700,5272787,366774783.3200,26.363900,1,3.697600,42.863358,5.523648,4.897610,24.125321,0
2026-02-26,sh.603400,69.3300,73.6600,69.3300,73.1800,69.5500,4252253,304013373.0800,21.261300,1,5.219300,45.100511,5.811942,5.153230,25.384486,0
2026-02-27,sh.603400,73.0000,74.2100,70.2700,74.0000,73.1800,3417826,246982427.6900,17.089100,1,1.120500,45.605874,5.877066,5.210973,25.668926,0
2026-03-02,sh.603400,72.9400,75.7200,72.0100,73.0500,74.0000,2070954,152386500.6000,10.354800,1,-1.283800,45.020393,5.801617,5.144075,25.339392,0
2026-03-03,sh.603400,73.0600,74.4700,69.0100,69.1900,73.0500,2817399,200279169.7200,14.087000,1,-5.284100,42.641492,5.495057,4.872260,24.000445,0
2026-03-04,sh.603400,68.7000,69.1900,67.0000,68.6000,69.1900,1708648,116750090.6200,8.543200,1,-0.852700,42.277878,5.448199,4.830713,23.795788,0
2026-03-05,sh.603400,69.5000,70.7000,68.5300,68.7100,68.6000,1555717,108168866.9800,7.778600,1,0.160300,42.345670,5.456935,4.838459,23.833944,0
2026-03-06,sh.603400,68.7000,71.2000,67.8700,71.0000,68.7100,1925632,134226386.7000,9.628200,1,3.332800,43.756987,5.638807,4.999717,24.628294,0
2026-03-09,sh.603400,69.3300,69.9400,67.0900,68.9000,71.0000,1621015,110718197.7400,8.105100,1,-2.957700,42.462766,5.472025,4.851838,23.899851,0
2026-03-10,sh.603400,69.9400,71.9500,69.0700,71.5000,68.9000,1571893,111399783.6600,7.859500,1,3.773600,44.065135,5.678516,5.034927,24.801732,0
2026-03-11,sh.603400,71.4400,72.3000,70.0100,71.0000,71.5000,1296820,92137376.1700,6.484100,1,-0.699300,43.756987,5.638807,4.999717,24.628294,0
2026-03-12,sh.603400,70.5500,72.0000,69.0100,69.6200,71.0000,1033471,72237537.5600,5.167400,1,-1.943700,42.906499,5.529207,4.902540,24.149603,0
2026-03-13,sh.603400,69.2400,69.7400,67.3000,67.3600,69.6200,1060453,72522901.7200,5.302300,1,-3.246200,41.513671,5.349718,4.743394,23.365660,0
2026-03-16,sh.603400,67.3500,71.0000,67.0900,70.6700,67.3600,2085151,145361773.1700,10.425800,1,4.913900,43.553610,5.612598,4.976479,24.513824,0
2026-03-17,sh.603400,70.1100,70.6900,67.3600,67.5900,70.6700,1329621,91522528.4900,6.648100,1,-4.358300,41.655419,5.367985,4.759590,23.445442,0
2026-03-18,sh.603400,67.2000,71.8800,67.1500,70.2800,67.5900,2199872,154373262.3300,10.999400,1,3.979900,43.313254,5.581624,4.949016,24.378542,0
2026-03-19,sh.603400,69.6900,69.8900,67.3000,67.5800,70.2800,1723221,117392098.1300,8.616100,1,-3.841800,41.649256,5.367191,4.758886,23.441973,0
2026-03-20,sh.603400,67.2500,69.0400,66.4900,67.5000,67.5800,1544226,104755500.7000,7.721100,1,-0.118400,41.599952,5.360837,4.753252,23.414223,0
2026-03-23,sh.603400,66.5900,67.4600,62.0000,63.0600,67.5000,2016239,129239560.5100,10.081200,1,-6.577800,38.863600,5.008213,4.440594,21.874087,0
2026-03-24,sh.603400,63.9300,65.8200,63.8000,65.7000,63.0600,1325098,86110009.0600,6.625500,1,4.186500,40.490620,5.217882,4.626499,22.789843,0
2026-03-25,sh.603400,66.6000,67.5400,65.3100,67.4200,65.7000,1264958,83968690.4500,6.324800,1,2.618000,41.550649,5.354484,4.747619,23.386473,0
2026-03-26,sh.603400,67.1000,67.3000,65.0500,65.7400,67.4200,704083,46480807.7200,3.520400,1,-2.491800,40.515272,5.221058,4.629316,22.803719,0
2026-03-27,sh.603400,64.9400,67.5000,64.7900,66.2700,65.7400,729087,48351007.0200,3.645400,1,0.806200,40.841909,5.263151,4.666638,22.987564,0
2026-03-30,sh.603400,66.0100,68.4900,65.6300,67.7500,66.2700,1018338,68749074.2400,5.091700,1,2.233300,41.754026,5.380692,4.770857,23.500942,0
2026-03-31,sh.603400,67.7500,69.4900,66.9200,67.0000,67.7500,965883,65581962.6900,4.829400,1,-1.107000,41.291805,5.321127,4.718043,23.240784,0
2026-04-01,sh.603400,68.0100,68.7700,66.7700,67.2600,67.0000,751120,50756887.1800,3.755600,1,0.388100,41.452042,5.341776,4.736352,23.330972,0
2026-04-02,sh.603400,67.2500,67.2500,65.2700,66.8900,67.2600,738125,48879340.4300,3.690600,1,-0.550100,41.224012,5.312391,4.710297,23.202627,0
2026-04-03,sh.603400,66.9000,66.9000,64.6700,64.7800,66.8900,517268,33751056.6500,2.586300,1,-3.154400,39.923628,5.144815,4.561714,22.470716,0
2026-04-07,sh.603400,65.0000,67.1000,64.7800,66.2400,64.7800,589360,38994501.2500,2.946800,1,2.253800,40.823420,5.260768,4.664525,22.977157,0
2026-04-08,sh.603400,67.4900,71.0000,67.3000,70.0000,66.2400,1865312,129196263.2900,9.326600,1,5.676300,43.140691,5.559387,4.929299,24.281416,0
2026-04-09,sh.603400,69.8900,69.8900,68.4100,69.0000,70.0000,872700,60338034.0300,4.363500,1,-1.428600,42.524396,5.479967,4.858880,23.934539,0
2026-04-10,sh.603400,69.9400,70.7300,68.9100,69.3900,69.0000,834455,58176569.7400,4.172300,1,0.565200,42.764751,5.510941,4.886344,24.069821,0
2026-04-13,sh.603400,69.1300,70.7500,68.5600,69.7000,69.3900,1057757,73839715.0200,5.288800,1,0.446800,42.955803,5.535561,4.908173,24.177353,0
2026-04-14,sh.603400,70.0100,70.4600,67.9200,69.1000,69.7000,998957,68909614.0700,4.994800,1,-0.860800,42.586025,5.487909,4.865922,23.969227,0
2026-04-15,sh.603400,69.1100,70.7000,68.1000,68.6000,69.1000,1286017,88961650.9700,6.430100,1,-0.723600,42.277878,5.448199,4.830713,23.795788,0
2026-04-16,sh.603400,68.6500,70.1500,68.2000,70.0200,68.6000,1055469,73465552.4400,5.277300,1,2.070000,43.153017,5.560975,4.930707,24.288354,0
2026-04-17,sh.603400,70.0000,70.6800,68.9600,69.8800,70.0200,1177963,82322534.0800,5.889800,1,-0.199900,43.066736,5.549856,4.920849,24.239791,0
2026-04-20,sh.603400,66.1000,68.8800,65.0000,67.6900,69.8800,2726299,182974756.5100,13.631500,1,-3.133900,60.877539,5.519766,4.633412,-94.032354,0
2026-04-21,sh.603400,67.9400,68.2900,65.9600,67.0900,67.6900,1251594,83645460.8000,6.258000,1,-0.886400,60.337925,5.470839,4.592341,-93.198857,0
2026-04-22,sh.603400,66.9800,67.9000,63.2200,66.9400,67.0900,2314643,151623766.5600,11.573200,1,-0.223600,60.203021,5.458607,4.582074,-92.990483,0
2026-04-23,sh.603400,66.6600,68.6700,65.4300,66.0600,66.9400,1429614,95368068.1600,7.148100,1,-1.314600,59.411586,5.386848,4.521838,-91.768021,0
2026-04-24,sh.603400,65.8300,66.2000,64.0800,65.3900,66.0600,1113546,72214342.0100,5.567700,1,-1.014200,58.809016,5.332213,4.475976,-90.837282,0
2026-04-27,sh.603400,65.3900,65.4500,63.7100,64.7900,65.3900,974661,62898457.2000,4.873300,1,-0.917600,58.269401,5.283286,4.434905,-90.003785,0
2026-04-28,sh.603400,64.7900,64.8100,63.1200,63.7900,64.7900,704075,44954652.6600,3.520400,1,-1.543400,57.370044,5.201741,4.366455,-88.614624,0
2026-04-29,sh.603400,63.5100,66.9500,63.5100,65.7400,63.7900,1109434,72665791.4400,5.547200,1,3.056900,59.123792,5.360754,4.499933,-91.323489,0
2026-04-30,sh.603400,65.7400,68.6500,65.2000,67.6900,65.7400,1640137,110095630.5000,8.200700,1,2.966200,60.877539,5.519766,4.633412,-94.032354,0
2026-05-06,sh.603400,68.5000,73.5500,68.1900,72.0200,67.6900,2647433,189584471.1200,13.237200,1,6.396800,64.771759,5.872855,4.929802,-100.047424,0
2026-05-07,sh.603400,72.1800,76.2700,72.0500,75.4500,72.0200,2455671,183019444.4200,12.278400,1,4.762600,67.856557,6.152553,5.164587,-104.812249,0
2026-05-08,sh.603400,76.9000,83.0000,75.8000,83.0000,75.4500,3647832,291901660.9000,18.239200,1,10.006600,74.646710,6.768217,5.681388,-115.300420,0
2026-05-11,sh.603400,86.7700,86.7700,78.0000,84.0200,83.0000,4625224,387379086.1200,23.126100,1,1.228900,75.564055,6.851392,5.751208,-116.717364,0
2026-05-12,sh.603400,85.0500,85.1000,80.0000,80.9900,84.0200,2589797,211905180.2600,12.949000,1,-3.606300,72.839000,6.604311,5.543803,-112.508205,0
2026-05-13,sh.603400,79.5300,81.3400,78.9700,80.3100,80.9900,1712462,137251820.6700,8.562300,1,-0.839600,72.227437,6.548861,5.497257,-111.563575,0
2026-05-14,sh.603400,80.3100,85.7400,80.3100,83.0400,80.3100,3203255,269895257.4700,16.016300,1,3.399300,74.682684,6.771478,5.684126,-115.355986,0
2026-05-15,sh.603400,84.7000,88.2000,83.3700,87.1200,83.0400,3132020,269777893.4400,15.660100,1,4.913300,78.352064,7.104181,5.963404,-121.023766,0
2026-05-18,sh.603400,87.1200,90.0000,85.2000,87.8400,87.1200,2536448,222972906.7400,12.682200,1,0.826400,78.999602,7.162893,6.012689,-122.023962,0
2026-05-19,sh.603400,86.0000,87.8300,84.0000,86.6800,87.8400,2071828,177542934.1900,10.359100,1,-1.320600,77.956347,7.068301,5.933286,-120.412535,0
2026-05-20,sh.603400,87.0000,89.3000,84.5000,87.3000,86.6800,2100992,181947057.8400,10.505000,1,0.715300,78.513949,7.118859,5.975725,-121.273815,0
2026-05-21,sh.603400,86.7900,87.0000,79.5200,80.4000,87.3000,2774539,231551084.3200,13.872700,1,-7.903800,72.308379,6.556200,5.503417,-111.688599,0
2026-05-22,sh.603400,80.5900,82.7300,79.1300,81.2000,80.4000,1880483,152064329.4200,9.402400,1,0.995000,73.027865,6.621436,5.558177,-112.799928,0
2026-05-25,sh.603400,82.6000,82.6900,77.1800,77.9000,81.2000,1946514,153323256.4600,9.732600,1,-4.064000,70.059984,6.352338,5.332291,-108.215695,0
2026-05-26,sh.603400,77.0000,77.4500,74.8600,76.7200,77.9000,1850879,140556521.2300,9.254400,1,-1.514800,68.998742,6.256115,5.251519,-106.576484,0
2026-05-27,sh.603400,76.1000,77.6800,71.4800,72.5000,76.7200,1856103,136648956.7300,9.280500,1,-5.500500,65.203451,5.911996,4.962658,-100.714222,0
2026-05-28,sh.603400,72.5500,72.5500,69.1800,70.8800,72.5000,1351621,95241788.5600,6.758100,1,-2.234500,63.746491,5.779894,4.851769,-98.463780,0
2026-05-29,sh.603400,71.0000,71.9600,68.4900,68.6100,70.8800,1318300,92473774.9600,6.591500,1,-3.202600,61.704949,5.594787,4.696386,-95.310383,0
2026-06-01,sh.603400,68.5000,69.4000,67.2600,67.4000,68.6100,974088,66513185.4000,4.870400,1,-1.763600,60.616726,5.496118,4.613561,-93.629497,0
2026-06-02,sh.603400,68.3100,68.3100,65.3100,66.5500,67.4000,812540,54143026.2900,4.062700,1,-1.261100,59.852271,5.426805,4.555378,-92.448710,0
2026-06-03,sh.603400,66.6200,69.0100,66.1400,68.8000,66.5500,994321,67479394.2600,4.971600,1,3.380900,61.875827,5.610281,4.709392,-95.574324,0
2026-06-04,sh.603400,69.3000,70.9700,68.3000,69.6100,68.8000,1506028,105265011.5200,7.530100,1,1.177300,62.604307,5.676332,4.764837,-96.699545,0
2026-06-05,sh.603400,68.7700,69.8000,67.5000,68.1800,69.6100,941079,64479468.4400,4.705400,1,-2.054300,61.318225,5.559723,4.666952,-94.713043,0
2026-06-08,sh.603400,65.5000,66.6700,61.5000,62.4100,68.1800,1435432,91590863.0600,7.177200,1,-8.462900,56.128930,5.089210,4.271993,-86.697581,0
2026-06-09,sh.603400,63.0300,63.6600,60.9000,62.1900,62.4100,1017428,62856963.6800,5.087100,1,-0.352500,55.931071,5.071270,4.256934,-86.391965,0
2026-06-10,sh.603400,61.5100,61.9800,58.0000,58.8600,62.1900,1221841,72678872.9700,6.109200,1,-5.354600,52.936209,4.799726,4.028994,-81.766057,0
2026-06-11,sh.603400,58.8600,60.0100,56.6600,58.8600,58.8600,1138395,65873212.4800,5.692000,1,0.000000,52.936209,4.799726,4.028994,-81.766057,0
2026-06-12,sh.603400,59.5000,60.6900,58.5900,59.0300,58.8600,780703,46533547.8600,3.903500,1,0.288800,53.089100,4.813588,4.040631,-82.002214,0
2026-06-15,sh.603400,59.7700,60.4200,58.4000,58.6800,59.0300,1029592,60825164.8000,5.148000,1,-0.592900,52.774324,4.785048,4.016673,-81.516007,0
2026-06-16,sh.603400,58.5000,61.1800,57.4000,59.3300,58.6800,1380412,81599062.3800,6.902100,1,1.107700,53.358907,4.838052,4.061166,-82.418963,0
2026-06-17,sh.603400,58.8800,63.1700,58.1800,61.0100,59.3300,2018940,123058909.9400,10.094700,1,2.831600,54.869828,4.975047,4.176163,-84.752754,0
2026-06-18,sh.603400,61.5000,63.2800,60.2000,61.5900,61.0100,1398300,86518844.0000,6.991500,1,0.950700,55.391456,5.022343,4.215864,-85.558468,0
2026-06-22,sh.603400,61.4400,63.1800,58.1100,58.4100,61.5900,2184651,130786350.2800,7.802300,1,-5.163200,52.531498,4.763030,3.998191,-81.140934,0
2026-06-23,sh.603400,58.5000,59.1900,57.4700,58.4100,58.4100,1808021,105358762.4700,6.457200,1,0.000000,52.531498,4.763030,3.998191,-81.140934,0
2026-06-24,sh.603400,58.4100,58.8800,56.8000,56.8800,58.4100,1113700,64028678.0000,3.977500,1,-2.619400,51.155480,4.638267,3.893462,-79.015516,0
2026-06-25,sh.603400,56.8600,57.3100,54.8600,55.5500,56.8800,1807240,100771189.4000,6.454400,1,-2.338300,49.959334,4.529812,3.802423,-77.167931,0
2026-06-26,sh.603400,55.4500,55.4500,52.8500,53.1500,55.5500,1608100,86691107.0000,5.743200,1,-4.320400,47.800875,4.334105,3.638142,-73.833943,0
2026-06-29,sh.603400,53.8900,54.0000,50.3000,53.1700,53.1500,1839188,95294791.0800,6.568500,1,0.037600,47.818862,4.335736,3.639511,-73.861727,0
2026-06-30,sh.603400,52.3900,55.8700,52.3900,54.0200,53.1700,1487900,80865317.3100,5.313900,1,1.598600,48.583316,4.405049,3.697694,-75.042514,0
2026-07-01,sh.603400,54.5000,55.6900,53.5500,54.1600,54.0200,1137200,61983458.3000,4.061400,1,0.259200,48.709226,4.416465,3.707277,-75.236997,0
2026-07-02,sh.603400,54.4000,55.9800,53.5900,54.1400,54.1600,1549700,85087563.1200,5.534600,1,-0.036900,48.691239,4.414834,3.705908,-75.209213,0
2026-07-03,sh.603400,54.2000,55.6600,53.6900,54.5400,54.1400,1139200,62516891.0000,4.068600,1,0.738800,49.050982,4.447452,3.733288,-75.764878,0
2026-07-06,sh.603400,55.1900,55.4100,52.8900,53.2000,54.5400,1134269,61074015.5600,4.051000,1,-2.456900,47.845843,4.338182,3.641565,-73.903401,0
2026-07-07,sh.603400,53.0000,53.7100,51.6000,51.8800,53.2000,880957,46061212.4500,3.146300,1,-2.481200,46.658690,4.230543,3.551210,-72.069708,0
2026-07-08,sh.603400,51.8800,52.2000,49.8900,49.8900,51.8800,960970,48479151.3500,3.432000,1,-3.835800,44.868968,4.068269,3.414994,-69.305276,0
2026-07-09,sh.603400,49.8900,51.4900,48.7700,51.3300,49.8900,1139358,56956403.6200,4.069100,1,2.886300,46.164043,4.185693,3.513562,-71.305669,0
2026-07-10,sh.603400,51.3900,52.9300,50.5100,51.1500,51.3300,1175700,60783401.0000,4.198900,1,-0.350700,46.002159,4.171015,3.501241,-71.055620,0
2026-07-13,sh.603400,51.1500,52.3400,48.6800,48.9200,51.1500,1175599,58782781.2200,4.198600,1,-4.359700,43.996591,3.989171,3.348597,-67.957789,0
2026-07-14,sh.603400,48.9200,49.1000,47.0900,48.9800,48.9200,1112802,53861187.2200,3.974300,1,0.122600,44.050552,3.994063,3.352704,-68.041139,0
2026-07-15,sh.603400,49.0000,50.2400,48.5000,49.8400,48.9800,923514,45615393.3300,3.298300,1,1.755800,44.824000,4.064192,3.411571,-69.235818,0
2026-07-16,sh.603400,49.2000,50.9700,48.9000,49.2100,49.8400,985432,49018293.1600,3.519400,1,-1.264000,44.257405,4.012818,3.368447,-68.360646,0
2026-07-17,sh.603400,49.0000,52.0000,47.1200,47.2800,49.2100,2093482,103228209.5700,7.476700,1,-3.922000,42.521644,3.855437,3.236338,-65.679564,0
2026-07-20,sh.603400,36.1900,36.5400,32.6600,33.0400,36.1900,2349119,81479750.1300,6.483900,1,-8.704100,38.578730,3.497933,2.936241,-59.589281,0
2026-07-21,sh.603400,32.7300,34.6600,30.9200,34.1900,33.0400,2203610,72653754.6600,6.082300,1,3.480600,39.921512,3.619683,3.038441,-61.663363,0
2026-07-22,sh.603400,33.9000,34.7500,33.6000,33.8500,34.1900,1464366,49815980.2400,4.041900,1,-0.994400,39.524516,3.583687,3.008225,-61.050156,0
2026-07-23,sh.603400,33.8600,37.2400,33.8500,37.2400,33.8500,4626657,168467410.8000,12.770200,1,10.014800,43.482806,3.942586,3.309492,-67.164189,0
2026-07-24,sh.603400,37.0000,40.5700,36.0700,39.9000,37.2400,6200603,243039215.2100,17.114500,1,7.142900,46.588720,4.224199,3.545885,-71.961631,0
2026-07-27,sh.603400,35.9500,42.0000,35.9100,38.9500,39.9000,8593357,318884256.4300,23.718800,1,-2.381000,45.479465,4.123623,3.461459,-70.248259,0
2026-07-28,sh.603400,37.0500,42.8500,36.2900,42.8500,38.9500,7926200,316575765.2100,21.877400,1,10.012800,50.033250,4.536514,3.808049,-77.282103,0
2026-07-29,sh.603400,43.0800,47.1400,43.0800,47.1400,42.8500,8543864,385986149.7200,23.582200,1,10.011700,55.042413,4.990695,4.189298,-85.019331,0
2026-07-30,sh.603400,45.1800,50.7300,43.5500,45.3000,47.1400,10757698,506935051.2200,29.692700,1,-3.903300,52.893961,4.795895,4.025779,-81.700799,0
2026-07-31,sh.603400,43.9000,45.3000,41.1200,42.9500,45.3000,7893626,340725521.6100,21.787500,1,-5.187600,50.150013,4.547101,3.816936,-77.462458,0
2026-08-03,sh.603400,42.0000,42.0100,39.6100,40.9400,42.9500,7083700,286510863.5000,19.552000,1,-4.679900,62.195988,4.469169,3.860821,-9.170195,0
2026-08-04,sh.603400,41.2000,45.0300,40.6000,45.0300,40.9400,9199895,401016014.8600,25.393000,1,9.990200,68.409510,4.915650,4.246526,-10.086318,0
2026-08-05,sh.603400,45.4700,46.7900,44.1800,44.9700,45.0300,9616716,433694295.4300,26.543500,1,-0.133200,68.318358,4.909100,4.240868,-10.072879,0
2026-08-06,sh.603400,44.1800,45.1000,43.7000,44.5400,44.9700,5935712,262745604.2000,16.383400,1,-0.956200,67.665103,4.862159,4.200317,-9.976563,0
2026-08-07,sh.603400,44.3700,44.9000,42.8600,43.5600,44.5400,5385188,234088138.2800,14.863900,1,-2.200300,66.176288,4.755179,4.107899,-9.757052,0
2026-08-10,sh.603400,44.1800,45.4000,42.5500,44.9700,43.5600,6069598,267873372.3400,16.752900,1,3.236900,68.318358,4.909100,4.240868,-10.072879,0
2026-08-11,sh.603400,45.6000,47.5700,45.1100,47.3500,44.9700,7711400,357315632.8300,21.284500,1,5.292400,71.934050,5.168910,4.465312,-10.605978,0
2026-08-12,sh.603400,46.0600,46.9000,44.6000,46.2500,47.3500,5287209,243140425.9600,14.593400,1,-2.323100,70.262932,5.048830,4.361578,-10.359588,0
2026-08-13,sh.603400,45.0500,46.0300,44.6000,44.6100,46.2500,3903841,176953264.4700,10.775100,1,-3.545900,67.771446,4.869801,4.206918,-9.992242,0
2026-08-14,sh.603400,44.1300,44.3900,42.2600,42.9800,44.6100,2934417,126527428.9300,8.099400,1,-3.653900,65.295153,4.691864,4.053202,-9.627137,0
2026-08-17,sh.603400,42.8500,43.7600,42.5500,43.7600,42.9800,2333520,101076278.6300,6.440800,1,1.814800,66.480128,4.777012,4.126760,-9.801850,0
2026-08-18,sh.603400,44.0000,48.1400,43.1000,48.1400,43.7600,7225713,340278492.9000,19.944000,1,10.009100,73.134217,5.255149,4.539813,-10.782931,0
2026-08-19,sh.603400,48.4400,49.5400,45.7700,47.0700,48.1400,8056863,378055161.5900,22.238100,1,-2.222700,71.508675,5.138344,4.438907,-10.543260,0
2026-08-20,sh.603400,46.9500,51.7800,46.4300,50.7800,47.0700,8803432,433333999.9800,24.298700,1,7.881900,77.144901,5.543342,4.788776,-11.374267,0
2026-08-21,sh.603400,49.0900,49.3300,46.0100,48.8500,50.7800,5399604,259977372.6200,14.903700,1,-3.800700,74.212848,5.332656,4.606769,-10.941964,0
2026-08-24,sh.603400,48.0000,48.5000,44.8800,45.4900,48.8500,4426297,204030052.0000,12.217200,1,-6.878200,69.108341,4.965865,4.289906,-10.189354,0
2026-08-25,sh.603400,45.0000,45.0000,42.4600,44.1000,45.4900,3558525,155709542.4900,9.822000,1,-3.055600,66.996655,4.814127,4.158823,-9.878007,0
2026-08-26,sh.603400,44.4200,47.5500,44.2900,46.5200,44.1000,4143244,189352264.7800,11.435900,1,5.487500,70.673116,5.078304,4.387040,-10.420065,0
2026-08-27,sh.603400,44.9900,46.3900,44.2000,45.6100,46.5200,3290989,149642164.9100,9.083600,1,-1.956100,69.290645,4.978965,4.301223,-10.216233,0
